PN,ATA,ALT_KATEGORI,AILE,MODEL,KRITIKLIK,ATOLYE,TEMIN_KANALI,LEAD_TIME_GUN,TALEP_2025,CEYREK_ORAN_2025_SBA,FILO_BUYUME_KATSAYISI,TALEP_2033_YILLIK,SERVIS_SEVIYESI_HEDEF,EMNIYET_STOGU,MIN_2025,MAX_2025,MIN_2033,MAX_2033,SCRAP_ORANI,SCRAP_2033_YILLIK,AOG_RISK_SKORU,ALARM_2033
PN-103281,72,ENGINE,BOEING,787-9,AOG KRİTİK,YOK,Yurtdışı tamir,54.0,28,7.0,3.75,102.3,0.98,8.0,10.0,17.0,24.0,50.0,0.107,11.0,87.3,True
PN-102604,72,ENGINE,BOEING,737 MAX 8,AOG KRİTİK,YOK,Satınalma,49.0,117,29.25,3.81,433.9,0.98,16.0,25.0,55.0,75.0,184.0,0.034,14.8,86.7,True
PN-103307,24,ELECTRICAL POWER,BOEING,737 MAX 8,AOG KRİTİK,YOK,Satınalma,45.0,50,12.5,3.81,186.3,0.98,10.0,13.0,26.0,33.0,80.0,0.06,11.2,85.7,True
PN-100406,32,LANDING GEAR,BOEING,787-9,AOG KRİTİK,YOK,Yurtdışı tamir,63.0,17,4.25,3.75,61.5,0.98,7.0,7.0,12.0,18.0,34.0,0.118,7.2,85.7,True
PN-104752,73,ENGINE FUEL AND CONTROL,BOEING,737 MAX 8,AOG KRİTİK,YOK,Yurtdışı tamir,65.0,13,3.25,3.81,48.1,0.98,7.0,7.0,11.0,16.0,29.0,0.154,7.4,85.4,True
PN-102942,72,ENGINE,BOEING,737 MAX 8,AOG KRİTİK,YOK,Yurtdışı tamir,43.0,89,22.25,3.81,326.8,0.98,13.0,18.0,41.0,52.0,134.0,0.056,18.4,85.2,True
PN-102566,73,ENGINE FUEL AND CONTROL,AIRBUS,A350-900,AOG KRİTİK,YOK,Satınalma,57.0,19,4.75,3.75,69.9,0.98,7.0,7.0,12.0,18.0,36.0,0.053,3.7,85.0,True
PN-104898,72,ENGINE,BOEING,787-9,AOG KRİTİK,YOK,Yurtdışı tamir,44.0,30,7.5,3.75,110.6,0.98,8.0,8.0,16.0,22.0,50.0,0.133,14.7,85.0,True
PN-101058,32,LANDING GEAR,AIRBUS,A350-900,KRİTİK,YOK,Yurtdışı tamir,97.0,75,18.75,3.75,278.0,0.95,15.0,28.0,47.0,89.0,159.0,0.133,37.1,84.6,True
PN-101730,73,ENGINE FUEL AND CONTROL,BOEING,787-9,AOG KRİTİK,YOK,Yurtdışı tamir,66.0,11,2.75,3.75,40.4,0.98,6.0,5.0,8.0,14.0,25.0,0.0,0.0,84.5,True
PN-103439,74,IGNITION,BOEING,737 MAX 8,AOG KRİTİK,YOK,Yurtdışı tamir,39.0,39,9.75,3.81,145.2,0.98,9.0,10.0,20.0,25.0,62.0,0.179,26.1,84.2,True
PN-100214,72,ENGINE,BOEING,737 MAX 8,AOG KRİTİK,YOK,Yurtdışı tamir,37.0,91,22.75,3.81,338.3,0.98,13.0,17.0,40.0,48.0,133.0,0.143,48.3,83.7,True
PN-104338,72,ENGINE,BOEING,787-9,AOG KRİTİK,YOK,Yurtdışı tamir,50.0,18,4.5,3.75,66.6,0.98,7.0,7.0,12.0,17.0,34.0,0.056,3.7,82.9,True
PN-104544,32,LANDING GEAR,BOEING,787-9,AOG KRİTİK,YOK,Satınalma,38.0,27,6.75,3.75,98.5,0.98,7.0,7.0,14.0,18.0,43.0,0.111,10.9,82.8,True
PN-101490,28,FUEL,BOEING,787-9,AOG KRİTİK,YOK,Yurtdışı tamir,35.0,70,17.5,3.75,260.2,0.98,11.0,13.0,31.0,36.0,102.0,0.2,52.0,82.7,True
PN-100319,72,ENGINE,BOEING,777-300ER,AOG KRİTİK,YOK,Yurtdışı tamir,101.0,51,12.75,1.67,83.0,0.98,10.0,23.0,36.0,33.0,54.0,0.098,8.1,82.6,False
PN-101212,32,LANDING GEAR,BOEING,787-9,AOG KRİTİK,YOK,Yurtdışı tamir,34.0,131,32.75,3.75,474.7,0.98,14.0,21.0,54.0,59.0,178.0,0.122,58.0,82.5,True
PN-102145,32,LANDING GEAR,BOEING,787-9,AOG KRİTİK,YOK,Satınalma,45.0,21,5.25,3.75,76.4,0.98,7.0,7.0,13.0,17.0,37.0,0.0,0.0,82.5,True
PN-102767,80,STARTING,BOEING,737 MAX 8,AOG KRİTİK,YOK,Yurtdışı tamir,31.0,41,10.25,3.81,152.3,0.98,8.0,8.0,19.0,21.0,60.0,0.171,26.0,82.1,True
PN-102042,72,ENGINE,BOEING,787-9,AOG KRİTİK,YOK,Satınalma,55.0,11,2.75,3.75,39.6,0.98,6.0,5.0,8.0,12.0,22.0,0.091,3.6,81.6,True
PN-101281,72,ENGINE,BOEING,737 MAX 8,AOG KRİTİK,YOK,Satınalma,39.0,20,5.0,3.81,75.0,0.98,6.0,7.0,12.0,15.0,34.0,0.05,3.7,81.3,True
PN-100003,32,LANDING GEAR,BOEING,737 MAX 8,AOG KRİTİK,YOK,Yurtdışı tamir,53.0,10,2.5,3.81,37.1,0.98,5.0,5.0,8.0,11.0,21.0,0.1,3.7,81.3,True
PN-100676,49,AIRBORNE AUXILIARY POWER (APU),BOEING,737 MAX 8,AOG KRİTİK,YOK,Yurtdışı tamir,47.0,14,3.5,3.81,52.8,0.98,6.0,5.0,9.0,13.0,27.0,0.0,0.0,81.2,True
PN-104068,72,ENGINE,AIRBUS,A350-900,AOG KRİTİK,YOK,Satınalma,28.0,46,11.5,3.75,169.7,0.98,8.0,8.0,20.0,22.0,65.0,0.152,25.8,81.0,True
PN-101670,72,ENGINE,BOEING,787-9,AOG KRİTİK,YOK,Satınalma,28.0,68,17.0,3.75,250.5,0.98,10.0,11.0,28.0,30.0,93.0,0.118,29.5,81.0,True
PN-101834,31,INDICATING / RECORDING SYSTEMS,BOEING,737 MAX 8,AOG KRİTİK,YOK,Satınalma,46.0,14,3.5,3.81,51.7,0.98,6.0,5.0,9.0,13.0,26.0,0.143,7.4,80.9,True
PN-101047,49,AIRBORNE AUXILIARY POWER (APU),BOEING,787-9,AOG KRİTİK,YOK,Yurtdışı tamir,30.0,27,6.75,3.75,98.0,0.98,6.0,7.0,14.0,15.0,40.0,0.185,18.1,80.8,True
PN-100269,49,AIRBORNE AUXILIARY POWER (APU),BOEING,787-9,AOG KRİTİK,YOK,Yurtdışı tamir,27.0,33,8.25,3.75,121.9,0.98,7.0,7.0,16.0,17.0,48.0,0.03,3.7,80.7,True
PN-102525,29,HYDRAULIC POWER,AIRBUS,A350-900,AOG KRİTİK,YOK,Yurtdışı tamir,55.0,8,2.0,3.75,28.8,0.98,5.0,5.0,7.0,10.0,18.0,0.25,7.2,80.6,True
PN-103618,32,LANDING GEAR,BOEING,737 MAX 8,AOG KRİTİK,YOK,Yurtdışı tamir,59.0,1,0.85,3.81,13.3,0.98,4.0,3.0,4.0,7.0,11.0,0.0,0.0,80.5,True
PN-103144,72,ENGINE,AIRBUS,A350-900,AOG KRİTİK,YOK,Satınalma,26.0,60,15.0,3.75,219.6,0.98,9.0,10.0,25.0,25.0,80.0,0.067,14.6,80.4,False
PN-103750,49,AIRBORNE AUXILIARY POWER (APU),BOEING,737 MAX 8,AOG KRİTİK,YOK,Yurtdışı tamir,30.0,24,6.0,3.81,89.3,0.98,6.0,5.0,11.0,14.0,37.0,0.208,18.6,80.4,True
PN-102125,27,FLIGHT CONTROLS,AIRBUS,A350-900,AOG KRİTİK,YOK,Satınalma,41.0,17,4.25,3.75,62.7,0.98,6.0,5.0,10.0,14.0,30.0,0.059,3.7,80.2,True
PN-103047,72,ENGINE,AIRBUS,A350-900,AOG KRİTİK,YOK,Yurtdışı tamir,48.0,12,3.0,3.75,43.7,0.98,5.0,5.0,8.0,11.0,22.0,0.0,0.0,80.2,True
PN-101183,32,LANDING GEAR,AIRBUS,A321neo,AOG KRİTİK,YOK,Satınalma,47.0,83,20.75,2.96,241.2,0.98,12.0,18.0,39.0,44.0,105.0,0.133,32.0,80.2,True
PN-101448,72,ENGINE,BOEING,737 MAX 8,AOG KRİTİK,YOK,Satınalma,44.0,13,3.25,3.81,48.6,0.98,5.0,5.0,9.0,11.0,24.0,0.154,7.5,80.1,True
PN-103095,72,ENGINE,AIRBUS,A350-900,AOG KRİTİK,YOK,Yurtdışı tamir,32.0,23,5.75,3.75,84.9,0.98,6.0,6.0,12.0,14.0,36.0,0.174,14.8,80.0,True
PN-104545,72,ENGINE,BOEING,787-9,AOG KRİTİK,YOK,Yurtdışı tamir,55.0,5,1.35,3.75,19.7,0.98,4.0,3.0,5.0,7.0,12.0,0.0,0.0,79.7,True
PN-104568,29,HYDRAULIC POWER,AIRBUS,A321neo,AOG KRİTİK,YOK,Yurtdışı tamir,45.0,95,23.75,2.96,271.4,0.98,12.0,20.0,44.0,46.0,114.0,0.032,8.6,79.7,True
PN-102078,27,FLIGHT CONTROLS,AIRBUS,A321neo,AOG KRİTİK,YOK,Satınalma,45.0,45,11.25,2.96,131.5,0.98,9.0,11.0,23.0,26.0,59.0,0.111,14.6,79.7,True
PN-100268,49,AIRBORNE AUXILIARY POWER (APU),BOEING,737 MAX 8,AOG KRİTİK,YOK,Yurtdışı tamir,54.0,3,1.11,3.81,16.6,0.98,4.0,3.0,5.0,7.0,12.0,0.0,0.0,79.6,True
PN-101329,29,HYDRAULIC POWER,AIRBUS,A350-900,AOG KRİTİK,YOK,Yurtdışı tamir,26.0,26,6.5,3.75,95.7,0.98,6.0,5.0,12.0,13.0,37.0,0.154,14.7,79.5,True
PN-100041,72,ENGINE,AIRBUS,A321neo,AOG KRİTİK,YOK,Satınalma,52.0,29,7.25,2.96,84.1,0.98,8.0,10.0,18.0,20.0,42.0,0.103,8.7,79.4,True
PN-101554,32,LANDING GEAR,BOEING,737 MAX 8,AOG KRİTİK,YOK,Satınalma,41.0,13,3.25,3.81,48.6,0.98,5.0,5.0,9.0,11.0,24.0,0.308,15.0,79.3,True
PN-104201,72,ENGINE,AIRBUS,A350-900,AOG KRİTİK,YOK,Yurtdışı tamir,53.0,7,1.32,3.75,19.4,0.98,4.0,3.0,5.0,7.0,12.0,0.0,0.0,79.2,True
PN-100904,32,LANDING GEAR,BOEING,737 MAX 8,AOG KRİTİK,YOK,Yurtdışı tamir,25.0,24,6.0,3.81,90.6,0.98,6.0,5.0,11.0,13.0,36.0,0.083,7.6,79.2,True
PN-104628,72,ENGINE,BOEING,737 MAX 8,KRİTİK,YOK,Satınalma,77.0,26,6.5,3.81,98.0,0.95,8.0,10.0,17.0,29.0,54.0,0.115,11.3,79.2,True
PN-104817,29,HYDRAULIC POWER,BOEING,787-9,AOG KRİTİK,YOK,Satınalma,20.0,31,7.75,3.75,114.7,0.98,6.0,5.0,13.0,13.0,42.0,0.129,14.8,78.9,False
PN-104709,32,LANDING GEAR,AIRBUS,A350-900,AOG KRİTİK,YOK,Satınalma,25.0,25,6.25,3.75,91.3,0.98,6.0,5.0,12.0,13.0,36.0,0.16,14.6,78.8,True
PN-104327,32,LANDING GEAR,BOEING,737 MAX 8,AOG KRİTİK,YOK,Satınalma,47.0,7,1.75,3.81,26.4,0.98,4.0,3.0,5.0,8.0,15.0,0.0,0.0,78.7,True
PN-103606,29,HYDRAULIC POWER,BOEING,787-9,AOG KRİTİK,YOK,Satınalma,25.0,24,6.0,3.75,89.5,0.98,6.0,5.0,11.0,13.0,36.0,0.083,7.5,78.7,True
PN-101355,34,NAVIGATION,AIRBUS,A320neo,AOG KRİTİK,YOK,Yurtdışı tamir,56.0,36,9.0,2.59,91.7,0.98,8.0,11.0,20.0,23.0,46.0,0.0,0.0,78.6,True
PN-100370,29,HYDRAULIC POWER,AIRBUS,A350-900,AOG KRİTİK,YOK,Satınalma,48.0,6,1.7,3.75,25.4,0.98,4.0,3.0,5.0,8.0,15.0,0.5,12.7,78.5,True
PN-102605,72,ENGINE,AIRBUS,A321neo,AOG KRİTİK,YOK,Yurtdışı tamir,40.0,122,30.5,2.96,353.5,0.98,13.0,22.0,53.0,52.0,141.0,0.156,55.1,78.4,False
PN-102660,32,LANDING GEAR,BOEING,787-9,AOG KRİTİK,YOK,Yurtdışı tamir,54.0,1,0.42,3.75,6.1,0.98,2.0,3.0,4.0,3.0,5.0,0.0,0.0,78.2,False
PN-102782,72,ENGINE,BOEING,787-9,AOG KRİTİK,YOK,Satınalma,22.0,25,6.25,3.75,92.1,0.98,5.0,5.0,12.0,11.0,35.0,0.16,14.7,78.2,False
PN-102293,72,ENGINE,BOEING,777-F,AOG KRİTİK,YOK,Yurtdışı tamir,51.0,92,23.0,2.5,228.5,0.98,12.0,21.0,44.0,44.0,102.0,0.185,42.2,77.9,False
PN-102106,72,ENGINE,BOEING,737 MAX 8,AOG KRİTİK,YOK,Yurtdışı tamir,27.0,19,4.75,3.81,71.3,0.98,5.0,5.0,10.0,11.0,29.0,0.211,15.0,77.9,True
PN-100266,32,LANDING GEAR,AIRBUS,A321neo,AOG KRİTİK,YOK,Satınalma,38.0,37,9.25,2.96,108.3,0.98,7.0,9.0,19.0,19.0,47.0,0.108,11.7,77.9,False
PN-102313,22,AUTO FLIGHT,BOEING,777-F,AOG KRİTİK,YOK,Satınalma,57.0,36,9.0,2.5,88.5,0.98,8.0,11.0,20.0,22.0,45.0,0.028,2.5,77.8,True
PN-103170,52,DOORS,AIRBUS,A350-900,AOG KRİTİK,YOK,Satınalma,15.0,31,7.75,3.75,113.4,0.98,5.0,5.0,13.0,10.0,39.0,0.097,11.0,77.6,False
PN-100440,80,STARTING,BOEING,787-9,AOG KRİTİK,YOK,Yurtdışı tamir,38.0,12,3.0,3.75,43.7,0.98,5.0,5.0,8.0,10.0,21.0,0.0,0.0,77.6,True
PN-101991,32,LANDING GEAR,BOEING,737 MAX 8,AOG KRİTİK,YOK,Satınalma,29.0,17,4.25,3.81,63.0,0.98,5.0,5.0,10.0,11.0,27.0,0.059,3.7,77.6,True
PN-104003,32,LANDING GEAR,BOEING,737 MAX 8,AOG KRİTİK,YOK,Satınalma,34.0,13,3.25,3.81,47.5,0.98,5.0,5.0,9.0,10.0,22.0,0.231,11.0,77.4,True
PN-104770,28,FUEL,BOEING,737 MAX 8,AOG KRİTİK,YOK,Satınalma,34.0,12,3.0,3.81,44.4,0.98,5.0,5.0,8.0,10.0,22.0,0.083,3.7,77.1,True
PN-100825,23,COMMUNICATIONS,BOEING,737 MAX 8,AOG KRİTİK,YOK,Yurtdışı tamir,15.0,24,6.0,3.81,91.2,0.98,4.0,4.0,10.0,8.0,31.0,0.042,3.8,76.7,False
PN-103719,27,FLIGHT CONTROLS,AIRBUS,A321neo,AOG KRİTİK,YOK,Yurtdışı tamir,63.0,9,2.25,2.96,26.0,0.98,5.0,5.0,8.0,10.0,17.0,0.0,0.0,76.7,True
PN-104123,27,FLIGHT CONTROLS,AIRBUS,A321neo,AOG KRİTİK,YOK,Satınalma,37.0,32,8.0,2.96,93.1,0.98,7.0,8.0,16.0,17.0,41.0,0.156,14.5,76.5,True
PN-102166,29,HYDRAULIC POWER,BOEING,737 MAX 8,AOG KRİTİK,YOK,Yurtdışı tamir,26.0,16,4.0,3.81,59.6,0.98,5.0,5.0,9.0,10.0,25.0,0.25,14.9,76.5,True
PN-101307,27,FLIGHT CONTROLS,AIRBUS,A350-900,AOG KRİTİK,YOK,Yurtdışı tamir,25.0,17,4.25,3.75,62.7,0.98,5.0,5.0,10.0,10.0,26.0,0.235,14.8,76.1,False
PN-104506,28,FUEL,BOEING,737 MAX 8,KRİTİK,YOK,Yurtdışı tamir,82.0,14,3.5,3.81,51.5,0.95,6.0,7.0,11.0,18.0,31.0,0.286,14.7,76.0,True
PN-100470,72,ENGINE,AIRBUS,A321neo,AOG KRİTİK,YOK,Yurtdışı tamir,30.0,167,41.75,2.96,486.6,0.98,13.0,22.0,64.0,53.0,175.0,0.114,55.4,75.9,False
PN-100485,27,FLIGHT CONTROLS,AIRBUS,A320neo,AOG KRİTİK,YOK,Satınalma,49.0,32,8.0,2.59,81.8,0.98,7.0,10.0,18.0,18.0,39.0,0.0,0.0,75.8,False
PN-103901,79,OIL,AIRBUS,A320neo,AOG KRİTİK,YOK,Satınalma,40.0,60,15.0,2.59,154.3,0.98,9.0,13.0,28.0,26.0,65.0,0.167,25.7,75.8,False
PN-101013,29,HYDRAULIC POWER,BOEING,787-9,AOG KRİTİK,YOK,Yurtdışı tamir,29.0,13,3.25,3.75,47.8,0.98,5.0,5.0,9.0,9.0,21.0,0.231,11.0,75.7,False
PN-101401,27,FLIGHT CONTROLS,BOEING,737 MAX 8,AOG KRİTİK,YOK,Yurtdışı tamir,40.0,5,0.81,3.81,12.2,0.98,3.0,3.0,4.0,5.0,9.0,0.4,4.9,75.6,True
PN-102273,32,LANDING GEAR,AIRBUS,A321neo,AOG KRİTİK,YOK,Satınalma,40.0,26,6.5,2.96,75.8,0.98,6.0,7.0,14.0,15.0,34.0,0.115,8.7,75.6,True
PN-100088,72,ENGINE,AIRBUS,A321neo,AOG KRİTİK,YOK,Yurtdışı tamir,45.0,21,5.25,2.96,61.6,0.98,6.0,7.0,13.0,14.0,30.0,0.095,5.9,75.5,True
PN-104224,73,ENGINE FUEL AND CONTROL,AIRBUS,A321neo,AOG KRİTİK,YOK,Satınalma,28.0,55,13.75,2.96,158.1,0.98,8.0,10.0,24.0,21.0,61.0,0.164,25.9,75.4,False
PN-102324,72,ENGINE,AIRBUS,A321neo,AOG KRİTİK,YOK,Satınalma,27.0,42,10.5,2.96,122.1,0.98,7.0,8.0,19.0,17.0,48.0,0.0,0.0,75.1,False
PN-102735,24,ELECTRICAL POWER,AIRBUS,A350-900,AOG KRİTİK,YOK,Yurtdışı tamir,26.0,13,3.25,3.75,48.1,0.98,4.0,3.0,7.0,8.0,21.0,0.077,3.7,75.0,True
PN-100376,72,ENGINE,AIRBUS,A320neo,AOG KRİTİK,YOK,Yurtdışı tamir,59.0,17,4.25,2.59,43.9,0.98,6.0,7.0,12.0,14.0,25.0,0.059,2.6,74.8,True
PN-101763,49,AIRBORNE AUXILIARY POWER (APU),BOEING,737 MAX 8,AOG KRİTİK,YOK,Satınalma,26.0,11,2.75,3.81,41.3,0.98,4.0,3.0,6.0,7.0,18.0,0.091,3.8,74.8,True
PN-103390,27,FLIGHT CONTROLS,BOEING,787-9,AOG KRİTİK,YOK,Satınalma,27.0,11,2.75,3.75,40.6,0.98,4.0,3.0,6.0,8.0,19.0,0.091,3.7,74.6,True
PN-100630,72,ENGINE,AIRBUS,A321neo,AOG KRİTİK,YOK,Satınalma,60.0,4,0.97,2.96,11.1,0.98,3.0,3.0,4.0,5.0,8.0,0.0,0.0,74.6,True
PN-103046,71,POWER PLANT,BOEING,787-9,AOG KRİTİK,YOK,Satınalma,33.0,4,1.7,3.75,25.4,0.98,4.0,3.0,5.0,7.0,14.0,0.5,12.7,74.6,True
PN-102915,32,LANDING GEAR,AIRBUS,A321neo,AOG KRİTİK,YOK,Yurtdışı tamir,25.0,75,18.75,2.96,218.6,0.98,8.0,11.0,30.0,23.0,78.0,0.08,17.5,74.6,False
PN-101491,34,NAVIGATION,AIRBUS,A321neo,AOG KRİTİK,YOK,Satınalma,51.0,12,3.0,2.96,34.9,0.98,5.0,5.0,8.0,10.0,19.0,0.0,0.0,74.5,True
PN-102647,73,ENGINE FUEL AND CONTROL,AIRBUS,A321neo,AOG KRİTİK,YOK,Yurtdışı tamir,36.0,24,6.0,2.96,69.5,0.98,6.0,7.0,13.0,13.0,31.0,0.083,5.8,74.0,False
PN-103076,23,COMMUNICATIONS,BOEING,787-9,AOG KRİTİK,YOK,Satınalma,25.0,11,2.75,3.75,40.4,0.98,4.0,3.0,6.0,7.0,18.0,0.455,18.4,74.0,True
PN-104590,71,POWER PLANT,AIRBUS,A321neo,AOG KRİTİK,YOK,Yurtdışı tamir,37.0,23,5.75,2.96,66.6,0.98,6.0,7.0,13.0,13.0,30.0,0.087,5.8,74.0,False
PN-104704,72,ENGINE,AIRBUS,A350-900,AOG KRİTİK,YOK,Satınalma,30.0,7,1.75,3.75,25.7,0.98,3.0,3.0,5.0,6.0,13.0,0.429,11.0,73.9,True
PN-103540,72,ENGINE,AIRBUS,A321neo,AOG KRİTİK,YOK,Satınalma,22.0,47,11.75,2.96,138.8,0.98,6.0,7.0,19.0,15.0,50.0,0.191,26.6,73.8,False
PN-100519,49,AIRBORNE AUXILIARY POWER (APU),AIRBUS,A320neo,AOG KRİTİK,YOK,Satınalma,32.0,51,12.75,2.59,129.6,0.98,7.0,10.0,23.0,19.0,52.0,0.078,10.2,73.7,False
PN-102301,24,ELECTRICAL POWER,AIRBUS,A320neo,AOG KRİTİK,YOK,Satınalma,49.0,24,6.0,2.59,59.7,0.98,6.0,8.0,14.0,15.0,30.0,0.042,2.5,73.7,True
PN-100212,73,ENGINE FUEL AND CONTROL,AIRBUS,A320neo,AOG KRİTİK,YOK,Yurtdışı tamir,45.0,27,6.75,2.59,68.6,0.98,6.0,8.0,15.0,15.0,33.0,0.148,10.2,73.6,False
PN-104034,32,LANDING GEAR,AIRBUS,A321neo,AOG KRİTİK,YOK,Yurtdışı tamir,41.0,17,4.25,2.96,49.4,0.98,5.0,5.0,10.0,11.0,24.0,0.176,8.7,73.3,True
PN-104453,71,POWER PLANT,AIRBUS,A350-900,AOG KRİTİK,YOK,Satınalma,32.0,3,0.85,3.75,12.5,0.98,3.0,3.0,4.0,5.0,9.0,0.333,4.2,73.2,True
PN-101860,72,ENGINE,AIRBUS,A320neo,AOG KRİTİK,YOK,Satınalma,43.0,27,6.75,2.59,68.1,0.98,6.0,8.0,15.0,15.0,33.0,0.037,2.5,73.0,False
PN-100181,24,ELECTRICAL POWER,BOEING,737 MAX 8,AOG KRİTİK,YOK,Yurtdışı tamir,24.0,7,1.75,3.81,25.6,0.98,3.0,3.0,5.0,5.0,12.0,0.0,0.0,72.8,False
PN-101884,52,DOORS,BOEING,737 MAX 8,AOG KRİTİK,YOK,Satınalma,24.0,4,1.7,3.81,25.3,0.98,3.0,3.0,5.0,5.0,12.0,0.0,0.0,72.8,False
PN-101748,73,ENGINE FUEL AND CONTROL,AIRBUS,A320neo,AOG KRİTİK,YOK,Yurtdışı tamir,33.0,36,9.0,2.59,91.6,0.98,6.0,8.0,17.0,15.0,38.0,0.139,12.7,72.7,False
PN-102857,73,ENGINE FUEL AND CONTROL,AIRBUS,A321neo,AOG KRİTİK,YOK,Yurtdışı tamir,47.0,9,2.25,2.96,26.0,0.98,4.0,5.0,8.0,8.0,15.0,0.111,2.9,72.7,False
PN-101581,26,FIRE PROTECTION,AIRBUS,A320neo,AOG KRİTİK,YOK,Satınalma,52.0,16,4.0,2.59,40.5,0.98,5.0,7.0,11.0,11.0,22.0,0.125,5.1,72.7,False
PN-101545,49,AIRBORNE AUXILIARY POWER (APU),AIRBUS,A320neo,AOG KRİTİK,YOK,Satınalma,28.0,84,21.0,2.59,213.7,0.98,9.0,13.0,34.0,26.0,80.0,0.107,22.9,72.7,False
PN-104090,72,ENGINE,AIRBUS,A320neo,AOG KRİTİK,YOK,Yurtdışı tamir,45.0,23,5.75,2.59,58.5,0.98,6.0,7.0,13.0,14.0,29.0,0.174,10.2,72.6,True
PN-100536,32,LANDING GEAR,AIRBUS,A350-900,KRİTİK,YOK,Yurtdışı tamir,50.0,55,13.75,3.75,203.4,0.95,9.0,13.0,27.0,37.0,88.0,0.073,14.8,72.6,True
PN-102796,76,ENGINE CONTROLS,BOEING,787-9,AOG KRİTİK,YOK,Satınalma,26.0,6,1.46,3.75,21.8,0.98,3.0,3.0,5.0,5.0,11.0,0.0,0.0,72.5,False
PN-100546,32,LANDING GEAR,AIRBUS,A321neo,AOG KRİTİK,YOK,Satınalma,44.0,11,2.75,2.96,31.9,0.98,5.0,5.0,8.0,9.0,17.0,0.091,2.9,72.5,True
PN-103498,24,ELECTRICAL POWER,BOEING,737 MAX 8,KRİTİK,YOK,Satınalma,48.0,124,31.0,3.81,464.7,0.95,13.0,24.0,55.0,75.0,192.0,0.113,52.5,72.5,True
PN-104732,72,ENGINE,AIRBUS,A320neo,AOG KRİTİK,YOK,Yurtdışı tamir,30.0,38,9.5,2.59,96.5,0.98,6.0,8.0,18.0,14.0,39.0,0.053,5.1,72.4,False
PN-104749,30,ICE & RAIN PROTECTION,AIRBUS,A350-900,AOG KRİTİK,YOK,Satınalma,30.0,3,0.57,3.75,8.4,0.98,2.0,2.0,3.0,3.0,6.0,0.0,0.0,72.3,False
PN-104575,72,ENGINE,AIRBUS,A321neo,AOG KRİTİK,YOK,Yurtdışı tamir,40.0,14,3.5,2.96,39.8,0.98,5.0,5.0,9.0,10.0,20.0,0.071,2.8,72.2,True
PN-100173,71,POWER PLANT,AIRBUS,A321neo,AOG KRİTİK,YOK,Satınalma,33.0,20,5.0,2.96,58.1,0.98,5.0,5.0,10.0,11.0,26.0,0.05,2.9,72.1,True
PN-103614,72,ENGINE,AIRBUS,A321neo,AOG KRİTİK,YOK,Satınalma,26.0,26,6.5,2.96,75.8,0.98,5.0,5.0,12.0,11.0,30.0,0.038,2.9,72.0,False
PN-104422,72,ENGINE,AIRBUS,A321neo,AOG KRİTİK,YOK,Satınalma,15.0,70,17.5,2.96,203.4,0.98,6.0,7.0,25.0,15.0,66.0,0.0,0.0,72.0,False
PN-101032,72,ENGINE,AIRBUS,A321neo,AOG KRİTİK,YOK,Yurtdışı tamir,25.0,27,6.75,2.96,77.4,0.98,5.0,5.0,12.0,11.0,31.0,0.148,11.5,71.9,False
PN-101631,77,ENGINE INDICATING,AIRBUS,A350-900,AOG KRİTİK,YOK,Satınalma,27.0,1,0.85,3.75,12.2,0.98,2.0,3.0,4.0,3.0,7.0,1.0,12.2,71.9,False
PN-100661,72,ENGINE,BOEING,787-9,KRİTİK,YOK,Satınalma,47.0,122,30.5,3.75,446.9,0.95,13.0,23.0,54.0,71.0,183.0,0.189,84.3,71.8,True
PN-100154,32,LANDING GEAR,AIRBUS,A321neo,AOG KRİTİK,YOK,Satınalma,32.0,20,5.0,2.96,57.3,0.98,5.0,5.0,10.0,11.0,26.0,0.1,5.7,71.8,True
PN-100398,28,FUEL,AIRBUS,A350-900,AOG KRİTİK,YOK,Satınalma,22.0,7,1.69,3.75,25.5,0.98,3.0,3.0,5.0,5.0,12.0,0.143,3.6,71.8,False
PN-104348,72,ENGINE,AIRBUS,A320neo,AOG KRİTİK,YOK,Satınalma,24.0,183,45.75,2.59,468.8,0.98,12.0,21.0,67.0,43.0,161.0,0.169,79.4,71.7,False
PN-101672,27,FLIGHT CONTROLS,BOEING,787-9,AOG KRİTİK,YOK,Satınalma,25.0,4,1.1,3.75,16.2,0.98,3.0,3.0,5.0,5.0,10.0,0.5,8.1,71.7,False
PN-102558,21,AIR CONDITIONING,AIRBUS,A350-900,AOG KRİTİK,YOK,Satınalma,20.0,7,1.96,3.75,28.2,0.98,3.0,3.0,5.0,5.0,13.0,0.286,8.0,71.6,False
PN-101745,80,STARTING,AIRBUS,A320neo,AOG KRİTİK,YOK,Satınalma,41.0,23,5.75,2.59,57.6,0.98,6.0,7.0,13.0,13.0,28.0,0.043,2.5,71.5,False
PN-101443,32,LANDING GEAR,AIRBUS,A350-900,KRİTİK,YOK,Satınalma,60.0,18,4.5,3.75,66.1,0.95,6.0,6.0,11.0,17.0,34.0,0.167,11.0,71.4,True
PN-103986,29,HYDRAULIC POWER,AIRBUS,A320neo,AOG KRİTİK,YOK,Satınalma,23.0,52,13.0,2.59,131.0,0.98,6.0,8.0,21.0,15.0,48.0,0.038,5.0,71.4,False
PN-103666,49,AIRBORNE AUXILIARY POWER (APU),AIRBUS,A350-900,KRİTİK,YOK,Satınalma,55.0,21,5.25,3.75,78.7,0.95,6.0,7.0,13.0,18.0,38.0,0.095,7.5,71.3,True
PN-101774,72,ENGINE,AIRBUS,A320neo,AOG KRİTİK,YOK,Satınalma,56.0,6,1.5,2.59,15.3,0.98,4.0,3.0,5.0,7.0,11.0,0.0,0.0,71.3,True
PN-101951,49,AIRBORNE AUXILIARY POWER (APU),BOEING,787-9,AOG KRİTİK,YOK,Yurtdışı tamir,27.0,2,0.42,3.75,6.1,0.98,2.0,2.0,3.0,3.0,5.0,0.0,0.0,71.3,False
PN-102256,73,ENGINE FUEL AND CONTROL,AIRBUS,A321neo,AOG KRİTİK,YOK,Yurtdışı tamir,51.0,0,0.0,2.96,0.0,0.98,0.0,0.0,0.0,0.0,0.0,0.0,0.0,71.2,False
PN-104232,49,AIRBORNE AUXILIARY POWER (APU),BOEING,737 MAX 8,KRİTİK,YOK,Yurtdışı tamir,43.0,31,7.75,3.81,116.0,0.95,7.0,8.0,16.0,21.0,50.0,0.097,11.2,71.2,True
PN-100377,72,ENGINE,AIRBUS,A321neo,AOG KRİTİK,YOK,Satınalma,46.0,6,1.14,2.96,13.1,0.98,3.0,3.0,5.0,5.0,9.0,0.167,2.2,71.2,False
PN-100192,49,AIRBORNE AUXILIARY POWER (APU),BOEING,737 MAX 8,AOG KRİTİK,YOK,Satınalma,18.0,7,1.69,3.81,25.2,0.98,3.0,3.0,5.0,5.0,12.0,0.286,7.2,71.2,False
PN-100932,27,FLIGHT CONTROLS,BOEING,787-9,AOG KRİTİK,YOK,Yurtdışı tamir,21.0,6,1.5,3.75,21.9,0.98,3.0,3.0,5.0,5.0,11.0,0.0,0.0,71.2,False
PN-104630,24,ELECTRICAL POWER,AIRBUS,A321neo,AOG KRİTİK,YOK,Satınalma,29.0,20,5.0,2.96,57.9,0.98,5.0,5.0,10.0,10.0,25.0,0.15,8.7,71.1,False
PN-102518,24,ELECTRICAL POWER,AIRBUS,A350-900,AOG KRİTİK,YOK,Satınalma,20.0,6,1.5,3.75,22.1,0.98,3.0,3.0,5.0,5.0,11.0,0.0,0.0,71.0,False
PN-103187,31,INDICATING / RECORDING SYSTEMS,AIRBUS,A320neo,AOG KRİTİK,YOK,Satınalma,50.0,9,2.71,2.59,28.1,0.98,5.0,5.0,8.0,9.0,17.0,0.111,3.1,71.0,True
PN-101367,32,LANDING GEAR,AIRBUS,A320neo,AOG KRİTİK,YOK,Satınalma,21.0,61,15.25,2.59,153.8,0.98,7.0,8.0,24.0,16.0,55.0,0.066,10.1,70.9,False
PN-101377,72,ENGINE,BOEING,777-F,AOG KRİTİK,YOK,Satınalma,38.0,27,6.75,2.5,66.9,0.98,6.0,7.0,14.0,13.0,30.0,0.0,0.0,70.9,False
PN-100648,79,OIL,BOEING,737 MAX 8,AOG KRİTİK,YOK,Satınalma,22.0,3,0.7,3.81,10.3,0.98,2.0,2.0,3.0,3.0,6.0,0.333,3.4,70.8,False
PN-100284,32,LANDING GEAR,AIRBUS,A320neo,AOG KRİTİK,YOK,Satınalma,31.0,31,7.75,2.59,77.5,0.98,6.0,7.0,15.0,13.0,33.0,0.097,7.5,70.8,False
PN-103319,21,AIR CONDITIONING,AIRBUS,A321neo,AOG KRİTİK,YOK,Satınalma,36.0,12,3.0,2.96,34.7,0.98,4.0,5.0,8.0,8.0,17.0,0.167,5.8,70.7,False
PN-103714,71,POWER PLANT,AIRBUS,A320neo,AOG KRİTİK,YOK,Satınalma,26.0,35,8.75,2.59,88.5,0.98,6.0,7.0,16.0,13.0,36.0,0.229,20.2,70.6,False
PN-102109,28,FUEL,BOEING,787-9,AOG KRİTİK,YOK,Satınalma,23.0,2,0.65,3.75,9.4,0.98,2.0,2.0,3.0,3.0,6.0,0.5,4.7,70.6,False
PN-102640,27,FLIGHT CONTROLS,AIRBUS,A350-900,KRİTİK,YOK,Satınalma,42.0,64,16.0,3.75,234.5,0.95,9.0,13.0,29.0,36.0,95.0,0.203,47.6,70.5,True
PN-104300,28,FUEL,AIRBUS,A321neo,AOG KRİTİK,YOK,Satınalma,25.0,21,5.25,2.96,62.0,0.98,5.0,5.0,11.0,10.0,26.0,0.0,0.0,70.5,False
PN-102880,22,AUTO FLIGHT,AIRBUS,A320neo,AOG KRİTİK,YOK,Yurtdışı tamir,41.0,18,4.5,2.59,46.6,0.98,5.0,6.0,11.0,11.0,23.0,0.111,5.2,70.4,False
PN-102361,72,ENGINE,BOEING,777-300ER,AOG KRİTİK,YOK,Yurtdışı tamir,51.0,54,13.5,1.67,88.2,0.98,8.0,14.0,28.0,21.0,44.0,0.315,27.8,70.4,False
PN-101828,49,AIRBORNE AUXILIARY POWER (APU),BOEING,737 MAX 8,KRİTİK,YOK,Satınalma,40.0,29,7.25,3.81,107.6,0.95,6.0,7.0,15.0,18.0,45.0,0.069,7.4,70.4,True
PN-104052,72,ENGINE,BOEING,737 MAX 8,KRİTİK,YOK,Yurtdışı tamir,41.0,27,6.75,3.81,100.8,0.95,6.0,7.0,14.0,18.0,44.0,0.074,7.5,70.3,True
PN-104737,30,ICE & RAIN PROTECTION,AIRBUS,A350-900,KRİTİK,YOK,Yurtdışı tamir,41.0,76,19.0,3.75,277.5,0.95,10.0,14.0,33.0,42.0,112.0,0.0,0.0,70.3,True
PN-101348,72,ENGINE,AIRBUS,A320neo,AOG KRİTİK,YOK,Satınalma,31.0,28,7.0,2.59,71.3,0.98,6.0,7.0,14.0,13.0,31.0,0.143,10.2,70.2,False
PN-102933,32,LANDING GEAR,AIRBUS,A321neo,AOG KRİTİK,YOK,Yurtdışı tamir,41.0,5,1.25,2.96,14.4,0.98,3.0,3.0,5.0,5.0,9.0,0.0,0.0,70.0,False
PN-102598,80,STARTING,BOEING,737 MAX 8,KRİTİK,YOK,Satınalma,57.0,15,3.75,3.81,55.4,0.95,5.0,6.0,10.0,14.0,28.0,0.067,3.7,70.0,True
PN-102759,32,LANDING GEAR,AIRBUS,A320neo,AOG KRİTİK,YOK,Satınalma,46.0,11,2.75,2.59,28.1,0.98,4.0,5.0,8.0,8.0,16.0,0.091,2.6,70.0,False
PN-104439,29,HYDRAULIC POWER,AIRBUS,A320neo,AOG KRİTİK,YOK,Satınalma,28.0,30,7.5,2.59,76.1,0.98,5.0,7.0,15.0,11.0,31.0,0.167,12.7,69.9,False
PN-100188,27,FLIGHT CONTROLS,AIRBUS,A320neo,AOG KRİTİK,YOK,Yurtdışı tamir,39.0,18,4.5,2.59,45.9,0.98,5.0,5.0,10.0,10.0,22.0,0.056,2.5,69.9,False
PN-104521,71,POWER PLANT,BOEING,787-9,AOG KRİTİK,YOK,Satınalma,19.0,4,0.91,3.75,13.4,0.98,2.0,2.0,3.0,3.0,7.0,0.0,0.0,69.9,False
PN-102594,28,FUEL,BOEING,787-9,AOG KRİTİK,YOK,Satınalma,15.0,7,1.65,3.75,24.0,0.98,3.0,3.0,5.0,4.0,11.0,0.0,0.0,69.9,False
PN-100775,79,OIL,BOEING,737 MAX 8,KRİTİK,YOK,Yurtdışı tamir,42.0,25,6.25,3.81,92.7,0.95,6.0,6.0,13.0,17.0,41.0,0.12,11.1,69.7,True
PN-103166,72,ENGINE,AIRBUS,A320neo,AOG KRİTİK,YOK,Satınalma,36.0,21,5.25,2.59,52.4,0.98,5.0,6.0,12.0,11.0,25.0,0.19,10.0,69.7,False
PN-104272,79,OIL,AIRBUS,A321neo,AOG KRİTİK,YOK,Satınalma,33.0,11,2.75,2.96,32.3,0.98,4.0,4.0,7.0,7.0,16.0,0.091,2.9,69.7,False
PN-102544,73,ENGINE FUEL AND CONTROL,AIRBUS,A320neo,AOG KRİTİK,YOK,Yurtdışı tamir,42.0,14,3.5,2.59,35.2,0.98,5.0,5.0,9.0,10.0,19.0,0.0,0.0,69.6,True
PN-103513,24,ELECTRICAL POWER,AIRBUS,A350-900,KRİTİK,YOK,Yurtdışı tamir,38.0,53,13.25,3.75,194.9,0.95,8.0,10.0,24.0,29.0,78.0,0.057,11.0,69.5,True
PN-101316,71,POWER PLANT,AIRBUS,A321neo,KRİTİK,YOK,Yurtdışı tamir,60.0,52,13.0,2.96,151.2,0.95,9.0,14.0,27.0,34.0,72.0,0.077,11.6,69.5,True
PN-102917,79,OIL,BOEING,777-F,AOG KRİTİK,YOK,Yurtdışı tamir,38.0,26,5.12,2.5,50.9,0.98,5.0,7.0,13.0,11.0,24.0,0.0,0.0,69.4,False
PN-101219,32,LANDING GEAR,AIRBUS,A321neo,AOG KRİTİK,YOK,Satınalma,26.0,17,4.25,2.96,48.6,0.98,4.0,5.0,10.0,8.0,21.0,0.118,5.7,69.4,False
PN-102842,72,ENGINE,BOEING,737 MAX 8,KRİTİK,YOK,Yurtdışı tamir,35.0,34,8.5,3.81,125.6,0.95,6.0,7.0,16.0,19.0,51.0,0.088,11.1,69.2,True
PN-103990,72,ENGINE,AIRBUS,A320neo,AOG KRİTİK,YOK,Satınalma,33.0,22,5.5,2.59,55.5,0.98,5.0,5.0,11.0,11.0,25.0,0.091,5.0,69.2,False
PN-103472,72,ENGINE,AIRBUS,A330-200,AOG KRİTİK,YOK,Satınalma,49.0,90,22.5,1.33,117.3,0.98,9.0,21.0,44.0,25.0,55.0,0.111,13.0,69.1,False
PN-104532,71,POWER PLANT,AIRBUS,A320neo,AOG KRİTİK,YOK,Satınalma,49.0,6,1.09,2.59,10.8,0.98,3.0,3.0,5.0,5.0,8.0,0.333,3.6,69.1,False
PN-102894,27,FLIGHT CONTROLS,AIRBUS,A321neo,AOG KRİTİK,YOK,Satınalma,34.0,8,2.0,2.96,22.8,0.98,3.0,3.0,5.0,6.0,12.0,0.125,2.8,69.0,True
PN-104744,71,POWER PLANT,AIRBUS,A321neo,AOG KRİTİK,YOK,Satınalma,26.0,15,3.75,2.96,43.5,0.98,4.0,5.0,9.0,8.0,19.0,0.333,14.5,69.0,False
PN-103894,49,AIRBORNE AUXILIARY POWER (APU),AIRBUS,A350-900,KRİTİK,YOK,Satınalma,36.0,44,11.0,3.75,162.5,0.95,7.0,9.0,20.0,24.0,65.0,0.091,14.8,69.0,True
PN-100120,32,LANDING GEAR,BOEING,737 MAX 8,AOG KRİTİK,YOK,Satınalma,13.0,4,1.0,3.81,14.9,0.98,2.0,2.0,3.0,3.0,7.0,0.0,0.0,69.0,False
PN-101914,29,HYDRAULIC POWER,AIRBUS,A320neo,AOG KRİTİK,YOK,Satınalma,40.0,12,3.0,2.59,30.6,0.98,4.0,5.0,8.0,8.0,16.0,0.0,0.0,68.7,False
PN-104652,29,HYDRAULIC POWER,BOEING,787-9,KRİTİK,YOK,Yurtdışı tamir,35.0,33,8.25,3.75,121.1,0.95,6.0,7.0,16.0,18.0,49.0,0.152,18.4,68.7,True
PN-101746,80,STARTING,BOEING,737 MAX 8,KRİTİK,YOK,Yurtdışı tamir,33.0,50,12.5,3.81,189.1,0.95,7.0,9.0,22.0,25.0,73.0,0.02,3.8,68.7,True
PN-103859,32,LANDING GEAR,AIRBUS,A321neo,AOG KRİTİK,YOK,Yurtdışı tamir,37.0,3,0.7,2.96,8.6,0.98,2.0,3.0,4.0,3.0,6.0,0.0,0.0,68.5,False
PN-100364,24,ELECTRICAL POWER,AIRBUS,A321neo,AOG KRİTİK,YOK,Satınalma,29.0,10,2.5,2.96,29.3,0.98,4.0,3.0,6.0,7.0,15.0,0.0,0.0,68.4,True
PN-103353,71,POWER PLANT,AIRBUS,A320neo,KRİTİK,YOK,Yurtdışı tamir,66.0,81,20.25,2.59,206.9,0.95,11.0,22.0,43.0,49.0,101.0,0.0,0.0,68.4,True
PN-100029,32,LANDING GEAR,AIRBUS,A350-900,KRİTİK,YOK,Yurtdışı tamir,33.0,45,11.25,3.75,165.6,0.95,7.0,9.0,21.0,22.0,64.0,0.067,11.0,68.2,True
PN-100625,27,FLIGHT CONTROLS,AIRBUS,A320neo,AOG KRİTİK,YOK,Satınalma,26.0,24,6.0,2.59,61.7,0.98,5.0,5.0,11.0,10.0,26.0,0.0,0.0,68.1,False
PN-102150,29,HYDRAULIC POWER,BOEING,737 MAX 8,KRİTİK,YOK,Satınalma,31.0,92,23.0,3.81,343.8,0.95,9.0,13.0,36.0,39.0,125.0,0.315,108.4,68.1,True
PN-104761,76,ENGINE CONTROLS,BOEING,737 MAX 8,KRİTİK,YOK,Yurtdışı tamir,31.0,32,8.0,3.81,118.3,0.95,6.0,6.0,14.0,17.0,47.0,0.125,14.8,68.1,True
PN-104337,29,HYDRAULIC POWER,AIRBUS,A350-900,KRİTİK,YOK,Satınalma,49.0,16,4.0,3.75,59.1,0.95,5.0,6.0,10.0,13.0,28.0,0.062,3.7,67.9,True
PN-104217,29,HYDRAULIC POWER,BOEING,737 MAX 8,KRİTİK,YOK,Satınalma,30.0,39,9.75,3.81,144.2,0.95,6.0,7.0,17.0,18.0,55.0,0.128,18.5,67.9,True
PN-101869,73,ENGINE FUEL AND CONTROL,AIRBUS,A321neo,AOG KRİTİK,YOK,Yurtdışı tamir,31.0,6,1.54,2.96,17.7,0.98,3.0,3.0,5.0,5.0,10.0,0.0,0.0,67.8,False
PN-101942,76,ENGINE CONTROLS,BOEING,737 MAX 8,KRİTİK,YOK,Yurtdışı tamir,36.0,24,6.0,3.81,88.6,0.95,5.0,6.0,12.0,14.0,37.0,0.083,7.4,67.8,True
PN-102649,29,HYDRAULIC POWER,AIRBUS,A320neo,AOG KRİTİK,YOK,Satınalma,30.0,19,4.75,2.59,48.5,0.98,5.0,5.0,10.0,9.0,22.0,0.0,0.0,67.8,False
PN-103369,24,ELECTRICAL POWER,AIRBUS,A320neo,AOG KRİTİK,YOK,Satınalma,42.0,7,1.49,2.59,15.3,0.98,3.0,3.0,5.0,5.0,9.0,0.143,2.2,67.7,False
PN-104235,22,AUTO FLIGHT,BOEING,787-9,KRİTİK,YOK,Yurtdışı tamir,31.0,33,8.25,3.75,119.6,0.95,6.0,6.0,15.0,17.0,47.0,0.091,10.9,67.7,True
PN-101923,32,LANDING GEAR,AIRBUS,A320neo,AOG KRİTİK,YOK,Satınalma,34.0,14,3.5,2.59,36.1,0.98,4.0,5.0,9.0,8.0,18.0,0.071,2.6,67.7,False
PN-104398,22,AUTO FLIGHT,AIRBUS,A350-900,KRİTİK,YOK,Yurtdışı tamir,49.0,15,3.75,3.75,55.8,0.95,5.0,6.0,10.0,13.0,27.0,0.133,7.4,67.6,True
PN-101227,80,STARTING,AIRBUS,A320neo,AOG KRİTİK,YOK,Satınalma,34.0,14,3.5,2.59,35.6,0.98,4.0,5.0,9.0,8.0,17.0,0.071,2.5,67.6,False
PN-103938,71,POWER PLANT,BOEING,737 MAX 8,KRİTİK,YOK,Satınalma,29.0,32,8.0,3.81,118.3,0.95,6.0,6.0,14.0,16.0,46.0,0.188,22.2,67.6,True
PN-104248,77,ENGINE INDICATING,AIRBUS,A321neo,AOG KRİTİK,YOK,Satınalma,35.0,2,0.35,2.96,4.0,0.98,2.0,2.0,3.0,3.0,5.0,0.0,0.0,67.5,False
PN-100331,30,ICE & RAIN PROTECTION,AIRBUS,A321neo,AOG KRİTİK,YOK,Yurtdışı tamir,35.0,2,0.35,2.96,4.0,0.98,2.0,2.0,3.0,3.0,5.0,0.0,0.0,67.5,False
PN-103699,72,ENGINE,BOEING,787-9,KRİTİK,YOK,Satınalma,30.0,103,25.75,3.75,381.6,0.95,10.0,14.0,40.0,42.0,138.0,0.058,22.2,67.5,True
PN-103820,24,ELECTRICAL POWER,AIRBUS,A320neo,KRİTİK,YOK,Yurtdışı tamir,62.0,94,23.5,2.59,240.9,0.95,11.0,23.0,47.0,52.0,113.0,0.16,38.4,67.4,True
PN-104863,71,POWER PLANT,BOEING,737 MAX 8,KRİTİK,YOK,Satınalma,28.0,41,10.25,3.81,152.8,0.95,6.0,7.0,18.0,18.0,57.0,0.122,18.6,67.4,False
PN-102711,21,AIR CONDITIONING,AIRBUS,A320neo,AOG KRİTİK,YOK,Yurtdışı tamir,39.0,7,1.96,2.59,20.1,0.98,4.0,3.0,5.0,7.0,13.0,0.0,0.0,67.4,True
PN-103687,79,OIL,AIRBUS,A320neo,AOG KRİTİK,YOK,Satınalma,32.0,15,3.75,2.59,37.5,0.98,4.0,5.0,9.0,8.0,18.0,0.0,0.0,67.3,False
PN-103290,31,INDICATING / RECORDING SYSTEMS,BOEING,737 MAX 8,KRİTİK,YOK,Satınalma,32.0,25,6.25,3.81,94.3,0.95,5.0,6.0,13.0,14.0,38.0,0.0,0.0,67.3,True
PN-104079,72,ENGINE,BOEING,777-F,AOG KRİTİK,YOK,Satınalma,21.0,30,7.5,2.5,74.1,0.98,5.0,5.0,13.0,10.0,29.0,0.033,2.5,67.3,False
PN-101029,29,HYDRAULIC POWER,AIRBUS,A321neo,AOG KRİTİK,YOK,Yurtdışı tamir,34.0,2,0.42,2.96,4.8,0.98,2.0,2.0,3.0,3.0,5.0,0.5,2.4,67.3,False
PN-100152,77,ENGINE INDICATING,BOEING,737 MAX 8,KRİTİK,YOK,Yurtdışı tamir,35.0,23,5.75,3.81,85.2,0.95,5.0,6.0,12.0,14.0,36.0,0.087,7.4,67.2,True
PN-103228,72,ENGINE,BOEING,777-300ER,AOG KRİTİK,YOK,Yurtdışı tamir,51.0,33,8.25,1.67,53.8,0.98,6.0,10.0,19.0,14.0,28.0,0.212,11.4,67.1,False
PN-101700,27,FLIGHT CONTROLS,AIRBUS,A320neo,AOG KRİTİK,YOK,Satınalma,30.0,16,4.0,2.59,40.2,0.98,4.0,5.0,9.0,8.0,19.0,0.0,0.0,67.0,False
PN-100246,72,ENGINE,AIRBUS,A320neo,AOG KRİTİK,YOK,Yurtdışı tamir,40.0,7,1.26,2.59,12.6,0.98,3.0,3.0,5.0,5.0,9.0,0.286,3.6,67.0,False
PN-104114,28,FUEL,BOEING,787-9,AOG KRİTİK,VAR,Yurtiçi tamir,16.0,26,6.5,3.75,95.7,0.98,5.0,5.0,12.0,10.0,34.0,0.231,22.1,67.0,False
PN-100669,24,ELECTRICAL POWER,AIRBUS,A350-900,KRİTİK,YOK,Satınalma,29.0,27,6.75,3.75,100.3,0.95,5.0,6.0,13.0,13.0,39.0,0.074,7.4,66.7,False
PN-100993,32,LANDING GEAR,AIRBUS,A350-900,KRİTİK,YOK,Yurtdışı tamir,44.0,16,4.0,3.75,59.4,0.95,5.0,5.0,9.0,13.0,28.0,0.125,7.4,66.7,True
PN-103978,36,PNEUMATIC,AIRBUS,A320neo,AOG KRİTİK,YOK,Yurtdışı tamir,40.0,4,1.0,2.59,10.1,0.98,3.0,3.0,4.0,5.0,8.0,0.0,0.0,66.7,True
PN-100534,49,AIRBORNE AUXILIARY POWER (APU),BOEING,787-9,KRİTİK,YOK,Satınalma,28.0,28,7.0,3.75,102.1,0.95,5.0,6.0,13.0,13.0,39.0,0.321,32.8,66.6,False
PN-102001,22,AUTO FLIGHT,AIRBUS,A321neo,AOG KRİTİK,YOK,Satınalma,26.0,6,1.5,2.96,17.5,0.98,3.0,3.0,5.0,5.0,10.0,0.0,0.0,66.5,False
PN-103488,32,LANDING GEAR,BOEING,777-F,AOG KRİTİK,YOK,Yurtdışı tamir,31.0,16,4.0,2.5,39.3,0.98,4.0,5.0,9.0,8.0,18.0,0.0,0.0,66.5,False
PN-101175,29,HYDRAULIC POWER,BOEING,737 MAX 8,KRİTİK,YOK,Yurtdışı tamir,45.0,19,3.38,3.81,50.1,0.95,5.0,5.0,9.0,12.0,25.0,0.0,0.0,66.5,True
PN-103675,32,LANDING GEAR,BOEING,787-9,AOG KRİTİK,VAR,Yurtiçi tamir,10.0,31,7.75,3.75,114.2,0.98,4.0,3.0,11.0,8.0,37.0,0.065,7.4,66.4,False
PN-100396,22,AUTO FLIGHT,BOEING,787-9,KRİTİK,YOK,Satınalma,34.0,23,5.75,3.75,83.6,0.95,5.0,6.0,12.0,13.0,34.0,0.043,3.6,66.4,True
PN-100664,49,AIRBORNE AUXILIARY POWER (APU),AIRBUS,A350-900,AOG KRİTİK,VAR,Yurtiçi tamir,15.0,25,6.25,3.75,91.8,0.98,4.0,5.0,12.0,8.0,31.0,0.0,0.0,66.3,False
PN-100290,73,ENGINE FUEL AND CONTROL,BOEING,737 MAX 8,AOG KRİTİK,VAR,Yurtiçi tamir,8.0,31,7.75,3.81,115.2,0.98,4.0,3.0,11.0,7.0,36.0,0.194,22.3,66.3,False
PN-100203,71,POWER PLANT,BOEING,737 MAX 8,KRİTİK,YOK,Satınalma,29.0,24,6.0,3.81,90.4,0.95,5.0,5.0,11.0,13.0,36.0,0.083,7.5,66.2,True
PN-104064,72,ENGINE,AIRBUS,A321neo,KRİTİK,YOK,Yurtdışı tamir,47.0,96,24.0,2.96,279.2,0.95,10.0,19.0,43.0,46.0,116.0,0.052,14.5,66.2,True
PN-102012,24,ELECTRICAL POWER,BOEING,737 MAX 8,KRİTİK,YOK,Satınalma,33.0,21,5.25,3.81,77.8,0.95,5.0,5.0,11.0,13.0,33.0,0.048,3.7,66.0,True
PN-100149,22,AUTO FLIGHT,BOEING,737 MAX 8,KRİTİK,YOK,Yurtdışı tamir,48.0,10,2.5,3.81,36.8,0.95,4.0,4.0,7.0,9.0,19.0,0.6,22.1,66.0,True
PN-104197,24,ELECTRICAL POWER,AIRBUS,A320-200,AOG KRİTİK,YOK,Yurtdışı tamir,83.0,9,2.25,0.64,5.7,0.98,3.0,6.0,9.0,5.0,7.0,0.111,0.6,65.9,False
PN-103482,73,ENGINE FUEL AND CONTROL,BOEING,737 MAX 8,KRİTİK,YOK,Yurtdışı tamir,55.0,5,1.15,3.81,17.1,0.95,3.0,3.0,5.0,6.0,11.0,0.2,3.4,65.9,True
PN-103679,72,ENGINE,AIRBUS,A321neo,KRİTİK,YOK,Yurtdışı tamir,46.0,37,9.25,2.96,107.1,0.95,7.0,9.0,19.0,21.0,48.0,0.189,20.3,65.9,True
PN-103592,80,STARTING,AIRBUS,A350-900,KRİTİK,YOK,Yurtdışı tamir,47.0,12,3.0,3.75,43.5,0.95,4.0,5.0,8.0,10.0,21.0,0.167,7.2,65.9,True
PN-104756,36,PNEUMATIC,AIRBUS,A321neo,AOG KRİTİK,YOK,Satınalma,26.0,3,0.85,2.96,9.9,0.98,2.0,3.0,4.0,3.0,6.0,0.0,0.0,65.8,False
PN-101782,21,AIR CONDITIONING,AIRBUS,A350-900,KRİTİK,YOK,Satınalma,44.0,14,3.5,3.75,50.4,0.95,5.0,5.0,9.0,12.0,25.0,0.286,14.4,65.8,True
PN-102859,32,LANDING GEAR,BOEING,737 MAX 8,AOG KRİTİK,VAR,Yurtiçi tamir,6.0,40,10.0,3.81,148.1,0.98,4.0,3.0,13.0,7.0,45.0,0.075,11.1,65.8,False
PN-104476,79,OIL,BOEING,737 MAX 8,KRİTİK,YOK,Yurtdışı tamir,48.0,9,2.25,3.81,34.0,0.95,4.0,4.0,7.0,9.0,18.0,0.111,3.8,65.7,True
PN-100514,79,OIL,AIRBUS,A320neo,AOG KRİTİK,YOK,Satınalma,34.0,7,1.49,2.59,15.0,0.98,3.0,3.0,5.0,5.0,9.0,0.143,2.1,65.7,False
PN-102871,80,STARTING,BOEING,787-9,KRİTİK,YOK,Yurtdışı tamir,23.0,30,7.5,3.75,110.8,0.95,5.0,5.0,13.0,12.0,40.0,0.0,0.0,65.7,False
PN-104117,24,ELECTRICAL POWER,BOEING,737 MAX 8,AOG KRİTİK,VAR,Yurtiçi tamir,17.0,20,5.0,3.81,74.7,0.98,4.0,3.0,8.0,8.0,27.0,0.0,0.0,65.7,False
PN-104528,32,LANDING GEAR,AIRBUS,A350-900,KRİTİK,YOK,Yurtdışı tamir,23.0,85,21.25,3.75,313.5,0.95,8.0,10.0,32.0,28.0,107.0,0.047,14.8,65.7,False
PN-103688,80,STARTING,AIRBUS,A350-900,AOG KRİTİK,VAR,Yurtiçi tamir,7.0,30,7.5,3.75,110.6,0.98,3.0,3.0,11.0,6.0,34.0,0.133,14.7,65.6,False
PN-100019,32,LANDING GEAR,AIRBUS,A320neo,AOG KRİTİK,YOK,Satınalma,28.0,12,3.0,2.59,30.8,0.98,4.0,3.0,6.0,7.0,15.0,0.167,5.1,65.6,True
PN-100944,24,ELECTRICAL POWER,BOEING,737 MAX 8,KRİTİK,YOK,Yurtdışı tamir,36.0,17,4.25,3.81,63.7,0.95,5.0,5.0,10.0,12.0,28.0,0.412,26.2,65.5,True
PN-102434,32,LANDING GEAR,AIRBUS,A350-900,KRİTİK,YOK,Yurtdışı tamir,33.0,21,5.25,3.75,76.9,0.95,5.0,5.0,11.0,12.0,32.0,0.143,11.0,65.5,True
PN-103169,49,AIRBORNE AUXILIARY POWER (APU),BOEING,737 MAX 8,KRİTİK,YOK,Yurtdışı tamir,51.0,8,1.54,3.81,23.3,0.95,3.0,3.0,5.0,7.0,13.0,0.5,11.7,65.5,True
PN-100359,72,ENGINE,AIRBUS,A321neo,KRİTİK,YOK,Yurtdışı tamir,56.0,25,6.25,2.96,72.7,0.95,6.0,8.0,15.0,18.0,37.0,0.16,11.6,65.4,True
PN-104246,28,FUEL,AIRBUS,A350-900,KRİTİK,YOK,Satınalma,29.0,24,6.0,3.75,86.4,0.95,5.0,5.0,11.0,12.0,34.0,0.083,7.2,65.4,True
PN-102801,32,LANDING GEAR,AIRBUS,A350-900,KRİTİK,YOK,Satınalma,22.0,52,13.0,3.75,191.3,0.95,6.0,7.0,20.0,18.0,66.0,0.038,7.4,65.4,False
PN-100205,27,FLIGHT CONTROLS,AIRBUS,A321neo,AOG KRİTİK,YOK,Satınalma,28.0,0,0.0,2.96,0.0,0.98,0.0,0.0,0.0,0.0,0.0,0.0,0.0,65.4,False
PN-103217,32,LANDING GEAR,BOEING,787-9,AOG KRİTİK,VAR,Yurtiçi tamir,6.0,108,27.0,3.75,396.5,0.98,6.0,5.0,32.0,13.0,113.0,0.139,55.1,65.3,False
PN-103633,72,ENGINE,AIRBUS,A320neo,AOG KRİTİK,YOK,Yurtdışı tamir,33.0,5,1.28,2.59,13.3,0.98,3.0,3.0,5.0,5.0,9.0,0.0,0.0,65.3,False
PN-101757,49,AIRBORNE AUXILIARY POWER (APU),AIRBUS,A321neo,KRİTİK,YOK,Satınalma,55.0,25,6.25,2.96,74.0,0.95,6.0,8.0,15.0,18.0,37.0,0.04,3.0,65.3,True
PN-103015,32,LANDING GEAR,BOEING,787-9,AOG KRİTİK,VAR,Yurtiçi tamir,6.0,42,10.5,3.75,154.3,0.98,4.0,3.0,14.0,7.0,46.0,0.095,14.7,65.3,False
PN-104319,22,AUTO FLIGHT,BOEING,787-9,KRİTİK,YOK,Yurtdışı tamir,21.0,31,7.75,3.75,112.4,0.95,5.0,5.0,13.0,12.0,41.0,0.065,7.2,65.2,False
PN-104006,27,FLIGHT CONTROLS,BOEING,777-F,AOG KRİTİK,YOK,Satınalma,32.0,9,2.25,2.5,22.1,0.98,3.0,3.0,6.0,5.0,11.0,0.111,2.5,65.2,False
PN-102499,79,OIL,AIRBUS,A350-900,KRİTİK,YOK,Yurtdışı tamir,30.0,22,5.5,3.75,81.3,0.95,5.0,5.0,11.0,12.0,33.0,0.091,7.4,65.2,True
PN-101283,73,ENGINE FUEL AND CONTROL,AIRBUS,A320neo,AOG KRİTİK,YOK,Yurtdışı tamir,21.0,18,4.5,2.59,45.3,0.98,4.0,5.0,10.0,7.0,19.0,0.222,10.1,65.2,False
PN-102531,73,ENGINE FUEL AND CONTROL,BOEING,737 MAX 8,KRİTİK,YOK,Satınalma,19.0,36,9.0,3.81,132.4,0.95,5.0,5.0,14.0,12.0,46.0,0.306,40.5,65.1,False
PN-104511,35,OXYGEN,BOEING,787-9,KRİTİK,YOK,Yurtdışı tamir,42.0,13,3.25,3.75,47.3,0.95,4.0,5.0,9.0,10.0,22.0,0.077,3.6,65.0,True
PN-101049,24,ELECTRICAL POWER,BOEING,737 MAX 8,AOG KRİTİK,VAR,Yurtiçi tamir,9.0,24,6.0,3.81,89.1,0.98,4.0,3.0,9.0,7.0,30.0,0.125,11.1,65.0,False
PN-101568,77,ENGINE INDICATING,BOEING,777-300ER,AOG KRİTİK,YOK,Satınalma,27.0,59,14.75,1.67,96.2,0.98,6.0,10.0,25.0,14.0,39.0,0.034,3.3,65.0,False
PN-103550,32,LANDING GEAR,AIRBUS,A321neo,AOG KRİTİK,YOK,Yurtdışı tamir,18.0,8,2.0,2.96,23.0,0.98,3.0,3.0,5.0,5.0,11.0,0.0,0.0,65.0,False
PN-102616,80,STARTING,AIRBUS,A350-900,KRİTİK,YOK,Satınalma,35.0,18,4.5,3.75,65.3,0.95,5.0,5.0,10.0,12.0,29.0,0.167,10.9,64.9,True
PN-101389,77,ENGINE INDICATING,AIRBUS,A320neo,AOG KRİTİK,YOK,Satınalma,31.0,6,1.5,2.59,14.9,0.98,3.0,3.0,5.0,5.0,9.0,0.0,0.0,64.9,False
PN-104058,26,FIRE PROTECTION,BOEING,737 MAX 8,KRİTİK,YOK,Satınalma,35.0,16,4.0,3.81,60.1,0.95,4.0,5.0,9.0,10.0,26.0,0.188,11.3,64.9,True
PN-101064,72,ENGINE,BOEING,787-9,KRİTİK,YOK,Satınalma,20.0,164,41.0,3.75,607.6,0.95,10.0,14.0,55.0,44.0,196.0,0.091,55.6,64.9,False
PN-101945,24,ELECTRICAL POWER,AIRBUS,A321neo,KRİTİK,YOK,Yurtdışı tamir,47.0,31,7.75,2.96,90.8,0.95,6.0,8.0,16.0,18.0,41.0,0.194,17.6,64.8,True
PN-101741,72,ENGINE,BOEING,737 MAX 8,KRİTİK,YOK,Satınalma,18.0,121,30.25,3.81,455.3,0.95,8.0,11.0,42.0,31.0,145.0,0.083,37.6,64.8,False
PN-102750,27,FLIGHT CONTROLS,AIRBUS,A321neo,KRİTİK,YOK,Satınalma,56.0,23,5.75,2.96,66.0,0.95,6.0,8.0,14.0,17.0,34.0,0.043,2.9,64.8,True
PN-102321,21,AIR CONDITIONING,AIRBUS,A320neo,AOG KRİTİK,YOK,Satınalma,32.0,4,1.05,2.59,10.6,0.98,2.0,3.0,5.0,3.0,6.0,0.0,0.0,64.7,False
PN-102927,29,HYDRAULIC POWER,BOEING,737 MAX 8,KRİTİK,YOK,Satınalma,29.0,20,5.0,3.81,74.2,0.95,4.0,5.0,10.0,10.0,29.0,0.05,3.7,64.7,False
PN-104480,34,NAVIGATION,BOEING,787-9,AOG KRİTİK,VAR,Yurtiçi tamir,10.0,24,6.0,3.75,87.4,0.98,4.0,3.0,9.0,7.0,29.0,0.25,21.9,64.7,False
PN-102421,72,ENGINE,AIRBUS,A320-200,AOG KRİTİK,YOK,Yurtdışı tamir,41.0,231,57.75,0.64,142.9,0.98,9.0,37.0,95.0,26.0,62.0,0.065,9.3,64.7,False
PN-100748,29,HYDRAULIC POWER,BOEING,737 MAX 8,KRİTİK,YOK,Satınalma,17.0,40,10.0,3.81,150.7,0.95,5.0,5.0,15.0,13.0,51.0,0.2,30.1,64.6,False
PN-101725,73,ENGINE FUEL AND CONTROL,BOEING,737 MAX 8,KRİTİK,YOK,Satınalma,17.0,38,9.5,3.81,142.6,0.95,5.0,5.0,15.0,12.0,48.0,0.026,3.8,64.6,False
PN-100590,73,ENGINE FUEL AND CONTROL,BOEING,737 MAX 8,KRİTİK,YOK,Satınalma,17.0,29,7.25,3.81,108.7,0.95,4.0,4.0,12.0,10.0,38.0,0.241,26.2,64.6,False
PN-102086,72,ENGINE,AIRBUS,A330-200,AOG KRİTİK,YOK,Satınalma,33.0,76,19.0,1.33,100.8,0.98,7.0,13.0,32.0,17.0,43.0,0.0,0.0,64.6,False
PN-100720,24,ELECTRICAL POWER,AIRBUS,A320neo,AOG KRİTİK,YOK,Satınalma,32.0,1,0.85,2.59,9.1,0.98,2.0,3.0,4.0,3.0,6.0,0.0,0.0,64.6,False
PN-100479,23,COMMUNICATIONS,BOEING,737 MAX 8,KRİTİK,YOK,Satınalma,17.0,33,8.25,3.81,123.8,0.95,4.0,5.0,14.0,10.0,41.0,0.121,15.0,64.6,False
PN-103019,72,ENGINE,AIRBUS,A330-300,AOG KRİTİK,YOK,Yurtdışı tamir,62.0,35,8.75,1.11,38.3,0.98,6.0,12.0,21.0,13.0,23.0,0.057,2.2,64.5,False
PN-101393,72,ENGINE,AIRBUS,A330-200,AOG KRİTİK,YOK,Yurtdışı tamir,62.0,16,4.0,1.33,20.6,0.98,4.0,7.0,11.0,8.0,14.0,0.062,1.3,64.4,False
PN-102728,49,AIRBORNE AUXILIARY POWER (APU),AIRBUS,A320neo,KRİTİK,YOK,Yurtdışı tamir,50.0,85,21.25,2.59,214.6,0.95,9.0,18.0,40.0,39.0,93.0,0.094,20.2,64.3,False
PN-101796,80,STARTING,AIRBUS,A321neo,KRİTİK,YOK,Satınalma,42.0,34,8.5,2.96,98.7,0.95,6.0,8.0,17.0,18.0,43.0,0.059,5.8,64.3,True
PN-104135,80,STARTING,AIRBUS,A320neo,KRİTİK,YOK,Yurtdışı tamir,49.0,83,20.75,2.59,210.8,0.95,9.0,18.0,39.0,38.0,91.0,0.241,50.8,64.1,False
PN-104515,73,ENGINE FUEL AND CONTROL,BOEING,787-9,KRİTİK,YOK,Satınalma,30.0,19,4.75,3.75,70.2,0.95,4.0,5.0,10.0,10.0,28.0,0.158,11.1,64.1,False
PN-103198,80,STARTING,BOEING,737 MAX 8,KRİTİK,YOK,Satınalma,50.0,3,0.69,3.81,10.1,0.95,2.0,3.0,4.0,4.0,7.0,0.0,0.0,63.9,False
PN-104088,80,STARTING,BOEING,737 MAX 8,KRİTİK,YOK,Yurtdışı tamir,41.0,9,2.25,3.81,32.9,0.95,4.0,4.0,7.0,8.0,17.0,0.111,3.7,63.8,True
PN-104894,34,NAVIGATION,BOEING,737 MAX 8,KRİTİK,YOK,Yurtdışı tamir,39.0,10,2.5,3.81,37.9,0.95,4.0,4.0,7.0,9.0,19.0,0.0,0.0,63.8,True
PN-104202,29,HYDRAULIC POWER,BOEING,787-9,AOG KRİTİK,VAR,Yurtiçi tamir,14.0,18,4.5,3.75,66.6,0.98,4.0,3.0,8.0,7.0,24.0,0.056,3.7,63.7,False
PN-103969,52,DOORS,BOEING,737 MAX 8,KRİTİK,YOK,Yurtdışı tamir,44.0,8,1.59,3.81,23.5,0.95,3.0,3.0,5.0,6.0,12.0,0.25,5.9,63.7,True
PN-101097,72,ENGINE,BOEING,777-300ER,AOG KRİTİK,YOK,Yurtdışı tamir,53.0,9,1.87,1.67,12.0,0.98,3.0,5.0,7.0,5.0,8.0,0.0,0.0,63.6,False
PN-101066,79,OIL,BOEING,737 MAX 8,KRİTİK,YOK,Satınalma,41.0,8,2.0,3.81,29.8,0.95,4.0,3.0,5.0,8.0,16.0,0.0,0.0,63.5,True
PN-102389,76,ENGINE CONTROLS,BOEING,787-9,KRİTİK,YOK,Satınalma,22.0,23,5.75,3.75,85.6,0.95,4.0,4.0,10.0,10.0,32.0,0.13,11.2,63.5,False
PN-104254,29,HYDRAULIC POWER,AIRBUS,A321neo,KRİTİK,YOK,Yurtdışı tamir,36.0,47,11.75,2.96,138.4,0.95,7.0,9.0,21.0,21.0,56.0,0.234,32.4,63.4,False
PN-102120,72,ENGINE,AIRBUS,A320neo,AOG KRİTİK,YOK,Satınalma,23.0,8,2.0,2.59,20.4,0.98,3.0,3.0,5.0,5.0,11.0,0.0,0.0,63.4,False
PN-103255,25,EQUIPMENT / FURNISHINGS,AIRBUS,A350-900,KRİTİK,YOK,Satınalma,31.0,16,4.0,3.75,58.4,0.95,4.0,4.0,8.0,9.0,24.0,0.0,0.0,63.3,True
PN-104297,73,ENGINE FUEL AND CONTROL,AIRBUS,A320neo,KRİTİK,YOK,Satınalma,46.0,69,17.25,2.59,173.2,0.95,8.0,14.0,32.0,30.0,74.0,0.043,7.5,63.3,False
PN-104042,72,ENGINE,BOEING,777-300ER,AOG KRİTİK,YOK,Satınalma,45.0,18,4.5,1.67,29.5,0.98,4.0,7.0,12.0,8.0,16.0,0.0,0.0,63.3,False
PN-102235,73,ENGINE FUEL AND CONTROL,BOEING,737-800,AOG KRİTİK,YOK,Yurtdışı tamir,67.0,36,9.0,0.56,19.8,0.98,4.0,13.0,22.0,8.0,13.0,0.028,0.5,63.2,False
PN-100954,73,ENGINE FUEL AND CONTROL,BOEING,787-9,KRİTİK,YOK,Satınalma,31.0,16,4.0,3.75,57.6,0.95,4.0,4.0,8.0,9.0,24.0,0.062,3.6,63.2,True
PN-101123,27,FLIGHT CONTROLS,BOEING,737 MAX 8,KRİTİK,YOK,Satınalma,13.0,27,6.75,3.81,100.3,0.95,4.0,3.0,10.0,8.0,34.0,0.037,3.7,63.1,False
PN-100431,72,ENGINE,AIRBUS,A320neo,KRİTİK,YOK,Yurtdışı tamir,45.0,47,11.75,2.59,118.8,0.95,7.0,10.0,22.0,22.0,52.0,0.149,17.7,63.1,False
PN-104227,49,AIRBORNE AUXILIARY POWER (APU),AIRBUS,A320neo,KRİTİK,YOK,Yurtdışı tamir,45.0,53,13.25,2.59,135.6,0.95,7.0,12.0,26.0,24.0,58.0,0.094,12.8,63.1,False
PN-104840,72,ENGINE,AIRBUS,A330-300,AOG KRİTİK,YOK,Yurtdışı tamir,48.0,56,14.0,1.11,60.6,0.98,6.0,14.0,28.0,14.0,30.0,0.107,6.5,63.0,False
PN-103446,29,HYDRAULIC POWER,AIRBUS,A319-100,AOG KRİTİK,YOK,Yurtdışı tamir,69.0,23,5.75,0.56,12.7,0.98,4.0,10.0,16.0,7.0,11.0,0.087,1.1,63.0,False
PN-102936,72,ENGINE,BOEING,737 MAX 8,AOG KRİTİK,VAR,Yurtiçi tamir,18.0,12,3.0,3.81,44.4,0.98,4.0,3.0,6.0,7.0,19.0,0.0,0.0,63.0,True
PN-101627,49,AIRBORNE AUXILIARY POWER (APU),AIRBUS,A321neo,KRİTİK,YOK,Satınalma,34.0,41,10.25,2.96,118.5,0.95,6.0,8.0,19.0,18.0,48.0,0.195,23.1,62.9,False
PN-104656,24,ELECTRICAL POWER,BOEING,737 MAX 8,KRİTİK,YOK,Satınalma,29.0,15,3.75,3.81,55.4,0.95,4.0,4.0,8.0,9.0,23.0,0.0,0.0,62.9,True
PN-103160,24,ELECTRICAL POWER,AIRBUS,A321neo,KRİTİK,YOK,Yurtdışı tamir,59.0,13,3.25,2.96,38.2,0.95,5.0,6.0,10.0,12.0,22.0,0.0,0.0,62.9,True
PN-101992,28,FUEL,BOEING,787-9,KRİTİK,YOK,Yurtdışı tamir,35.0,13,2.94,3.75,44.4,0.95,4.0,4.0,7.0,9.0,21.0,0.154,6.8,62.9,True
PN-100397,26,FIRE PROTECTION,AIRBUS,A320neo,KRİTİK,YOK,Yurtdışı tamir,46.0,39,9.75,2.59,99.7,0.95,6.0,9.0,19.0,19.0,44.0,0.103,10.2,62.8,False
PN-101154,28,FUEL,AIRBUS,A321-200,AOG KRİTİK,YOK,Yurtdışı tamir,68.0,19,4.75,0.69,12.8,0.98,4.0,8.0,13.0,7.0,11.0,0.053,0.7,62.8,False
PN-103748,77,ENGINE INDICATING,AIRBUS,A350-900,KRİTİK,YOK,Yurtdışı tamir,22.0,21,5.25,3.75,77.7,0.95,4.0,4.0,10.0,9.0,29.0,0.095,7.4,62.8,False
PN-101332,32,LANDING GEAR,AIRBUS,A321neo,KRİTİK,YOK,Yurtdışı tamir,40.0,30,7.5,2.96,87.8,0.95,6.0,7.0,15.0,16.0,38.0,0.167,14.6,62.7,True
PN-100901,22,AUTO FLIGHT,BOEING,737 MAX 8,KRİTİK,YOK,Satınalma,46.0,2,0.5,3.81,7.3,0.95,2.0,2.0,3.0,3.0,5.0,0.0,0.0,62.7,False
PN-103586,32,LANDING GEAR,AIRBUS,A330-200,AOG KRİTİK,YOK,Yurtdışı tamir,41.0,45,11.25,1.33,58.6,0.98,6.0,11.0,23.0,13.0,28.0,0.111,6.5,62.6,False
PN-100199,80,STARTING,BOEING,737 MAX 8,KRİTİK DEĞİL,YOK,Satınalma,64.0,39,9.75,3.81,146.3,0.9,7.0,11.0,21.0,33.0,70.0,0.128,18.8,62.6,True
PN-101383,77,ENGINE INDICATING,AIRBUS,A321neo,KRİTİK,YOK,Yurtdışı tamir,40.0,30,7.5,2.96,86.6,0.95,6.0,7.0,15.0,16.0,38.0,0.067,5.8,62.6,True
PN-102524,22,AUTO FLIGHT,AIRBUS,A350-900,KRİTİK,YOK,Satınalma,35.0,11,2.75,3.75,39.9,0.95,4.0,4.0,7.0,8.0,18.0,0.182,7.2,62.5,True
PN-103351,79,OIL,BOEING,737 MAX 8,KRİTİK,YOK,Satınalma,43.0,5,0.97,3.81,14.2,0.95,3.0,3.0,4.0,5.0,9.0,0.2,2.8,62.5,True
PN-103811,32,LANDING GEAR,BOEING,737 MAX 8,KRİTİK,YOK,Satınalma,41.0,6,1.31,3.81,19.1,0.95,3.0,3.0,5.0,6.0,11.0,0.333,6.4,62.5,True
PN-103465,72,ENGINE,AIRBUS,A320neo,AOG KRİTİK,YOK,Satınalma,24.0,3,0.85,2.59,8.7,0.98,2.0,2.0,3.0,3.0,6.0,0.0,0.0,62.5,False
PN-103985,29,HYDRAULIC POWER,BOEING,777-300ER,AOG KRİTİK,YOK,Satınalma,40.0,22,5.5,1.67,35.2,0.98,5.0,7.0,13.0,9.0,18.0,0.136,4.8,62.5,False
PN-100393,49,AIRBORNE AUXILIARY POWER (APU),AIRBUS,A350-900,KRİTİK,YOK,Yurtdışı tamir,34.0,12,2.94,3.75,42.5,0.95,4.0,4.0,7.0,8.0,19.0,0.0,0.0,62.5,True
PN-104873,49,AIRBORNE AUXILIARY POWER (APU),BOEING,737 MAX 8,AOG KRİTİK,VAR,Yurtiçi tamir,7.0,18,4.5,3.81,66.9,0.98,3.0,3.0,8.0,5.0,22.0,0.056,3.7,62.4,False
PN-101368,80,STARTING,AIRBUS,A350-900,AOG KRİTİK,VAR,Yurtiçi tamir,8.0,18,4.5,3.75,67.6,0.98,3.0,3.0,8.0,5.0,22.0,0.0,0.0,62.3,False
PN-102060,77,ENGINE INDICATING,BOEING,787-9,KRİTİK,YOK,Satınalma,23.0,19,4.75,3.75,70.2,0.95,4.0,4.0,9.0,9.0,27.0,0.211,14.8,62.3,False
PN-101516,34,NAVIGATION,AIRBUS,A320neo,KRİTİK,YOK,Yurtdışı tamir,69.0,13,3.25,2.59,33.2,0.95,5.0,6.0,10.0,12.0,21.0,0.462,15.3,62.3,True
PN-100750,79,OIL,BOEING,787-9,KRİTİK,YOK,Yurtdışı tamir,35.0,10,2.5,3.75,36.0,0.95,4.0,3.0,6.0,8.0,17.0,0.1,3.6,62.2,True
PN-104543,49,AIRBORNE AUXILIARY POWER (APU),AIRBUS,A320neo,KRİTİK,YOK,Yurtdışı tamir,69.0,13,3.25,2.59,32.4,0.95,5.0,6.0,10.0,12.0,21.0,0.308,10.0,62.2,True
PN-104306,72,ENGINE,AIRBUS,A330-200,AOG KRİTİK,YOK,Satınalma,51.0,20,5.0,1.33,26.1,0.98,4.0,7.0,12.0,8.0,15.0,0.25,6.5,62.1,False
PN-104415,32,LANDING GEAR,BOEING,777-300ER,AOG KRİTİK,YOK,Satınalma,45.0,10,2.5,1.67,16.7,0.98,3.0,5.0,8.0,6.0,11.0,0.2,3.3,62.0,False
PN-101387,29,HYDRAULIC POWER,BOEING,737 MAX 8,KRİTİK,YOK,Satınalma,19.0,20,5.0,3.81,73.1,0.95,4.0,4.0,9.0,8.0,27.0,0.2,14.6,62.0,False
PN-102236,27,FLIGHT CONTROLS,BOEING,737-800,AOG KRİTİK,YOK,Satınalma,60.0,47,11.75,0.56,25.6,0.98,5.0,14.0,26.0,10.0,17.0,0.064,1.6,62.0,False
PN-104879,72,ENGINE,AIRBUS,A321-200,AOG KRİTİK,YOK,Yurtdışı tamir,30.0,182,45.5,0.69,123.4,0.98,7.0,23.0,69.0,18.0,49.0,0.154,19.0,61.9,False
PN-103212,29,HYDRAULIC POWER,BOEING,787-9,KRİTİK,YOK,Yurtdışı tamir,45.0,1,0.42,3.75,6.6,0.95,2.0,2.0,3.0,3.0,5.0,1.0,6.6,61.9,False
PN-100480,28,FUEL,AIRBUS,A350-900,KRİTİK,YOK,Satınalma,40.0,6,1.19,3.75,17.6,0.95,3.0,3.0,5.0,5.0,10.0,0.0,0.0,61.7,False
PN-101366,28,FUEL,AIRBUS,A330-300,AOG KRİTİK,YOK,Yurtdışı tamir,51.0,35,8.75,1.11,38.5,0.98,5.0,10.0,19.0,11.0,21.0,0.143,5.5,61.7,False
PN-101138,72,ENGINE,BOEING,737-900ER,AOG KRİTİK,YOK,Satınalma,53.0,42,10.5,1.0,41.1,0.98,6.0,13.0,24.0,12.0,23.0,0.143,5.9,61.7,False
PN-100556,72,ENGINE,AIRBUS,A350-900,KRİTİK,YOK,Yurtdışı tamir,23.0,17,4.25,3.75,62.5,0.95,4.0,4.0,9.0,8.0,24.0,0.235,14.7,61.6,False
PN-104215,80,STARTING,BOEING,737 MAX 8,KRİTİK,YOK,Satınalma,28.0,12,3.0,3.81,44.1,0.95,4.0,3.0,6.0,8.0,20.0,0.25,11.0,61.6,True
PN-103262,72,ENGINE,BOEING,737-800,AOG KRİTİK,YOK,Yurtdışı tamir,58.0,50,12.5,0.56,27.4,0.98,5.0,14.0,27.0,10.0,17.0,0.04,1.1,61.6,False
PN-103497,34,NAVIGATION,BOEING,737 MAX 8,KRİTİK,YOK,Yurtdışı tamir,32.0,9,2.25,3.81,33.4,0.95,3.0,3.0,6.0,6.0,15.0,0.222,7.4,61.6,False
PN-101649,74,IGNITION,AIRBUS,A321neo,KRİTİK,YOK,Yurtdışı tamir,29.0,37,9.25,2.96,107.3,0.95,5.0,6.0,16.0,14.0,41.0,0.162,17.4,61.6,False
PN-101908,21,AIR CONDITIONING,BOEING,737 MAX 8,KRİTİK,YOK,Satınalma,36.0,6,1.5,3.81,22.2,0.95,3.0,3.0,5.0,6.0,12.0,0.167,3.7,61.5,True
PN-104040,29,HYDRAULIC POWER,BOEING,777-300ER,AOG KRİTİK,YOK,Satınalma,32.0,28,7.0,1.67,45.6,0.98,5.0,7.0,14.0,9.0,21.0,0.0,0.0,61.5,False
PN-101867,72,ENGINE,AIRBUS,A330-300,AOG KRİTİK,YOK,Satınalma,49.0,39,9.75,1.11,42.0,0.98,5.0,11.0,21.0,11.0,22.0,0.41,17.2,61.5,False
PN-102478,23,COMMUNICATIONS,BOEING,737 MAX 8,KRİTİK,YOK,Yurtdışı tamir,44.0,0,0.0,3.81,0.0,0.95,0.0,0.0,0.0,0.0,0.0,0.0,0.0,61.5,False
PN-101134,49,AIRBORNE AUXILIARY POWER (APU),AIRBUS,A330-300,AOG KRİTİK,YOK,Satınalma,25.0,99,24.75,1.11,107.2,0.98,6.0,13.0,38.0,14.0,41.0,0.111,11.9,61.4,False
PN-102285,74,IGNITION,BOEING,737 MAX 8,KRİTİK,YOK,Yurtdışı tamir,34.0,7,1.75,3.81,26.1,0.95,3.0,3.0,5.0,6.0,13.0,0.0,0.0,61.4,True
PN-100577,35,OXYGEN,AIRBUS,A350-900,KRİTİK,YOK,Yurtdışı tamir,40.0,3,0.9,3.75,13.3,0.95,2.0,3.0,4.0,4.0,8.0,0.333,4.4,61.3,False
PN-102718,49,AIRBORNE AUXILIARY POWER (APU),AIRBUS,A321-200,AOG KRİTİK,YOK,Satınalma,40.0,107,26.75,0.69,72.7,0.98,6.0,20.0,47.0,14.0,33.0,0.037,2.7,61.3,False
PN-102144,30,ICE & RAIN PROTECTION,AIRBUS,A320neo,KRİTİK,YOK,Yurtdışı tamir,38.0,71,17.75,2.59,183.1,0.95,8.0,13.0,31.0,28.0,74.0,0.113,20.6,61.3,False
PN-104917,28,FUEL,BOEING,737 MAX 8,KRİTİK DEĞİL,YOK,Yurtdışı tamir,59.0,33,8.25,3.81,121.5,0.9,6.0,9.0,18.0,26.0,57.0,0.121,14.7,61.3,True
PN-101809,79,OIL,AIRBUS,A350-900,KRİTİK,YOK,Yurtdışı tamir,34.0,9,1.91,3.75,28.8,0.95,3.0,3.0,5.0,6.0,14.0,0.111,3.2,61.2,True
PN-101646,29,HYDRAULIC POWER,AIRBUS,A319-100,AOG KRİTİK,YOK,Satınalma,62.0,22,5.5,0.56,11.9,0.98,3.0,8.0,14.0,6.0,9.0,0.227,2.7,61.2,False
PN-102037,22,AUTO FLIGHT,BOEING,737 MAX 8,KRİTİK,YOK,Yurtdışı tamir,35.0,8,1.46,3.81,21.9,0.95,3.0,3.0,5.0,6.0,12.0,0.125,2.7,61.2,True
PN-101136,71,POWER PLANT,BOEING,737 MAX 8,KRİTİK,YOK,Yurtdışı tamir,34.0,6,1.6,3.81,23.7,0.95,3.0,3.0,5.0,6.0,12.0,0.333,7.9,61.2,True
PN-100572,28,FUEL,BOEING,737 MAX 8,KRİTİK,YOK,Satınalma,42.0,1,0.21,3.81,3.1,0.95,1.0,2.0,3.0,2.0,3.0,0.0,0.0,61.2,False
PN-101231,72,ENGINE,BOEING,777-300ER,AOG KRİTİK,YOK,Yurtdışı tamir,39.0,14,3.5,1.67,22.7,0.98,4.0,5.0,9.0,7.0,13.0,0.071,1.6,61.1,False
PN-104378,25,EQUIPMENT / FURNISHINGS,BOEING,737-800,AOG KRİTİK,YOK,Yurtdışı tamir,60.0,31,7.75,0.56,16.6,0.98,4.0,11.0,19.0,7.0,12.0,0.194,3.2,61.1,False
PN-104941,32,LANDING GEAR,BOEING,737 MAX 8,AOG KRİTİK,VAR,Yurtiçi tamir,3.0,17,4.25,3.81,64.3,0.98,2.0,2.0,7.0,3.0,20.0,0.0,0.0,61.1,False
PN-103346,49,AIRBORNE AUXILIARY POWER (APU),BOEING,777-F,AOG KRİTİK,YOK,Yurtdışı tamir,20.0,4,1.1,2.5,10.8,0.98,2.0,3.0,5.0,3.0,6.0,0.25,2.7,61.0,False
PN-100170,23,COMMUNICATIONS,AIRBUS,A350-900,AOG KRİTİK,VAR,Yurtiçi tamir,5.0,17,4.25,3.75,62.0,0.98,2.0,2.0,7.0,3.0,19.0,0.059,3.6,61.0,False
PN-100449,28,FUEL,BOEING,737 MAX 8,KRİTİK DEĞİL,YOK,Yurtdışı tamir,58.0,38,9.5,3.81,140.3,0.9,7.0,11.0,21.0,30.0,66.0,0.105,14.8,61.0,True
PN-104550,22,AUTO FLIGHT,BOEING,787-9,KRİTİK,YOK,Satınalma,26.0,13,3.25,3.75,47.3,0.95,4.0,3.0,7.0,8.0,20.0,0.077,3.6,60.9,True
PN-103345,72,ENGINE,BOEING,777-300ER,AOG KRİTİK,YOK,Satınalma,30.0,28,7.0,1.67,45.3,0.98,4.0,7.0,14.0,8.0,20.0,0.036,1.6,60.9,False
PN-104758,32,LANDING GEAR,BOEING,737-800,AOG KRİTİK,YOK,Yurtdışı tamir,61.0,22,5.5,0.56,11.9,0.98,3.0,8.0,14.0,5.0,8.0,0.045,0.5,60.9,False
PN-104935,49,AIRBORNE AUXILIARY POWER (APU),AIRBUS,A321neo,KRİTİK,YOK,Yurtdışı tamir,34.0,29,7.25,2.96,84.3,0.95,5.0,6.0,14.0,13.0,35.0,0.138,11.6,60.9,False
PN-104703,76,ENGINE CONTROLS,BOEING,787-9,KRİTİK,YOK,Yurtdışı tamir,30.0,10,2.5,3.75,36.3,0.95,3.0,3.0,6.0,6.0,16.0,0.1,3.6,60.9,False
PN-102534,73,ENGINE FUEL AND CONTROL,AIRBUS,A350-900,KRİTİK,YOK,Satınalma,20.0,17,4.25,3.75,62.5,0.95,4.0,3.0,8.0,8.0,24.0,0.0,0.0,60.8,False
PN-100489,49,AIRBORNE AUXILIARY POWER (APU),AIRBUS,A350-900,KRİTİK,YOK,Yurtdışı tamir,35.0,6,1.5,3.75,21.6,0.95,3.0,3.0,5.0,6.0,12.0,0.167,3.6,60.8,True
PN-103850,72,ENGINE,BOEING,737-900ER,AOG KRİTİK,YOK,Yurtdışı tamir,52.0,35,8.75,1.0,34.5,0.98,5.0,10.0,19.0,10.0,19.0,0.086,3.0,60.8,False
PN-102789,74,IGNITION,AIRBUS,A350-900,KRİTİK,YOK,Yurtdışı tamir,31.0,9,2.15,3.75,31.5,0.95,3.0,3.0,6.0,6.0,14.0,0.444,14.0,60.7,False
PN-101321,28,FUEL,AIRBUS,A350-900,AOG KRİTİK,VAR,Yurtiçi tamir,11.0,12,3.0,3.75,43.5,0.98,3.0,3.0,6.0,5.0,16.0,0.0,0.0,60.7,False
PN-100593,80,STARTING,BOEING,787-9,KRİTİK,YOK,Yurtdışı tamir,39.0,4,0.69,3.75,10.1,0.95,2.0,2.0,3.0,4.0,7.0,0.0,0.0,60.7,True
PN-103584,72,ENGINE,AIRBUS,A320-200,AOG KRİTİK,YOK,Yurtdışı tamir,61.0,15,3.75,0.64,9.5,0.98,3.0,7.0,11.0,5.0,8.0,0.0,0.0,60.7,False
PN-102805,80,STARTING,AIRBUS,A350-900,KRİTİK,YOK,Yurtdışı tamir,30.0,9,2.25,3.75,32.7,0.95,3.0,3.0,6.0,6.0,15.0,0.444,14.5,60.6,False
PN-101816,27,FLIGHT CONTROLS,BOEING,777-300ER,AOG KRİTİK,YOK,Satınalma,40.0,9,2.25,1.67,14.7,0.98,3.0,4.0,7.0,5.0,9.0,0.111,1.6,60.6,False
PN-104844,72,ENGINE,AIRBUS,A321-200,AOG KRİTİK,YOK,Satınalma,54.0,38,9.5,0.69,26.0,0.98,5.0,11.0,21.0,9.0,16.0,0.237,6.2,60.5,False
PN-101549,21,AIR CONDITIONING,BOEING,737-800,AOG KRİTİK,YOK,Satınalma,47.0,84,21.0,0.56,45.3,0.98,5.0,18.0,39.0,11.0,23.0,0.036,1.6,60.5,False
PN-104485,30,ICE & RAIN PROTECTION,AIRBUS,A350-900,KRİTİK,YOK,Yurtdışı tamir,28.0,10,2.5,3.75,36.8,0.95,3.0,3.0,6.0,6.0,16.0,0.1,3.7,60.4,False
PN-102547,49,AIRBORNE AUXILIARY POWER (APU),BOEING,737 MAX 8,KRİTİK,YOK,Satınalma,13.0,19,4.75,3.81,71.1,0.95,3.0,3.0,8.0,6.0,24.0,0.053,3.7,60.3,False
PN-103858,29,HYDRAULIC POWER,AIRBUS,A330-200,AOG KRİTİK,YOK,Yurtdışı tamir,40.0,28,7.0,1.33,36.6,0.98,5.0,8.0,15.0,10.0,20.0,0.071,2.6,60.3,False
PN-103696,29,HYDRAULIC POWER,BOEING,737-900ER,AOG KRİTİK,YOK,Yurtdışı tamir,51.0,33,8.25,1.0,31.8,0.98,5.0,10.0,19.0,10.0,18.0,0.121,3.9,60.3,False
PN-104444,72,ENGINE,AIRBUS,A321-200,AOG KRİTİK,YOK,Yurtdışı tamir,48.0,59,14.75,0.69,40.2,0.98,5.0,14.0,29.0,11.0,22.0,0.237,9.5,60.3,False
PN-102729,34,NAVIGATION,AIRBUS,A320neo,AOG KRİTİK,YOK,Satınalma,16.0,4,0.69,2.59,7.0,0.98,2.0,2.0,3.0,3.0,5.0,0.0,0.0,60.3,False
PN-101096,74,IGNITION,BOEING,737 MAX 8,KRİTİK,YOK,Yurtdışı tamir,17.0,16,4.0,3.81,60.3,0.95,3.0,3.0,7.0,6.0,22.0,0.312,18.9,60.3,False
PN-103007,32,LANDING GEAR,AIRBUS,A321neo,KRİTİK,YOK,Satınalma,30.0,31,7.75,2.96,88.8,0.95,5.0,6.0,14.0,13.0,36.0,0.032,2.9,60.3,False
PN-101969,24,ELECTRICAL POWER,AIRBUS,A320neo,AOG KRİTİK,VAR,Yurtiçi tamir,18.0,43,10.75,2.59,108.3,0.98,5.0,6.0,17.0,11.0,39.0,0.256,27.7,60.2,False
PN-103060,27,FLIGHT CONTROLS,BOEING,777-300ER,AOG KRİTİK,YOK,Satınalma,33.0,18,4.5,1.67,29.7,0.98,4.0,5.0,10.0,7.0,15.0,0.167,5.0,60.2,False
PN-103068,24,ELECTRICAL POWER,AIRBUS,A320neo,KRİTİK,YOK,Yurtdışı tamir,34.0,93,23.25,2.59,235.2,0.95,8.0,14.0,38.0,30.0,89.0,0.237,55.6,60.2,False
PN-101789,72,ENGINE,AIRBUS,A350-900,KRİTİK,YOK,Satınalma,26.0,11,2.75,3.75,40.1,0.95,3.0,3.0,6.0,6.0,17.0,0.273,10.9,60.2,False
PN-100296,76,ENGINE CONTROLS,AIRBUS,A350-900,KRİTİK,YOK,Satınalma,32.0,6,1.5,3.75,22.4,0.95,3.0,3.0,5.0,5.0,11.0,0.0,0.0,60.1,False
PN-104258,49,AIRBORNE AUXILIARY POWER (APU),AIRBUS,A321neo,KRİTİK,YOK,Satınalma,23.0,148,37.0,2.96,433.2,0.95,9.0,16.0,53.0,37.0,146.0,0.041,17.6,60.1,False
PN-103251,72,ENGINE,AIRBUS,A321-200,AOG KRİTİK,YOK,Yurtdışı tamir,58.0,17,4.25,0.69,11.5,0.98,3.0,7.0,12.0,5.0,8.0,0.0,0.0,60.1,False
PN-103862,27,FLIGHT CONTROLS,AIRBUS,A330-200,AOG KRİTİK,YOK,Yurtdışı tamir,40.0,26,6.5,1.33,33.7,0.98,4.0,7.0,14.0,8.0,17.0,0.154,5.2,60.0,False
PN-102462,34,NAVIGATION,AIRBUS,A321neo,AOG KRİTİK,VAR,Yurtiçi tamir,8.0,35,8.75,2.96,102.4,0.98,4.0,3.0,12.0,7.0,33.0,0.2,20.5,60.0,False
PN-103965,76,ENGINE CONTROLS,BOEING,737 MAX 8,KRİTİK,YOK,Satınalma,32.0,6,1.15,3.81,16.9,0.95,3.0,3.0,5.0,5.0,10.0,0.167,2.8,60.0,False
PN-103840,76,ENGINE CONTROLS,BOEING,737 MAX 8,KRİTİK,YOK,Satınalma,26.0,9,2.25,3.81,33.2,0.95,3.0,3.0,6.0,6.0,15.0,0.111,3.7,60.0,False
PN-101142,79,OIL,BOEING,737 MAX 8,KRİTİK,YOK,Satınalma,30.0,5,1.44,3.81,22.0,0.95,3.0,3.0,5.0,5.0,11.0,0.0,0.0,60.0,False
PN-100756,72,ENGINE,AIRBUS,A320-200,AOG KRİTİK,YOK,Satınalma,52.0,42,10.5,0.64,26.2,0.98,4.0,12.0,23.0,8.0,15.0,0.095,2.5,60.0,False
PN-104581,80,STARTING,BOEING,737 MAX 8,KRİTİK,YOK,Yurtdışı tamir,24.0,10,2.5,3.81,37.9,0.95,3.0,3.0,6.0,6.0,16.0,0.4,15.2,59.9,False
PN-103200,77,ENGINE INDICATING,BOEING,737 MAX 8,KRİTİK,YOK,Satınalma,34.0,3,0.7,3.81,10.3,0.95,2.0,2.0,3.0,3.0,6.0,0.0,0.0,59.9,False
PN-101903,27,FLIGHT CONTROLS,AIRBUS,A320neo,KRİTİK,YOK,Yurtdışı tamir,56.0,17,4.25,2.59,42.8,0.95,5.0,6.0,11.0,12.0,23.0,0.118,5.0,59.9,True
PN-100799,32,LANDING GEAR,AIRBUS,A319-100,AOG KRİTİK,YOK,Yurtdışı tamir,55.0,31,7.75,0.56,16.8,0.98,4.0,10.0,18.0,7.0,12.0,0.129,2.2,59.9,False
PN-100539,21,AIR CONDITIONING,AIRBUS,A350-900,AOG KRİTİK,VAR,Yurtiçi tamir,7.0,12,3.0,3.75,44.5,0.98,2.0,2.0,5.0,3.0,15.0,0.083,3.7,59.8,False
PN-100160,80,STARTING,BOEING,737 MAX 8,KRİTİK,YOK,Satınalma,17.0,15,3.75,3.81,55.6,0.95,3.0,3.0,7.0,6.0,20.0,0.133,7.4,59.8,False
PN-100803,77,ENGINE INDICATING,BOEING,787-9,KRİTİK,YOK,Satınalma,37.0,2,0.42,3.75,6.1,0.95,2.0,2.0,3.0,3.0,5.0,1.0,6.1,59.8,False
PN-103090,29,HYDRAULIC POWER,AIRBUS,A321neo,KRİTİK,YOK,Satınalma,45.0,15,3.75,2.96,43.7,0.95,4.0,5.0,9.0,10.0,21.0,0.067,2.9,59.8,True
PN-100870,32,LANDING GEAR,BOEING,777-300ER,AOG KRİTİK,YOK,Yurtdışı tamir,39.0,5,1.36,1.67,9.0,0.98,3.0,3.0,5.0,4.0,7.0,0.0,0.0,59.8,False
PN-101859,72,ENGINE,BOEING,737-800,AOG KRİTİK,YOK,Yurtdışı tamir,33.0,138,34.5,0.56,74.2,0.98,6.0,21.0,56.0,13.0,32.0,0.159,11.8,59.7,False
PN-102336,32,LANDING GEAR,AIRBUS,A320-200,AOG KRİTİK,YOK,Yurtdışı tamir,38.0,97,24.25,0.64,61.1,0.98,6.0,18.0,43.0,13.0,29.0,0.144,8.8,59.7,False
PN-100681,24,ELECTRICAL POWER,AIRBUS,A320neo,KRİTİK,YOK,Satınalma,32.0,73,18.25,2.59,183.6,0.95,7.0,12.0,31.0,24.0,70.0,0.0,0.0,59.7,False
PN-102046,32,LANDING GEAR,BOEING,787-9,KRİTİK,YOK,Yurtdışı tamir,24.0,11,2.75,3.75,39.9,0.95,3.0,3.0,6.0,6.0,16.0,0.0,0.0,59.7,False
PN-103027,72,ENGINE,AIRBUS,A320neo,KRİTİK,YOK,Satınalma,32.0,118,29.5,2.59,302.0,0.95,9.0,17.0,47.0,36.0,112.0,0.0,0.0,59.7,False
PN-103115,34,NAVIGATION,AIRBUS,A320neo,KRİTİK,YOK,Satınalma,32.0,41,10.25,2.59,105.2,0.95,5.0,8.0,19.0,15.0,42.0,0.073,7.7,59.7,False
PN-100929,49,AIRBORNE AUXILIARY POWER (APU),BOEING,737 MAX 8,KRİTİK,YOK,Satınalma,20.0,13,3.1,3.81,45.9,0.95,3.0,3.0,7.0,6.0,18.0,0.385,17.6,59.7,False
PN-103194,72,ENGINE,BOEING,737-800,AOG KRİTİK,YOK,Yurtdışı tamir,49.0,57,14.25,0.56,31.1,0.98,5.0,14.0,29.0,10.0,18.0,0.0,0.0,59.7,False
PN-103517,77,ENGINE INDICATING,BOEING,737 MAX 8,KRİTİK,YOK,Satınalma,37.0,0,0.0,3.81,0.0,0.95,0.0,0.0,0.0,0.0,0.0,0.0,0.0,59.7,False
PN-103909,77,ENGINE INDICATING,AIRBUS,A320neo,KRİTİK,YOK,Yurtdışı tamir,32.0,63,15.75,2.59,157.2,0.95,7.0,10.0,26.0,21.0,61.0,0.048,7.5,59.7,False
PN-102036,49,AIRBORNE AUXILIARY POWER (APU),BOEING,737-800,AOG KRİTİK,YOK,Satınalma,55.0,25,6.25,0.56,13.6,0.98,3.0,8.0,15.0,6.0,10.0,0.24,3.3,59.6,False
PN-102500,71,POWER PLANT,AIRBUS,A320neo,KRİTİK,YOK,Yurtdışı tamir,47.0,25,6.25,2.59,63.6,0.95,5.0,7.0,14.0,14.0,30.0,0.16,10.2,59.6,False
PN-104321,32,LANDING GEAR,BOEING,777-300ER,AOG KRİTİK,YOK,Satınalma,32.0,16,4.0,1.67,26.4,0.98,4.0,5.0,9.0,7.0,14.0,0.0,0.0,59.6,False
PN-100241,49,AIRBORNE AUXILIARY POWER (APU),BOEING,737 MAX 8,KRİTİK DEĞİL,YOK,Satınalma,75.0,12,3.0,3.81,44.7,0.9,4.0,6.0,9.0,14.0,26.0,0.0,0.0,59.6,True
PN-103730,71,POWER PLANT,BOEING,777-300ER,AOG KRİTİK,YOK,Yurtdışı tamir,36.0,9,2.25,1.67,14.7,0.98,3.0,3.0,6.0,5.0,9.0,0.222,3.3,59.6,False
PN-100516,76,ENGINE CONTROLS,BOEING,777-F,KRİTİK,YOK,Yurtdışı tamir,34.0,70,17.5,2.5,171.4,0.95,7.0,12.0,30.0,23.0,66.0,0.214,36.7,59.6,False
PN-103186,72,ENGINE,AIRBUS,A320-200,AOG KRİTİK,YOK,Yurtdışı tamir,55.0,21,5.25,0.64,13.3,0.98,3.0,8.0,14.0,6.0,10.0,0.048,0.6,59.5,False
PN-103971,79,OIL,AIRBUS,A350-900,KRİTİK DEĞİL,YOK,Yurtdışı tamir,66.0,20,5.0,3.75,72.5,0.9,5.0,7.0,12.0,19.0,38.0,0.15,10.9,59.5,True
PN-102977,77,ENGINE INDICATING,AIRBUS,A321neo,KRİTİK,YOK,Satınalma,22.0,35,8.75,2.96,101.4,0.95,5.0,6.0,15.0,12.0,38.0,0.029,2.9,59.4,False
PN-101397,52,DOORS,AIRBUS,A321neo,KRİTİK,YOK,Satınalma,39.0,19,4.75,2.96,55.1,0.95,4.0,6.0,11.0,10.0,24.0,0.053,2.9,59.4,False
PN-100023,79,OIL,AIRBUS,A350-900,KRİTİK,YOK,Yurtdışı tamir,24.0,10,2.5,3.75,37.0,0.95,3.0,3.0,6.0,6.0,16.0,0.0,0.0,59.4,False
PN-104176,28,FUEL,AIRBUS,A321neo,KRİTİK,YOK,Satınalma,34.0,23,5.75,2.96,68.3,0.95,5.0,6.0,12.0,12.0,30.0,0.13,8.9,59.4,False
PN-102792,71,POWER PLANT,BOEING,737 MAX 8,KRİTİK,YOK,Satınalma,27.0,6,1.62,3.81,24.3,0.95,3.0,3.0,5.0,5.0,12.0,0.333,8.1,59.4,False
PN-100106,73,ENGINE FUEL AND CONTROL,AIRBUS,A350-900,KRİTİK,YOK,Satınalma,20.0,13,3.25,3.75,47.8,0.95,3.0,3.0,7.0,6.0,18.0,0.154,7.4,59.4,False
PN-101314,77,ENGINE INDICATING,AIRBUS,A321neo,KRİTİK,YOK,Satınalma,21.0,36,9.0,2.96,104.0,0.95,5.0,6.0,15.0,11.0,38.0,0.0,0.0,59.4,False
PN-104573,77,ENGINE INDICATING,AIRBUS,A330-200,AOG KRİTİK,YOK,Yurtdışı tamir,41.0,17,4.52,1.33,23.4,0.98,4.0,6.0,11.0,7.0,13.0,0.176,4.1,59.3,False
PN-104302,24,ELECTRICAL POWER,AIRBUS,A330-200,AOG KRİTİK,YOK,Satınalma,41.0,18,4.5,1.33,23.3,0.98,4.0,6.0,11.0,7.0,13.0,0.222,5.2,59.3,False
PN-104584,49,AIRBORNE AUXILIARY POWER (APU),AIRBUS,A350-900,KRİTİK,YOK,Yurtdışı tamir,30.0,7,1.36,3.75,19.7,0.95,3.0,3.0,5.0,5.0,10.0,0.143,2.8,59.3,False
PN-104344,30,ICE & RAIN PROTECTION,AIRBUS,A350-900,KRİTİK,YOK,Satınalma,26.0,4,2.04,3.75,30.4,0.95,3.0,3.0,6.0,6.0,14.0,0.0,0.0,59.3,False
PN-101006,76,ENGINE CONTROLS,AIRBUS,A330-200,AOG KRİTİK,YOK,Yurtdışı tamir,43.0,14,3.5,1.33,18.2,0.98,4.0,5.0,9.0,7.0,12.0,0.214,3.9,59.3,False
PN-103493,72,ENGINE,BOEING,777-300ER,AOG KRİTİK,YOK,Yurtdışı tamir,31.0,15,3.75,1.67,24.1,0.98,3.0,5.0,9.0,6.0,13.0,0.333,8.0,59.2,False
PN-100895,49,AIRBORNE AUXILIARY POWER (APU),BOEING,777-300ER,AOG KRİTİK,YOK,Yurtdışı tamir,34.0,10,2.5,1.67,16.2,0.98,3.0,3.0,6.0,5.0,10.0,0.0,0.0,59.2,False
PN-103103,32,LANDING GEAR,BOEING,777-300ER,AOG KRİTİK,YOK,Yurtdışı tamir,39.0,2,0.5,1.67,3.2,0.98,2.0,2.0,3.0,3.0,4.0,0.5,1.6,59.2,False
PN-102565,32,LANDING GEAR,AIRBUS,A330-200,AOG KRİTİK,YOK,Satınalma,10.0,110,27.5,1.33,143.4,0.98,5.0,8.0,36.0,9.0,45.0,0.027,3.9,59.2,False
PN-104216,34,NAVIGATION,BOEING,737-800,AOG KRİTİK,YOK,Yurtdışı tamir,57.0,9,2.25,0.56,5.0,0.98,2.0,5.0,8.0,3.0,5.0,0.0,0.0,59.2,False
PN-103164,24,ELECTRICAL POWER,AIRBUS,A320neo,AOG KRİTİK,VAR,Yurtiçi tamir,15.0,40,10.0,2.59,102.9,0.98,5.0,5.0,15.0,10.0,36.0,0.15,15.4,59.2,False
PN-101983,72,ENGINE,AIRBUS,A320neo,KRİTİK,YOK,Satınalma,58.0,12,3.0,2.59,29.9,0.95,4.0,5.0,8.0,9.0,17.0,0.083,2.5,59.2,True
PN-103948,80,STARTING,BOEING,737-800,AOG KRİTİK,YOK,Yurtdışı tamir,50.0,42,10.5,0.56,22.6,0.98,4.0,11.0,22.0,8.0,14.0,0.048,1.1,59.1,False
PN-103758,23,COMMUNICATIONS,AIRBUS,A321neo,KRİTİK,YOK,Satınalma,19.0,44,11.0,2.96,127.0,0.95,5.0,6.0,17.0,12.0,44.0,0.159,20.2,59.1,False
PN-103473,77,ENGINE INDICATING,BOEING,787-9,KRİTİK,YOK,Yurtdışı tamir,23.0,10,2.5,3.75,36.5,0.95,3.0,3.0,6.0,6.0,16.0,0.3,11.0,59.1,False
PN-101840,32,LANDING GEAR,AIRBUS,A320-200,AOG KRİTİK,YOK,Yurtdışı tamir,53.0,22,5.5,0.64,13.8,0.98,3.0,8.0,14.0,6.0,10.0,0.364,5.0,59.1,False
PN-104078,27,FLIGHT CONTROLS,BOEING,787-9,KRİTİK,YOK,Yurtdışı tamir,24.0,9,2.25,3.75,32.9,0.95,3.0,3.0,6.0,6.0,15.0,0.556,18.3,59.1,False
PN-104107,74,IGNITION,AIRBUS,A320neo,KRİTİK,YOK,Satınalma,29.0,60,15.0,2.59,153.2,0.95,6.0,9.0,24.0,19.0,58.0,0.15,23.0,59.0,False
PN-101767,34,NAVIGATION,BOEING,737 MAX 8,KRİTİK,YOK,Satınalma,22.0,9,2.25,3.81,33.4,0.95,3.0,3.0,6.0,6.0,15.0,0.0,0.0,59.0,False
PN-101068,29,HYDRAULIC POWER,BOEING,737 MAX 8,AOG KRİTİK,VAR,Yurtiçi tamir,6.0,9,2.25,3.81,33.7,0.98,2.0,2.0,5.0,3.0,12.0,0.0,0.0,59.0,False
PN-104144,24,ELECTRICAL POWER,AIRBUS,A350-900,AOG KRİTİK,VAR,Yurtiçi tamir,11.0,7,1.75,3.75,25.5,0.98,2.0,2.0,4.0,3.0,10.0,0.0,0.0,59.0,False
PN-101003,77,ENGINE INDICATING,BOEING,737-800,AOG KRİTİK,YOK,Yurtdışı tamir,38.0,95,23.75,0.56,52.0,0.98,5.0,17.0,41.0,11.0,25.0,0.295,15.3,58.9,False
PN-100046,32,LANDING GEAR,BOEING,787-9,KRİTİK,YOK,Satınalma,26.0,6,1.78,3.75,25.9,0.95,3.0,3.0,5.0,5.0,12.0,0.167,4.3,58.9,False
PN-102574,73,ENGINE FUEL AND CONTROL,BOEING,787-9,KRİTİK,YOK,Yurtdışı tamir,32.0,3,0.57,3.75,8.2,0.95,2.0,2.0,3.0,3.0,6.0,0.0,0.0,58.8,False
PN-104668,72,ENGINE,AIRBUS,A330-200,AOG KRİTİK,YOK,Satınalma,40.0,16,4.0,1.33,20.6,0.98,4.0,5.0,9.0,7.0,13.0,0.125,2.6,58.8,False
PN-100024,73,ENGINE FUEL AND CONTROL,BOEING,777-300ER,AOG KRİTİK,YOK,Yurtdışı tamir,35.0,6,1.5,1.67,9.7,0.98,2.0,3.0,5.0,3.0,6.0,0.167,1.6,58.8,False
PN-101247,34,NAVIGATION,BOEING,737 MAX 8,KRİTİK,YOK,Satınalma,17.0,12,3.0,3.81,44.1,0.95,3.0,3.0,6.0,6.0,18.0,0.0,0.0,58.8,False
PN-103004,71,POWER PLANT,BOEING,737 MAX 8,KRİTİK DEĞİL,YOK,Satınalma,55.0,24,6.0,3.81,90.4,0.9,5.0,7.0,13.0,19.0,42.0,0.208,18.8,58.8,True
PN-101844,72,ENGINE,BOEING,737-800,AOG KRİTİK,YOK,Satınalma,35.0,106,26.5,0.56,58.0,0.98,5.0,18.0,45.0,11.0,26.0,0.16,9.3,58.7,False
PN-101086,73,ENGINE FUEL AND CONTROL,AIRBUS,A321-200,AOG KRİTİK,YOK,Yurtdışı tamir,46.0,41,10.25,0.69,28.3,0.98,4.0,11.0,22.0,8.0,16.0,0.171,4.8,58.7,False
PN-101379,36,PNEUMATIC,AIRBUS,A321neo,KRİTİK,YOK,Satınalma,24.0,30,7.5,2.96,88.0,0.95,4.0,5.0,13.0,10.0,32.0,0.033,2.9,58.7,False
PN-102431,35,OXYGEN,AIRBUS,A350-900,KRİTİK,YOK,Yurtdışı tamir,35.0,0,0.0,3.75,0.0,0.95,0.0,0.0,0.0,0.0,0.0,0.0,0.0,58.7,False
PN-103604,79,OIL,AIRBUS,A321neo,KRİTİK,YOK,Yurtdışı tamir,35.0,20,5.0,2.96,57.1,0.95,4.0,5.0,10.0,10.0,25.0,0.1,5.7,58.6,False
PN-100454,49,AIRBORNE AUXILIARY POWER (APU),AIRBUS,A330-200,AOG KRİTİK,YOK,Satınalma,39.0,16,4.0,1.33,21.1,0.98,4.0,5.0,9.0,7.0,13.0,0.062,1.3,58.6,False
PN-100645,29,HYDRAULIC POWER,AIRBUS,A350-900,KRİTİK,YOK,Satınalma,33.0,1,0.28,3.75,4.4,0.95,2.0,2.0,3.0,3.0,5.0,0.0,0.0,58.6,False
PN-100194,79,OIL,BOEING,737 MAX 8,KRİTİK,YOK,Satınalma,23.0,7,1.75,3.81,26.4,0.95,3.0,3.0,5.0,5.0,12.0,0.0,0.0,58.6,False
PN-100624,49,AIRBORNE AUXILIARY POWER (APU),AIRBUS,A320neo,KRİTİK,YOK,Satınalma,30.0,38,9.5,2.59,97.4,0.95,5.0,7.0,17.0,14.0,39.0,0.079,7.7,58.5,False
PN-103396,32,LANDING GEAR,AIRBUS,A320-200,AOG KRİTİK,YOK,Yurtdışı tamir,53.0,12,3.0,0.64,7.4,0.98,3.0,5.0,8.0,5.0,7.0,0.167,1.2,58.5,False
PN-102554,80,STARTING,BOEING,737 MAX 8,KRİTİK,YOK,Satınalma,30.0,2,0.42,3.81,6.2,0.95,2.0,2.0,3.0,3.0,5.0,0.0,0.0,58.5,False
PN-104519,32,LANDING GEAR,AIRBUS,A330-300,AOG KRİTİK,YOK,Yurtdışı tamir,46.0,17,4.25,1.11,18.2,0.98,4.0,7.0,12.0,7.0,12.0,0.176,3.2,58.5,False
PN-101788,34,NAVIGATION,BOEING,787-9,KRİTİK,YOK,Satınalma,19.0,11,2.75,3.75,40.1,0.95,3.0,3.0,6.0,6.0,17.0,0.0,0.0,58.5,False
PN-104238,72,ENGINE,BOEING,737-900ER,AOG KRİTİK,YOK,Yurtdışı tamir,36.0,54,13.5,1.0,54.0,0.98,5.0,11.0,25.0,11.0,25.0,0.093,5.0,58.5,False
PN-100638,73,ENGINE FUEL AND CONTROL,BOEING,737-900ER,AOG KRİTİK,YOK,Satınalma,46.0,26,6.5,1.0,25.7,0.98,4.0,8.0,15.0,8.0,15.0,0.154,4.0,58.4,False
PN-102083,56,WINDOWS,BOEING,787-9,KRİTİK,YOK,Satınalma,27.0,5,1.25,3.75,18.3,0.95,2.0,3.0,5.0,4.0,9.0,0.2,3.7,58.4,False
PN-103864,52,DOORS,BOEING,737 MAX 8,KRİTİK,YOK,Yurtdışı tamir,25.0,5,1.25,3.81,18.8,0.95,2.0,2.0,4.0,4.0,9.0,0.4,7.5,58.4,False
PN-100660,25,EQUIPMENT / FURNISHINGS,BOEING,787-9,AOG KRİTİK,VAR,Yurtiçi tamir,6.0,9,2.25,3.75,32.7,0.98,2.0,2.0,5.0,3.0,12.0,0.0,0.0,58.4,False
PN-103324,32,LANDING GEAR,AIRBUS,A321-200,AOG KRİTİK,YOK,Yurtdışı tamir,35.0,81,20.25,0.69,55.2,0.98,5.0,14.0,35.0,11.0,25.0,0.012,0.7,58.4,False
PN-103246,72,ENGINE,AIRBUS,A320-200,AOG KRİTİK,YOK,Yurtdışı tamir,39.0,70,17.5,0.64,44.4,0.98,5.0,14.0,32.0,10.0,22.0,0.114,5.1,58.4,False
PN-100137,21,AIR CONDITIONING,AIRBUS,A320neo,KRİTİK,YOK,Satınalma,50.0,17,4.25,2.59,42.3,0.95,4.0,6.0,11.0,10.0,21.0,0.059,2.5,58.3,False
PN-100579,23,COMMUNICATIONS,AIRBUS,A320neo,KRİTİK,YOK,Yurtdışı tamir,28.0,40,10.0,2.59,100.6,0.95,5.0,7.0,17.0,13.0,39.0,0.15,15.1,58.3,False
PN-100523,74,IGNITION,AIRBUS,A330-300,AOG KRİTİK,YOK,Yurtdışı tamir,46.0,15,3.75,1.11,16.4,0.98,3.0,5.0,9.0,6.0,11.0,0.2,3.3,58.3,False
PN-103467,27,FLIGHT CONTROLS,AIRBUS,A321-200,AOG KRİTİK,YOK,Yurtdışı tamir,44.0,44,11.0,0.69,29.9,0.98,4.0,11.0,22.0,8.0,16.0,0.114,3.4,58.3,False
PN-104289,29,HYDRAULIC POWER,BOEING,737 MAX 8,KRİTİK,YOK,Satınalma,22.0,7,1.75,3.81,26.1,0.95,3.0,3.0,5.0,5.0,12.0,0.0,0.0,58.3,False
PN-104708,72,ENGINE,AIRBUS,A320-200,AOG KRİTİK,YOK,Satınalma,43.0,53,13.25,0.64,33.0,0.98,5.0,13.0,27.0,9.0,18.0,0.245,8.1,58.3,False
PN-103410,22,AUTO FLIGHT,BOEING,787-9,AOG KRİTİK,VAR,Yurtiçi tamir,12.0,4,1.05,3.75,15.1,0.98,2.0,2.0,4.0,3.0,7.0,0.0,0.0,58.3,False
PN-103031,28,FUEL,BOEING,737 MAX 8,KRİTİK,YOK,Satınalma,25.0,8,1.13,3.81,16.9,0.95,2.0,2.0,4.0,4.0,9.0,0.125,2.1,58.2,False
PN-102287,74,IGNITION,BOEING,737-800,AOG KRİTİK,YOK,Yurtdışı tamir,51.0,19,4.75,0.56,10.2,0.98,3.0,7.0,12.0,5.0,8.0,0.211,2.2,58.2,False
PN-101497,73,ENGINE FUEL AND CONTROL,AIRBUS,A321neo,KRİTİK,YOK,Yurtdışı tamir,30.0,23,5.75,2.96,67.3,0.95,4.0,5.0,11.0,10.0,27.0,0.13,8.8,58.2,False
PN-102708,71,POWER PLANT,AIRBUS,A320-200,AOG KRİTİK,YOK,Satınalma,52.0,11,2.75,0.64,7.1,0.98,3.0,5.0,8.0,5.0,7.0,0.182,1.3,58.2,False
PN-103626,73,ENGINE FUEL AND CONTROL,AIRBUS,A320neo,KRİTİK,YOK,Satınalma,26.0,107,26.75,2.59,272.0,0.95,8.0,13.0,40.0,28.0,97.0,0.121,33.0,58.2,False
PN-101072,72,ENGINE,AIRBUS,A321-200,AOG KRİTİK,YOK,Satınalma,31.0,94,23.5,0.69,64.2,0.98,5.0,14.0,38.0,11.0,28.0,0.074,4.8,58.2,False
PN-102179,32,LANDING GEAR,BOEING,737 MAX 8,AOG KRİTİK,VAR,Yurtiçi tamir,9.0,6,1.21,3.81,18.1,0.98,2.0,2.0,4.0,3.0,8.0,0.0,0.0,58.2,False
PN-104713,34,NAVIGATION,AIRBUS,A350-900,AOG KRİTİK,VAR,Yurtiçi tamir,14.0,3,0.57,3.75,8.4,0.98,2.0,2.0,3.0,3.0,6.0,0.0,0.0,58.2,False
PN-101456,80,STARTING,BOEING,787-9,KRİTİK DEĞİL,YOK,Yurtdışı tamir,55.0,24,6.0,3.75,87.7,0.9,5.0,7.0,13.0,19.0,41.0,0.125,11.0,58.2,True
PN-104746,72,ENGINE,BOEING,737 MAX 8,KRİTİK,YOK,Satınalma,19.0,9,2.16,3.81,32.3,0.95,3.0,3.0,6.0,5.0,14.0,0.111,3.6,58.1,False
PN-104740,27,FLIGHT CONTROLS,AIRBUS,A330-300,AOG KRİTİK,YOK,Satınalma,44.0,15,4.56,1.11,20.0,0.98,4.0,7.0,12.0,7.0,13.0,0.067,1.3,58.1,False
PN-103891,79,OIL,AIRBUS,A350-900,KRİTİK,YOK,Yurtdışı tamir,28.0,3,0.85,3.75,12.2,0.95,2.0,2.0,3.0,3.0,7.0,0.0,0.0,58.1,False
PN-102773,71,POWER PLANT,BOEING,737 MAX 8,KRİTİK,YOK,Satınalma,26.0,5,0.81,3.81,12.4,0.95,2.0,2.0,3.0,3.0,7.0,0.0,0.0,58.0,False
PN-104263,72,ENGINE,BOEING,737-800,AOG KRİTİK,YOK,Satınalma,49.0,25,6.25,0.56,13.7,0.98,3.0,8.0,15.0,5.0,9.0,0.0,0.0,58.0,False
PN-102953,32,LANDING GEAR,AIRBUS,A320-200,AOG KRİTİK,YOK,Yurtdışı tamir,52.0,11,2.21,0.64,5.5,0.98,2.0,5.0,8.0,3.0,5.0,0.182,1.0,58.0,False
PN-102340,32,LANDING GEAR,BOEING,737 MAX 8,KRİTİK,YOK,Satınalma,28.0,2,0.42,3.81,6.2,0.95,2.0,2.0,3.0,3.0,5.0,0.0,0.0,58.0,False
PN-100915,32,LANDING GEAR,AIRBUS,A320neo,KRİTİK,YOK,Yurtdışı tamir,34.0,32,8.0,2.59,81.8,0.95,5.0,6.0,14.0,13.0,34.0,0.125,10.2,58.0,False
PN-104533,72,ENGINE,AIRBUS,A320-200,AOG KRİTİK,YOK,Yurtdışı tamir,46.0,35,8.75,0.64,21.8,0.98,4.0,10.0,19.0,7.0,13.0,0.114,2.5,58.0,False
PN-103142,32,LANDING GEAR,BOEING,737-900ER,AOG KRİTİK,YOK,Yurtdışı tamir,46.0,22,5.5,1.0,21.5,0.98,4.0,7.0,13.0,7.0,13.0,0.045,1.0,58.0,False
PN-103225,73,ENGINE FUEL AND CONTROL,BOEING,777-300ER,AOG KRİTİK,YOK,Satınalma,22.0,22,5.5,1.67,35.5,0.98,4.0,5.0,11.0,7.0,16.0,0.045,1.6,58.0,False
PN-101776,29,HYDRAULIC POWER,AIRBUS,A321neo,KRİTİK,YOK,Satınalma,36.0,17,4.25,2.96,48.8,0.95,4.0,5.0,10.0,9.0,22.0,0.118,5.7,58.0,False
PN-102175,72,ENGINE,AIRBUS,A320-200,AOG KRİTİK,YOK,Satınalma,45.0,38,9.5,0.64,23.8,0.98,4.0,10.0,20.0,7.0,13.0,0.0,0.0,58.0,False
PN-104615,32,LANDING GEAR,BOEING,777-300ER,AOG KRİTİK,YOK,Satınalma,20.0,25,6.25,1.67,40.2,0.98,4.0,5.0,12.0,7.0,18.0,0.04,1.6,57.9,False
PN-103888,24,ELECTRICAL POWER,BOEING,787-9,KRİTİK,YOK,Satınalma,22.0,8,1.76,3.75,25.8,0.95,3.0,3.0,5.0,5.0,12.0,0.125,3.2,57.9,False
PN-104583,71,POWER PLANT,AIRBUS,A320neo,AOG KRİTİK,VAR,Yurtiçi tamir,9.0,45,11.25,2.59,115.7,0.98,4.0,5.0,17.0,7.0,36.0,0.044,5.1,57.9,False
PN-102043,72,ENGINE,AIRBUS,A330-200,AOG KRİTİK,YOK,Satınalma,31.0,28,7.0,1.33,35.9,0.98,4.0,7.0,14.0,8.0,17.0,0.036,1.3,57.9,False
PN-102171,72,ENGINE,AIRBUS,A321-200,AOG KRİTİK,YOK,Satınalma,52.0,5,1.44,0.69,4.0,0.98,2.0,3.0,5.0,3.0,5.0,0.2,0.8,57.9,False
PN-100265,49,AIRBORNE AUXILIARY POWER (APU),BOEING,777-F,KRİTİK,YOK,Satınalma,27.0,44,11.0,2.5,108.7,0.95,5.0,7.0,18.0,14.0,42.0,0.023,2.5,57.8,False
PN-103223,73,ENGINE FUEL AND CONTROL,BOEING,777-300ER,AOG KRİTİK,YOK,Satınalma,28.0,11,2.75,1.67,17.7,0.98,3.0,3.0,6.0,5.0,10.0,0.0,0.0,57.8,False
PN-102768,34,NAVIGATION,BOEING,777-300ER,AOG KRİTİK,YOK,Yurtdışı tamir,26.0,14,3.5,1.67,23.1,0.98,3.0,4.0,8.0,5.0,11.0,0.0,0.0,57.8,False
PN-101963,74,IGNITION,BOEING,787-9,KRİTİK,YOK,Satınalma,29.0,1,0.42,3.75,6.1,0.95,2.0,2.0,3.0,3.0,5.0,0.0,0.0,57.8,False
PN-100030,32,LANDING GEAR,AIRBUS,A350-900,AOG KRİTİK,VAR,Yurtiçi tamir,9.0,5,1.26,3.75,18.4,0.98,2.0,2.0,4.0,3.0,8.0,0.0,0.0,57.8,False
PN-103648,80,STARTING,BOEING,777-300ER,KRİTİK,YOK,Yurtdışı tamir,50.0,74,18.5,1.67,121.8,0.95,7.0,17.0,36.0,24.0,55.0,0.014,1.6,57.7,False
PN-102366,29,HYDRAULIC POWER,AIRBUS,A321-200,AOG KRİTİK,YOK,Satınalma,49.0,15,3.75,0.69,10.0,0.98,3.0,6.0,10.0,5.0,8.0,0.0,0.0,57.7,False
PN-101251,31,INDICATING / RECORDING SYSTEMS,AIRBUS,A330-200,AOG KRİTİK,YOK,Satınalma,40.0,7,1.75,1.33,9.1,0.98,3.0,3.0,5.0,5.0,8.0,0.143,1.3,57.7,False
PN-102908,24,ELECTRICAL POWER,AIRBUS,A320neo,KRİTİK,YOK,Yurtdışı tamir,46.0,18,4.5,2.59,46.2,0.95,4.0,6.0,11.0,10.0,22.0,0.0,0.0,57.7,False
PN-101242,80,STARTING,BOEING,737 MAX 8,KRİTİK DEĞİL,YOK,Satınalma,45.0,31,7.75,3.81,117.6,0.9,5.0,7.0,15.0,20.0,50.0,0.065,7.6,57.7,True
PN-104423,32,LANDING GEAR,AIRBUS,A330-200,KRİTİK,YOK,Satınalma,59.0,108,27.0,1.33,142.4,0.95,8.0,25.0,52.0,32.0,68.0,0.056,7.9,57.7,False
PN-100530,49,AIRBORNE AUXILIARY POWER (APU),BOEING,737-900ER,AOG KRİTİK,YOK,Satınalma,44.0,24,6.0,1.0,23.2,0.98,4.0,7.0,13.0,7.0,13.0,0.042,1.0,57.7,False
PN-104907,73,ENGINE FUEL AND CONTROL,AIRBUS,A330-300,AOG KRİTİK,YOK,Satınalma,42.0,19,4.75,1.11,20.9,0.98,4.0,7.0,12.0,7.0,13.0,0.105,2.2,57.7,False
PN-104912,21,AIR CONDITIONING,AIRBUS,A320-200,AOG KRİTİK,YOK,Yurtdışı tamir,52.0,4,1.0,0.64,2.5,0.98,2.0,3.0,4.0,3.0,4.0,0.0,0.0,57.7,False
PN-101575,29,HYDRAULIC POWER,AIRBUS,A321neo,KRİTİK,YOK,Satınalma,32.0,19,4.75,2.96,55.5,0.95,4.0,5.0,10.0,9.0,23.0,0.211,11.7,57.6,False
PN-102513,72,ENGINE,BOEING,737-800,AOG KRİTİK,YOK,Yurtdışı tamir,51.0,7,1.75,0.56,3.8,0.98,2.0,4.0,6.0,3.0,4.0,0.286,1.1,57.6,False
PN-103787,21,AIR CONDITIONING,BOEING,787-9,AOG KRİTİK,VAR,Yurtiçi tamir,4.0,6,2.02,3.75,29.4,0.98,2.0,2.0,5.0,3.0,11.0,0.167,4.9,57.6,False
PN-104087,79,OIL,BOEING,787-9,AOG KRİTİK,VAR,Yurtiçi tamir,6.0,6,1.62,3.75,23.7,0.98,2.0,2.0,4.0,3.0,9.0,0.0,0.0,57.6,False
PN-101526,29,HYDRAULIC POWER,BOEING,737-800,AOG KRİTİK,YOK,Satınalma,50.0,7,2.28,0.56,5.0,0.98,2.0,5.0,8.0,3.0,5.0,0.0,0.0,57.5,False
PN-100830,27,FLIGHT CONTROLS,BOEING,777-F,KRİTİK,YOK,Yurtdışı tamir,55.0,11,2.75,2.5,27.1,0.95,4.0,5.0,8.0,9.0,16.0,0.0,0.0,57.5,True
PN-101676,24,ELECTRICAL POWER,AIRBUS,A350-900,KRİTİK,YOK,Yurtdışı tamir,30.0,0,0.0,3.75,0.0,0.95,0.0,0.0,0.0,0.0,0.0,0.0,0.0,57.5,False
PN-101713,72,ENGINE,AIRBUS,A320-200,AOG KRİTİK,YOK,Yurtdışı tamir,47.0,22,5.5,0.64,13.7,0.98,3.0,7.0,13.0,5.0,9.0,0.273,3.7,57.5,False
PN-103207,74,IGNITION,BOEING,737 MAX 8,KRİTİK,YOK,Satınalma,16.0,9,2.25,3.81,33.2,0.95,2.0,3.0,6.0,4.0,13.0,0.0,0.0,57.5,False
PN-103132,72,ENGINE,AIRBUS,A321neo,KRİTİK,YOK,Satınalma,39.0,12,3.0,2.96,35.1,0.95,4.0,4.0,7.0,8.0,17.0,0.083,2.9,57.5,True
PN-100420,79,OIL,BOEING,787-9,KRİTİK,YOK,Yurtdışı tamir,26.0,3,0.7,3.75,10.4,0.95,2.0,2.0,3.0,3.0,6.0,0.0,0.0,57.4,False
PN-100753,79,OIL,AIRBUS,A321neo,KRİTİK,YOK,Yurtdışı tamir,26.0,24,6.0,2.96,69.3,0.95,4.0,5.0,11.0,9.0,27.0,0.042,2.9,57.4,False
PN-101412,27,FLIGHT CONTROLS,BOEING,737 MAX 8,AOG KRİTİK,VAR,Yurtiçi tamir,7.0,4,1.0,3.81,14.9,0.98,2.0,2.0,3.0,3.0,7.0,0.0,0.0,57.4,False
PN-103201,77,ENGINE INDICATING,AIRBUS,A320-200,AOG KRİTİK,YOK,Yurtdışı tamir,47.0,17,4.99,0.64,12.4,0.98,3.0,7.0,12.0,5.0,9.0,0.0,0.0,57.4,False
PN-103800,79,OIL,AIRBUS,A320neo,KRİTİK,YOK,Yurtdışı tamir,54.0,8,2.0,2.59,20.4,0.95,3.0,4.0,6.0,7.0,13.0,0.25,5.1,57.3,True
PN-102003,32,LANDING GEAR,AIRBUS,A321neo,AOG KRİTİK,VAR,Yurtiçi tamir,8.0,26,6.5,2.96,74.8,0.98,3.0,3.0,10.0,5.0,24.0,0.038,2.9,57.3,False
PN-102223,31,INDICATING / RECORDING SYSTEMS,AIRBUS,A350-900,KRİTİK DEĞİL,YOK,Satınalma,45.0,112,28.0,3.75,415.8,0.9,10.0,19.0,47.0,62.0,166.0,0.125,52.0,57.3,True
PN-104130,21,AIR CONDITIONING,BOEING,737-800,AOG KRİTİK,YOK,Yurtdışı tamir,45.0,31,7.75,0.56,16.7,0.98,3.0,9.0,17.0,6.0,11.0,0.161,2.7,57.3,False
PN-104443,32,LANDING GEAR,AIRBUS,A330-300,AOG KRİTİK,YOK,Satınalma,38.0,24,6.0,1.11,26.6,0.98,4.0,7.0,13.0,7.0,14.0,0.042,1.1,57.2,False
PN-103226,49,AIRBORNE AUXILIARY POWER (APU),BOEING,737-800,AOG KRİTİK,YOK,Yurtdışı tamir,50.0,3,1.1,0.56,2.4,0.98,2.0,3.0,5.0,3.0,4.0,0.0,0.0,57.2,False
PN-104336,72,ENGINE,AIRBUS,A319-100,AOG KRİTİK,YOK,Satınalma,45.0,29,7.25,0.56,15.7,0.98,3.0,8.0,16.0,5.0,9.0,0.0,0.0,57.2,False
PN-102129,29,HYDRAULIC POWER,AIRBUS,A320neo,KRİTİK,YOK,Satınalma,22.0,50,12.5,2.59,127.8,0.95,5.0,7.0,20.0,13.0,45.0,0.04,5.1,57.2,False
PN-101001,72,ENGINE,AIRBUS,A330-300,AOG KRİTİK,YOK,Satınalma,32.0,39,9.75,1.11,42.6,0.98,4.0,8.0,18.0,8.0,19.0,0.051,2.2,57.2,False
PN-104800,49,AIRBORNE AUXILIARY POWER (APU),AIRBUS,A321neo,KRİTİK,YOK,Satınalma,39.0,11,2.75,2.96,31.9,0.95,4.0,4.0,7.0,8.0,16.0,0.091,2.9,57.2,True
PN-104288,72,ENGINE,BOEING,737-800,AOG KRİTİK,YOK,Satınalma,50.0,6,1.12,0.56,2.5,0.98,2.0,3.0,5.0,3.0,4.0,0.667,1.7,57.2,False
PN-102772,26,FIRE PROTECTION,BOEING,737 MAX 8,KRİTİK,YOK,Satınalma,20.0,4,1.27,3.81,19.2,0.95,2.0,2.0,4.0,4.0,9.0,0.0,0.0,57.2,False
PN-103944,24,ELECTRICAL POWER,AIRBUS,A320neo,AOG KRİTİK,VAR,Yurtiçi tamir,6.0,52,13.0,2.59,132.3,0.98,4.0,3.0,16.0,7.0,41.0,0.173,22.9,57.1,False
PN-104446,29,HYDRAULIC POWER,BOEING,737-800,AOG KRİTİK,YOK,Satınalma,50.0,4,0.74,0.56,1.6,0.98,1.0,3.0,4.0,2.0,3.0,0.75,1.2,57.1,False
PN-102590,22,AUTO FLIGHT,AIRBUS,A321neo,KRİTİK,YOK,Yurtdışı tamir,46.0,4,1.05,2.96,12.1,0.95,3.0,3.0,5.0,5.0,9.0,0.0,0.0,57.1,False
PN-103552,79,OIL,BOEING,737 MAX 8,KRİTİK,YOK,Satınalma,27.0,0,0.0,3.81,0.0,0.95,0.0,0.0,0.0,0.0,0.0,0.0,0.0,57.1,False
PN-100127,72,ENGINE,AIRBUS,A321-200,AOG KRİTİK,YOK,Satınalma,40.0,41,10.25,0.69,27.9,0.98,4.0,10.0,21.0,8.0,15.0,0.024,0.7,57.1,False
PN-100346,80,STARTING,AIRBUS,A320neo,KRİTİK,YOK,Yurtdışı tamir,31.0,31,7.75,2.59,79.8,0.95,5.0,6.0,14.0,12.0,32.0,0.129,10.3,57.0,False
PN-100233,72,ENGINE,AIRBUS,A321-200,AOG KRİTİK,YOK,Yurtdışı tamir,37.0,51,12.75,0.69,35.1,0.98,4.0,11.0,24.0,8.0,17.0,0.137,4.8,57.0,False
PN-100773,71,POWER PLANT,BOEING,737-800,AOG KRİTİK,YOK,Yurtdışı tamir,46.0,18,4.5,0.56,9.8,0.98,3.0,7.0,12.0,5.0,8.0,0.111,1.1,56.9,False
PN-103702,27,FLIGHT CONTROLS,AIRBUS,A330-300,AOG KRİTİK,YOK,Satınalma,43.0,13,2.24,1.11,9.6,0.98,3.0,5.0,8.0,5.0,8.0,0.077,0.7,56.9,False
PN-100687,49,AIRBORNE AUXILIARY POWER (APU),BOEING,737 MAX 8,KRİTİK DEĞİL,YOK,Yurtdışı tamir,42.0,49,12.25,3.81,184.2,0.9,6.0,10.0,23.0,28.0,75.0,0.102,18.8,56.9,True
PN-101424,27,FLIGHT CONTROLS,AIRBUS,A320neo,KRİTİK,YOK,Yurtdışı tamir,46.0,15,3.75,2.59,38.4,0.95,4.0,5.0,9.0,9.0,19.0,0.067,2.6,56.9,False
PN-104094,79,OIL,BOEING,787-9,KRİTİK,YOK,Satınalma,13.0,14,2.68,3.75,39.6,0.95,2.0,3.0,6.0,4.0,14.0,0.143,5.7,56.9,False
PN-102749,80,STARTING,BOEING,737 MAX 8,KRİTİK,YOK,Satınalma,18.0,8,1.44,3.81,21.6,0.95,2.0,2.0,4.0,4.0,10.0,0.125,2.7,56.9,False
PN-101157,76,ENGINE CONTROLS,AIRBUS,A321neo,KRİTİK,YOK,Satınalma,33.0,15,3.75,2.96,44.1,0.95,4.0,4.0,8.0,8.0,20.0,0.267,11.8,56.8,False
PN-100461,24,ELECTRICAL POWER,BOEING,787-9,KRİTİK DEĞİL,YOK,Yurtdışı tamir,43.0,172,43.0,3.75,633.3,0.9,12.0,27.0,70.0,87.0,246.0,0.099,62.6,56.8,True
PN-102210,71,POWER PLANT,BOEING,737-900ER,AOG KRİTİK,YOK,Yurtdışı tamir,36.0,36,9.0,1.0,35.2,0.98,4.0,8.0,17.0,8.0,17.0,0.056,2.0,56.8,False
PN-104971,30,ICE & RAIN PROTECTION,BOEING,737 MAX 8,KRİTİK,YOK,Satınalma,24.0,1,0.28,3.81,4.4,0.95,1.0,2.0,3.0,2.0,4.0,0.0,0.0,56.8,False
PN-102300,27,FLIGHT CONTROLS,AIRBUS,A321neo,KRİTİK,YOK,Satınalma,10.0,89,22.25,2.96,258.4,0.95,5.0,6.0,29.0,13.0,78.0,0.022,5.8,56.8,False
PN-102937,71,POWER PLANT,AIRBUS,A320neo,AOG KRİTİK,VAR,Yurtiçi tamir,5.0,69,17.25,2.59,178.5,0.98,4.0,3.0,21.0,7.0,52.0,0.145,25.9,56.8,False
PN-102808,73,ENGINE FUEL AND CONTROL,AIRBUS,A320-200,AOG KRİTİK,YOK,Yurtdışı tamir,43.0,25,6.25,0.64,15.5,0.98,3.0,7.0,14.0,5.0,9.0,0.04,0.6,56.7,False
PN-101540,34,NAVIGATION,AIRBUS,A321neo,KRİTİK,YOK,Yurtdışı tamir,47.0,3,0.46,2.96,5.2,0.95,2.0,2.0,3.0,3.0,5.0,0.333,1.7,56.7,False
PN-102056,72,ENGINE,BOEING,737-900ER,AOG KRİTİK,YOK,Yurtdışı tamir,46.0,8,2.0,1.0,8.0,0.98,3.0,5.0,7.0,5.0,7.0,0.0,0.0,56.7,False
PN-101356,29,HYDRAULIC POWER,BOEING,737-900ER,AOG KRİTİK,YOK,Satınalma,42.0,19,4.75,1.0,18.9,0.98,4.0,7.0,12.0,7.0,12.0,0.0,0.0,56.7,False
PN-101141,29,HYDRAULIC POWER,AIRBUS,A319-100,AOG KRİTİK,YOK,Yurtdışı tamir,42.0,33,8.25,0.56,17.8,0.98,3.0,9.0,18.0,6.0,11.0,0.03,0.5,56.6,False
PN-101460,73,ENGINE FUEL AND CONTROL,AIRBUS,A321-200,AOG KRİTİK,YOK,Yurtdışı tamir,48.0,3,0.55,0.69,1.5,0.98,1.0,3.0,4.0,2.0,3.0,0.0,0.0,56.6,False
PN-101410,22,AUTO FLIGHT,AIRBUS,A330-200,AOG KRİTİK,YOK,Satınalma,28.0,23,5.75,1.33,30.4,0.98,4.0,5.0,11.0,7.0,15.0,0.435,13.2,56.6,False
PN-100356,24,ELECTRICAL POWER,BOEING,737-800,AOG KRİTİK,YOK,Yurtdışı tamir,35.0,66,16.5,0.56,36.3,0.98,4.0,13.0,30.0,8.0,18.0,0.136,5.0,56.6,False
PN-103135,21,AIR CONDITIONING,BOEING,737-800,AOG KRİTİK,YOK,Yurtdışı tamir,45.0,17,4.25,0.56,9.3,0.98,3.0,6.0,11.0,5.0,8.0,0.0,0.0,56.6,False
PN-100973,34,NAVIGATION,AIRBUS,A321neo,KRİTİK,YOK,Yurtdışı tamir,43.0,6,1.19,2.96,13.9,0.95,3.0,3.0,5.0,5.0,9.0,0.0,0.0,56.5,False
PN-101686,32,LANDING GEAR,AIRBUS,A320-200,AOG KRİTİK,YOK,Yurtdışı tamir,45.0,11,2.75,0.64,7.0,0.98,2.0,5.0,8.0,3.0,5.0,0.091,0.6,56.4,False
PN-101121,23,COMMUNICATIONS,AIRBUS,A320neo,KRİTİK,YOK,Satınalma,43.0,16,4.0,2.59,40.5,0.95,4.0,5.0,9.0,9.0,20.0,0.125,5.1,56.4,False
PN-100142,28,FUEL,AIRBUS,A330-300,AOG KRİTİK,YOK,Yurtdışı tamir,42.0,6,1.7,1.11,7.3,0.98,2.0,3.0,5.0,3.0,5.0,0.0,0.0,56.4,False
PN-100602,72,ENGINE,BOEING,777-F,AOG KRİTİK,VAR,Yurtiçi tamir,17.0,31,7.75,2.5,75.8,0.98,4.0,5.0,13.0,8.0,27.0,0.097,7.3,56.4,False
PN-102444,49,AIRBORNE AUXILIARY POWER (APU),AIRBUS,A330-200,AOG KRİTİK,YOK,Satınalma,24.0,30,7.5,1.33,39.1,0.98,4.0,5.0,13.0,7.0,17.0,0.167,6.5,56.4,False
PN-100565,27,FLIGHT CONTROLS,AIRBUS,A321neo,KRİTİK,YOK,Satınalma,36.0,11,2.75,2.96,31.7,0.95,3.0,4.0,7.0,7.0,15.0,0.091,2.9,56.4,False
PN-101802,32,LANDING GEAR,BOEING,787-9,AOG KRİTİK,VAR,Yurtiçi tamir,10.0,0,0.0,3.75,0.0,0.98,0.0,0.0,0.0,0.0,0.0,0.0,0.0,56.4,False
PN-104906,28,FUEL,BOEING,777-F,KRİTİK,YOK,Yurtdışı tamir,37.0,26,6.5,2.5,63.9,0.95,5.0,6.0,13.0,12.0,28.0,0.308,19.7,56.4,False
PN-101056,32,LANDING GEAR,AIRBUS,A330-200,AOG KRİTİK,YOK,Satınalma,35.0,6,1.5,1.33,7.7,0.98,2.0,3.0,5.0,3.0,5.0,0.0,0.0,56.3,False
PN-100733,73,ENGINE FUEL AND CONTROL,AIRBUS,A320-200,AOG KRİTİK,YOK,Yurtdışı tamir,36.0,48,12.0,0.64,30.1,0.98,4.0,10.0,22.0,7.0,15.0,0.062,1.9,56.3,False
PN-101375,79,OIL,AIRBUS,A321neo,KRİTİK,YOK,Yurtdışı tamir,45.0,3,0.57,2.96,6.6,0.95,2.0,2.0,3.0,3.0,5.0,0.333,2.2,56.3,False
PN-103349,73,ENGINE FUEL AND CONTROL,BOEING,737-900ER,AOG KRİTİK,YOK,Satınalma,45.0,5,1.25,1.0,4.8,0.98,2.0,3.0,5.0,3.0,5.0,0.2,1.0,56.2,False
PN-102556,73,ENGINE FUEL AND CONTROL,AIRBUS,A330-300,AOG KRİTİK,YOK,Satınalma,36.0,19,4.75,1.11,20.8,0.98,3.0,5.0,10.0,6.0,12.0,0.105,2.2,56.2,False
PN-102609,74,IGNITION,BOEING,737 MAX 8,KRİTİK DEĞİL,YOK,Satınalma,39.0,30,7.5,3.81,112.1,0.9,5.0,7.0,15.0,17.0,46.0,0.067,7.5,56.2,True
PN-102475,31,INDICATING / RECORDING SYSTEMS,AIRBUS,A321neo,KRİTİK,YOK,Yurtdışı tamir,32.0,14,3.5,2.96,40.2,0.95,4.0,4.0,8.0,8.0,19.0,0.071,2.9,56.2,False
PN-101104,28,FUEL,BOEING,777-300ER,AOG KRİTİK,YOK,Satınalma,14.0,23,5.75,1.67,37.8,0.98,3.0,3.0,9.0,5.0,15.0,0.13,4.9,56.1,False
PN-103997,74,IGNITION,AIRBUS,A321neo,KRİTİK,YOK,Satınalma,42.0,6,1.08,2.96,12.5,0.95,2.0,3.0,5.0,4.0,8.0,0.0,0.0,56.1,False
PN-104877,32,LANDING GEAR,BOEING,777-F,KRİTİK,YOK,Yurtdışı tamir,53.0,8,1.76,2.5,17.6,0.95,3.0,4.0,6.0,6.0,11.0,0.25,4.4,56.1,False
PN-101579,49,AIRBORNE AUXILIARY POWER (APU),AIRBUS,A321neo,AOG KRİTİK,VAR,Yurtiçi tamir,4.0,25,6.25,2.96,72.1,0.98,2.0,3.0,10.0,3.0,22.0,0.12,8.7,56.1,False
PN-104603,72,ENGINE,AIRBUS,A320-200,AOG KRİTİK,YOK,Satınalma,45.0,7,1.5,0.64,3.8,0.98,2.0,3.0,5.0,3.0,4.0,0.143,0.5,56.1,False
PN-103052,72,ENGINE,AIRBUS,A321-200,AOG KRİTİK,YOK,Yurtdışı tamir,42.0,16,4.0,0.69,10.9,0.98,3.0,5.0,9.0,5.0,8.0,0.0,0.0,56.0,False
PN-102399,72,ENGINE,BOEING,737-900ER,AOG KRİTİK,YOK,Satınalma,29.0,47,11.75,1.0,45.7,0.98,4.0,8.0,20.0,8.0,20.0,0.191,8.8,56.0,False
PN-103649,72,ENGINE,BOEING,737-800,AOG KRİTİK,YOK,Satınalma,27.0,93,23.25,0.56,51.0,0.98,4.0,13.0,37.0,8.0,21.0,0.075,3.8,56.0,False
PN-103367,28,FUEL,BOEING,737-800,AOG KRİTİK,YOK,Yurtdışı tamir,44.0,10,2.5,0.56,5.5,0.98,2.0,5.0,8.0,3.0,5.0,0.0,0.0,56.0,False
PN-101894,24,ELECTRICAL POWER,AIRBUS,A321-200,AOG KRİTİK,YOK,Satınalma,45.0,5,1.02,0.69,2.8,0.98,2.0,3.0,5.0,3.0,4.0,0.0,0.0,56.0,False
PN-104976,36,PNEUMATIC,AIRBUS,A321neo,KRİTİK,YOK,Yurtdışı tamir,20.0,24,6.0,2.96,70.7,0.95,4.0,4.0,10.0,8.0,26.0,0.083,5.9,56.0,False
PN-101427,77,ENGINE INDICATING,BOEING,737 MAX 8,KRİTİK,YOK,Satınalma,19.0,2,0.57,3.81,8.6,0.95,2.0,2.0,3.0,3.0,6.0,0.0,0.0,55.9,False
PN-104609,32,LANDING GEAR,AIRBUS,A320-200,AOG KRİTİK,YOK,Yurtdışı tamir,41.0,20,5.0,0.64,12.7,0.98,3.0,7.0,12.0,5.0,9.0,0.25,3.2,55.9,False
PN-104178,32,LANDING GEAR,AIRBUS,A319-100,AOG KRİTİK,YOK,Satınalma,43.0,14,3.5,0.56,7.7,0.98,2.0,5.0,9.0,3.0,5.0,0.143,1.1,55.9,False
PN-100892,35,OXYGEN,BOEING,787-9,KRİTİK,YOK,Satınalma,18.0,6,1.09,3.75,16.3,0.95,2.0,2.0,4.0,3.0,8.0,0.0,0.0,55.9,False
PN-104429,77,ENGINE INDICATING,BOEING,787-9,KRİTİK,YOK,Yurtdışı tamir,17.0,4,1.27,3.75,18.6,0.95,2.0,2.0,4.0,3.0,8.0,0.0,0.0,55.9,False
PN-103279,71,POWER PLANT,AIRBUS,A320-200,AOG KRİTİK,YOK,Yurtdışı tamir,44.0,8,2.0,0.64,5.0,0.98,2.0,4.0,6.0,3.0,5.0,0.0,0.0,55.9,False
PN-101203,72,ENGINE,BOEING,737-800,AOG KRİTİK,YOK,Yurtdışı tamir,41.0,23,5.75,0.56,12.5,0.98,3.0,7.0,13.0,5.0,9.0,0.13,1.6,55.9,False
PN-102068,29,HYDRAULIC POWER,AIRBUS,A330-300,AOG KRİTİK,YOK,Yurtdışı tamir,39.0,12,2.28,1.11,9.8,0.98,3.0,4.0,7.0,5.0,8.0,0.25,2.4,55.9,False
PN-104805,72,ENGINE,AIRBUS,A321neo,AOG KRİTİK,VAR,Yurtiçi tamir,7.0,21,5.25,2.96,60.7,0.98,3.0,3.0,9.0,5.0,21.0,0.143,8.7,55.8,False
PN-104377,27,FLIGHT CONTROLS,AIRBUS,A321-200,AOG KRİTİK,YOK,Yurtdışı tamir,37.0,33,8.25,0.69,22.1,0.98,4.0,8.0,17.0,7.0,13.0,0.121,2.7,55.8,False
PN-104106,23,COMMUNICATIONS,BOEING,737 MAX 8,KRİTİK,YOK,Satınalma,16.0,5,1.02,3.81,15.6,0.95,2.0,2.0,4.0,3.0,7.0,0.2,3.1,55.8,False
PN-103157,80,STARTING,BOEING,737-900ER,AOG KRİTİK,YOK,Yurtdışı tamir,33.0,34,8.5,1.0,33.3,0.98,4.0,8.0,17.0,8.0,17.0,0.147,4.9,55.8,False
PN-104686,79,OIL,AIRBUS,A320neo,KRİTİK,YOK,Yurtdışı tamir,35.0,22,5.5,2.59,55.8,0.95,4.0,6.0,12.0,10.0,24.0,0.136,7.6,55.8,False
PN-101773,31,INDICATING / RECORDING SYSTEMS,BOEING,737 MAX 8,KRİTİK,YOK,Satınalma,17.0,3,0.9,3.81,13.2,0.95,2.0,2.0,3.0,3.0,7.0,0.667,8.8,55.8,False
PN-103568,72,ENGINE,AIRBUS,A321-200,AOG KRİTİK,YOK,Yurtdışı tamir,43.0,9,2.25,0.69,6.0,0.98,2.0,5.0,8.0,3.0,5.0,0.0,0.0,55.8,False
PN-103581,72,ENGINE,AIRBUS,A319-100,AOG KRİTİK,YOK,Satınalma,42.0,17,4.25,0.56,9.4,0.98,3.0,5.0,10.0,5.0,8.0,0.059,0.6,55.8,False
PN-104416,34,NAVIGATION,AIRBUS,A321-200,AOG KRİTİK,YOK,Yurtdışı tamir,43.0,10,1.85,0.69,5.0,0.98,2.0,3.0,5.0,3.0,5.0,0.1,0.5,55.7,False
PN-100955,49,AIRBORNE AUXILIARY POWER (APU),BOEING,737-900ER,AOG KRİTİK,YOK,Yurtdışı tamir,33.0,32,8.0,1.0,31.6,0.98,4.0,7.0,15.0,7.0,15.0,0.188,5.9,55.7,False
PN-101021,22,AUTO FLIGHT,BOEING,737 MAX 8,KRİTİK DEĞİL,YOK,Yurtdışı tamir,37.0,36,9.0,3.81,134.0,0.9,5.0,7.0,16.0,19.0,53.0,0.056,7.4,55.7,True
PN-104060,24,ELECTRICAL POWER,AIRBUS,A321neo,KRİTİK,YOK,Satınalma,45.0,0,0.0,2.96,0.0,0.95,0.0,0.0,0.0,0.0,0.0,0.0,0.0,55.7,False
PN-103266,72,ENGINE,AIRBUS,A321-200,AOG KRİTİK,YOK,Satınalma,32.0,51,12.75,0.69,34.9,0.98,4.0,10.0,23.0,8.0,17.0,0.118,4.1,55.7,False
PN-101876,27,FLIGHT CONTROLS,BOEING,737-800,AOG KRİTİK,YOK,Yurtdışı tamir,44.0,3,0.57,0.56,1.3,0.98,1.0,3.0,4.0,2.0,3.0,0.0,0.0,55.6,False
PN-101091,32,LANDING GEAR,AIRBUS,A321-200,AOG KRİTİK,YOK,Satınalma,38.0,26,6.5,0.69,17.8,0.98,3.0,7.0,14.0,5.0,10.0,0.269,4.8,55.6,False
PN-102858,71,POWER PLANT,AIRBUS,A321-200,AOG KRİTİK,YOK,Satınalma,42.0,7,2.35,0.69,6.5,0.98,2.0,5.0,8.0,3.0,5.0,0.429,2.8,55.6,False
PN-103594,27,FLIGHT CONTROLS,BOEING,787-9,AOG KRİTİK,VAR,Yurtiçi tamir,5.0,2,0.35,3.75,5.3,0.98,1.0,2.0,3.0,2.0,4.0,0.5,2.6,55.6,False
PN-103079,32,LANDING GEAR,BOEING,737-800,AOG KRİTİK,YOK,Yurtdışı tamir,39.0,27,6.75,0.56,14.6,0.98,3.0,7.0,14.0,5.0,9.0,0.074,1.1,55.6,False
PN-101178,27,FLIGHT CONTROLS,AIRBUS,A320neo,KRİTİK,YOK,Satınalma,40.0,16,4.0,2.59,39.8,0.95,4.0,5.0,9.0,9.0,19.0,0.0,0.0,55.6,False
PN-104514,77,ENGINE INDICATING,AIRBUS,A320neo,KRİTİK,YOK,Yurtdışı tamir,30.0,26,6.5,2.59,66.5,0.95,4.0,6.0,13.0,10.0,27.0,0.0,0.0,55.5,False
PN-100355,80,STARTING,BOEING,777-300ER,AOG KRİTİK,YOK,Yurtdışı tamir,19.0,11,2.75,1.67,17.7,0.98,2.0,3.0,6.0,3.0,8.0,0.0,0.0,55.5,False
PN-100125,36,PNEUMATIC,AIRBUS,A321neo,KRİTİK,YOK,Satınalma,38.0,6,1.44,2.96,16.4,0.95,3.0,3.0,5.0,5.0,10.0,0.0,0.0,55.5,False
PN-101965,72,ENGINE,AIRBUS,A320-200,AOG KRİTİK,YOK,Yurtdışı tamir,43.0,5,1.25,0.64,3.2,0.98,2.0,3.0,5.0,3.0,4.0,0.0,0.0,55.5,False
PN-103078,26,FIRE PROTECTION,BOEING,737 MAX 8,KRİTİK,YOK,Satınalma,17.0,2,0.65,3.81,9.6,0.95,2.0,2.0,3.0,3.0,6.0,0.0,0.0,55.5,False
PN-102946,49,AIRBORNE AUXILIARY POWER (APU),BOEING,737 MAX 8,KRİTİK DEĞİL,YOK,Yurtdışı tamir,42.0,24,6.0,3.81,89.9,0.9,5.0,6.0,12.0,16.0,39.0,0.125,11.2,55.5,True
PN-101457,32,LANDING GEAR,BOEING,777-F,KRİTİK,YOK,Yurtdışı tamir,42.0,17,4.25,2.5,41.3,0.95,4.0,5.0,10.0,9.0,20.0,0.235,9.7,55.5,False
PN-100783,24,ELECTRICAL POWER,AIRBUS,A320-200,AOG KRİTİK,YOK,Yurtdışı tamir,41.0,14,3.5,0.64,8.9,0.98,3.0,5.0,9.0,5.0,8.0,0.071,0.6,55.5,False
PN-101217,72,ENGINE,BOEING,737-900ER,AOG KRİTİK,YOK,Satınalma,30.0,39,9.75,1.0,38.2,0.98,4.0,8.0,18.0,8.0,18.0,0.103,3.9,55.5,False
PN-103468,35,OXYGEN,AIRBUS,A350-900,KRİTİK,YOK,Satınalma,20.0,2,0.42,3.75,6.1,0.95,1.0,2.0,3.0,2.0,4.0,0.0,0.0,55.5,False
PN-103448,49,AIRBORNE AUXILIARY POWER (APU),AIRBUS,A321-200,AOG KRİTİK,YOK,Yurtdışı tamir,43.0,5,1.25,0.69,3.4,0.98,2.0,3.0,5.0,3.0,4.0,0.2,0.7,55.5,False
PN-103698,28,FUEL,AIRBUS,A321neo,KRİTİK,YOK,Satınalma,40.0,5,0.86,2.96,10.2,0.95,2.0,3.0,4.0,4.0,7.0,0.6,6.1,55.4,False
PN-102741,23,COMMUNICATIONS,AIRBUS,A321-200,AOG KRİTİK,YOK,Yurtdışı tamir,42.0,5,1.77,0.69,4.8,0.98,2.0,3.0,5.0,3.0,5.0,0.2,1.0,55.4,False
PN-102282,29,HYDRAULIC POWER,BOEING,777-300ER,AOG KRİTİK,YOK,Satınalma,19.0,10,2.5,1.67,16.6,0.98,2.0,3.0,6.0,3.0,8.0,0.0,0.0,55.4,False
PN-102699,24,ELECTRICAL POWER,AIRBUS,A330-300,AOG KRİTİK,YOK,Satınalma,37.0,9,2.25,1.11,10.1,0.98,3.0,3.0,6.0,5.0,8.0,0.0,0.0,55.4,False
PN-103998,72,ENGINE,AIRBUS,A321-200,AOG KRİTİK,YOK,Yurtdışı tamir,37.0,27,6.75,0.69,18.5,0.98,3.0,7.0,14.0,5.0,10.0,0.148,2.7,55.4,False
PN-100619,24,ELECTRICAL POWER,AIRBUS,A320neo,AOG KRİTİK,VAR,Yurtiçi tamir,8.0,32,8.0,2.59,81.8,0.98,3.0,3.0,11.0,5.0,26.0,0.25,20.4,55.4,False
PN-102126,29,HYDRAULIC POWER,BOEING,737 MAX 8,KRİTİK,YOK,Satınalma,16.0,3,0.69,3.81,10.6,0.95,2.0,2.0,3.0,3.0,6.0,0.333,3.5,55.3,False
PN-100595,73,ENGINE FUEL AND CONTROL,AIRBUS,A319-100,AOG KRİTİK,YOK,Satınalma,37.0,32,8.0,0.56,17.4,0.98,3.0,8.0,16.0,5.0,10.0,0.25,4.4,55.3,False
PN-104469,72,ENGINE,AIRBUS,A330-300,AOG KRİTİK,YOK,Yurtdışı tamir,35.0,13,3.25,1.11,14.2,0.98,3.0,5.0,9.0,5.0,9.0,0.0,0.0,55.3,False
PN-100989,73,ENGINE FUEL AND CONTROL,AIRBUS,A330-200,AOG KRİTİK,YOK,Yurtdışı tamir,31.0,2,1.7,1.33,8.7,0.98,2.0,3.0,5.0,3.0,6.0,0.0,0.0,55.3,False
PN-102403,36,PNEUMATIC,BOEING,737 MAX 8,KRİTİK DEĞİL,YOK,Satınalma,41.0,24,6.0,3.81,89.3,0.9,5.0,6.0,12.0,16.0,39.0,0.125,11.2,55.2,True
PN-102845,32,LANDING GEAR,AIRBUS,A320-200,AOG KRİTİK,YOK,Yurtdışı tamir,40.0,13,3.25,0.64,8.2,0.98,2.0,5.0,9.0,3.0,6.0,0.0,0.0,55.2,False
PN-102671,76,ENGINE CONTROLS,AIRBUS,A350-900,KRİTİK DEĞİL,YOK,Satınalma,37.0,29,7.25,3.75,107.2,0.9,5.0,6.0,14.0,16.0,43.0,0.207,22.2,55.2,True
PN-104579,28,FUEL,BOEING,777-F,KRİTİK,YOK,Yurtdışı tamir,48.0,9,2.25,2.5,21.9,0.95,3.0,4.0,7.0,6.0,12.0,0.222,4.9,55.2,False
PN-102063,71,POWER PLANT,BOEING,737 MAX 8,KRİTİK DEĞİL,YOK,Yurtdışı tamir,35.0,64,16.0,3.81,236.1,0.9,7.0,11.0,27.0,30.0,90.0,0.062,14.8,55.2,True
PN-101653,49,AIRBORNE AUXILIARY POWER (APU),AIRBUS,A321neo,KRİTİK,YOK,Satınalma,26.0,16,4.0,2.96,46.1,0.95,3.0,4.0,8.0,7.0,19.0,0.062,2.9,55.2,False
PN-104430,77,ENGINE INDICATING,AIRBUS,A320neo,KRİTİK,YOK,Satınalma,44.0,10,2.5,2.59,25.1,0.95,3.0,4.0,7.0,7.0,14.0,0.2,5.0,55.2,False
PN-101572,72,ENGINE,AIRBUS,A321neo,KRİTİK,YOK,Satınalma,21.0,20,5.0,2.96,58.7,0.95,4.0,4.0,9.0,8.0,23.0,0.1,5.9,55.1,False
PN-102249,32,LANDING GEAR,AIRBUS,A320-200,AOG KRİTİK,YOK,Satınalma,40.0,5,2.64,0.64,6.5,0.98,2.0,5.0,8.0,3.0,5.0,0.0,0.0,55.1,False
PN-101960,74,IGNITION,AIRBUS,A321neo,KRİTİK DEĞİL,YOK,Yurtdışı tamir,75.0,20,5.0,2.96,59.3,0.9,5.0,8.0,13.0,18.0,33.0,0.1,5.9,55.0,True
PN-104921,76,ENGINE CONTROLS,AIRBUS,A320neo,KRİTİK,YOK,Satınalma,31.0,23,5.75,2.59,58.0,0.95,4.0,5.0,11.0,9.0,24.0,0.217,12.6,55.0,False
PN-101260,27,FLIGHT CONTROLS,BOEING,787-9,KRİTİK DEĞİL,YOK,Satınalma,36.0,31,7.75,3.75,114.9,0.9,5.0,7.0,15.0,17.0,46.0,0.097,11.1,55.0,True
PN-103445,71,POWER PLANT,AIRBUS,A320neo,KRİTİK,YOK,Yurtdışı tamir,32.0,22,5.5,2.59,56.0,0.95,4.0,5.0,11.0,9.0,23.0,0.136,7.6,55.0,False
PN-101510,29,HYDRAULIC POWER,AIRBUS,A320neo,KRİTİK,YOK,Yurtdışı tamir,46.0,7,1.75,2.59,17.4,0.95,3.0,3.0,5.0,6.0,11.0,0.0,0.0,55.0,True
PN-100210,27,FLIGHT CONTROLS,BOEING,787-9,KRİTİK DEĞİL,YOK,Satınalma,36.0,63,15.75,3.75,229.9,0.9,7.0,11.0,27.0,30.0,88.0,0.048,10.9,55.0,True
PN-101492,21,AIR CONDITIONING,AIRBUS,A320-200,AOG KRİTİK,YOK,Satınalma,39.0,11,3.38,0.64,8.6,0.98,2.0,5.0,9.0,3.0,6.0,0.091,0.8,55.0,False
PN-102959,34,NAVIGATION,AIRBUS,A320-200,AOG KRİTİK,YOK,Yurtdışı tamir,37.0,22,5.5,0.64,13.8,0.98,3.0,7.0,13.0,5.0,9.0,0.182,2.5,55.0,False
PN-104865,49,AIRBORNE AUXILIARY POWER (APU),AIRBUS,A320-200,AOG KRİTİK,YOK,Satınalma,41.0,4,0.74,0.64,1.9,0.98,1.0,3.0,4.0,2.0,3.0,0.25,0.5,54.9,False
PN-100320,29,HYDRAULIC POWER,AIRBUS,A321-200,AOG KRİTİK,YOK,Satınalma,40.0,7,1.75,0.69,4.8,0.98,2.0,3.0,5.0,3.0,5.0,0.143,0.7,54.9,False
PN-103555,32,LANDING GEAR,AIRBUS,A319-100,AOG KRİTİK,YOK,Yurtdışı tamir,39.0,14,3.5,0.56,7.7,0.98,2.0,5.0,9.0,3.0,5.0,0.143,1.1,54.9,False
PN-102798,71,POWER PLANT,AIRBUS,A320neo,KRİTİK,YOK,Yurtdışı tamir,45.0,5,1.96,2.59,19.7,0.95,3.0,3.0,5.0,6.0,11.0,0.0,0.0,54.9,True
PN-102015,29,HYDRAULIC POWER,AIRBUS,A321-200,AOG KRİTİK,YOK,Satınalma,39.0,11,2.75,0.69,7.8,0.98,2.0,5.0,8.0,3.0,5.0,0.182,1.4,54.9,False
PN-104578,28,FUEL,AIRBUS,A320-200,AOG KRİTİK,YOK,Yurtdışı tamir,34.0,34,8.5,0.64,20.9,0.98,3.0,8.0,17.0,5.0,11.0,0.059,1.2,54.9,False
PN-102294,71,POWER PLANT,AIRBUS,A321-200,AOG KRİTİK,YOK,Satınalma,40.0,8,1.9,0.69,5.2,0.98,2.0,3.0,5.0,3.0,5.0,0.25,1.3,54.9,False
PN-102446,73,ENGINE FUEL AND CONTROL,AIRBUS,A330-300,AOG KRİTİK,YOK,Satınalma,38.0,2,0.35,1.11,1.6,0.98,1.0,2.0,3.0,2.0,3.0,0.0,0.0,54.9,False
PN-104507,49,AIRBORNE AUXILIARY POWER (APU),AIRBUS,A319-100,AOG KRİTİK,YOK,Yurtdışı tamir,41.0,4,1.0,0.56,2.1,0.98,2.0,3.0,4.0,3.0,4.0,0.0,0.0,54.9,False
PN-102526,34,NAVIGATION,AIRBUS,A321neo,KRİTİK,YOK,Satınalma,31.0,10,2.5,2.96,28.4,0.95,3.0,3.0,6.0,6.0,14.0,0.0,0.0,54.8,False
PN-100050,72,ENGINE,AIRBUS,A330-300,AOG KRİTİK,YOK,Satınalma,32.0,14,3.82,1.11,16.7,0.98,3.0,5.0,9.0,5.0,10.0,0.0,0.0,54.8,False
PN-100124,76,ENGINE CONTROLS,AIRBUS,A330-300,AOG KRİTİK,YOK,Yurtdışı tamir,24.0,35,8.75,1.11,38.4,0.98,4.0,7.0,16.0,7.0,17.0,0.2,7.7,54.8,False
PN-102114,72,ENGINE,AIRBUS,A321-200,AOG KRİTİK,YOK,Yurtdışı tamir,40.0,4,1.36,0.69,3.6,0.98,2.0,3.0,5.0,3.0,4.0,0.0,0.0,54.8,False
PN-102173,72,ENGINE,AIRBUS,A321-200,AOG KRİTİK,YOK,Yurtdışı tamir,33.0,33,8.25,0.69,22.3,0.98,3.0,7.0,16.0,6.0,12.0,0.091,2.0,54.8,False
PN-104481,28,FUEL,BOEING,787-9,KRİTİK DEĞİL,YOK,Yurtdışı tamir,35.0,50,12.5,3.75,182.3,0.9,6.0,8.0,21.0,24.0,70.0,0.1,18.2,54.7,True
PN-103784,80,STARTING,BOEING,737 MAX 8,KRİTİK DEĞİL,YOK,Yurtdışı tamir,33.0,42,10.5,3.81,157.3,0.9,5.0,7.0,18.0,20.0,60.0,0.19,30.0,54.7,True
PN-100121,56,WINDOWS,BOEING,777-F,KRİTİK,YOK,Satınalma,45.0,10,2.59,2.5,24.8,0.95,3.0,4.0,7.0,7.0,14.0,0.0,0.0,54.7,False
PN-102343,72,ENGINE,AIRBUS,A321neo,KRİTİK,YOK,Satınalma,26.0,14,3.5,2.96,40.2,0.95,3.0,3.0,7.0,6.0,17.0,0.0,0.0,54.7,False
PN-102390,32,LANDING GEAR,AIRBUS,A320neo,KRİTİK,YOK,Satınalma,31.0,22,5.5,2.59,55.3,0.95,4.0,5.0,11.0,9.0,23.0,0.136,7.5,54.7,False
PN-101798,34,NAVIGATION,AIRBUS,A330-200,AOG KRİTİK,YOK,Yurtdışı tamir,25.0,9,3.35,1.33,17.4,0.98,3.0,3.0,7.0,5.0,10.0,0.0,0.0,54.6,False
PN-104986,80,STARTING,AIRBUS,A320neo,KRİTİK,YOK,Satınalma,12.0,82,20.5,2.59,206.4,0.95,5.0,6.0,27.0,12.0,64.0,0.122,25.2,54.6,False
PN-100015,73,ENGINE FUEL AND CONTROL,BOEING,737 MAX 8,KRİTİK DEĞİL,YOK,Yurtdışı tamir,50.0,16,4.0,3.81,59.6,0.9,4.0,5.0,9.0,13.0,28.0,0.0,0.0,54.6,True
PN-103219,32,LANDING GEAR,AIRBUS,A320-200,AOG KRİTİK,YOK,Yurtdışı tamir,36.0,21,5.25,0.64,13.0,0.98,3.0,6.0,12.0,5.0,9.0,0.143,1.9,54.6,False
PN-100061,72,ENGINE,BOEING,737-800,AOG KRİTİK,YOK,Satınalma,38.0,11,2.75,0.56,6.0,0.98,2.0,5.0,8.0,3.0,5.0,0.091,0.5,54.5,False
PN-100492,72,ENGINE,AIRBUS,A321-200,AOG KRİTİK,YOK,Satınalma,32.0,33,8.25,0.69,22.1,0.98,3.0,7.0,16.0,5.0,11.0,0.061,1.3,54.5,False
PN-103442,32,LANDING GEAR,AIRBUS,A320-200,AOG KRİTİK,YOK,Satınalma,30.0,44,11.0,0.64,27.3,0.98,4.0,8.0,19.0,7.0,14.0,0.136,3.7,54.5,False
PN-103433,29,HYDRAULIC POWER,AIRBUS,A320neo,KRİTİK,YOK,Satınalma,46.0,5,1.29,2.59,13.1,0.95,3.0,3.0,5.0,5.0,9.0,0.0,0.0,54.5,False
PN-100922,32,LANDING GEAR,BOEING,737-800,AOG KRİTİK,YOK,Yurtdışı tamir,36.0,21,5.25,0.56,11.4,0.98,3.0,6.0,12.0,5.0,8.0,0.286,3.2,54.5,False
PN-100948,79,OIL,AIRBUS,A321-200,AOG KRİTİK,YOK,Satınalma,36.0,16,4.0,0.69,11.0,0.98,3.0,5.0,9.0,5.0,8.0,0.0,0.0,54.5,False
PN-103996,21,AIR CONDITIONING,AIRBUS,A321neo,KRİTİK,YOK,Satınalma,24.0,15,3.75,2.96,43.5,0.95,3.0,3.0,7.0,6.0,17.0,0.0,0.0,54.5,False
PN-101517,22,AUTO FLIGHT,AIRBUS,A321neo,KRİTİK,YOK,Yurtdışı tamir,36.0,5,0.97,2.96,11.2,0.95,2.0,3.0,4.0,4.0,7.0,0.0,0.0,54.5,False
PN-104803,73,ENGINE FUEL AND CONTROL,AIRBUS,A321neo,KRİTİK,YOK,Satınalma,19.0,20,5.0,2.96,57.9,0.95,3.0,4.0,9.0,7.0,22.0,0.05,2.9,54.5,False
PN-102110,28,FUEL,BOEING,737 MAX 8,KRİTİK DEĞİL,YOK,Satınalma,32.0,85,21.25,3.81,317.1,0.9,7.0,12.0,34.0,35.0,115.0,0.082,26.1,54.4,True
PN-103707,72,ENGINE,AIRBUS,A321-200,AOG KRİTİK,YOK,Yurtdışı tamir,37.0,11,2.75,0.69,7.4,0.98,2.0,5.0,8.0,3.0,5.0,0.0,0.0,54.4,False
PN-104363,80,STARTING,AIRBUS,A321-200,AOG KRİTİK,YOK,Satınalma,39.0,4,0.74,0.69,2.0,0.98,1.0,3.0,4.0,2.0,3.0,0.0,0.0,54.4,False
PN-103392,73,ENGINE FUEL AND CONTROL,AIRBUS,A330-200,AOG KRİTİK,YOK,Satınalma,26.0,9,2.25,1.33,11.6,0.98,2.0,3.0,6.0,3.0,6.0,0.222,2.6,54.3,False
PN-100329,36,PNEUMATIC,BOEING,737-800,AOG KRİTİK,YOK,Satınalma,37.0,13,3.25,0.56,7.0,0.98,2.0,5.0,9.0,3.0,5.0,0.308,2.2,54.3,False
PN-104694,71,POWER PLANT,BOEING,737-900ER,AOG KRİTİK,YOK,Satınalma,27.0,34,8.5,1.0,33.3,0.98,4.0,7.0,16.0,7.0,16.0,0.059,2.0,54.3,False
PN-104814,72,ENGINE,AIRBUS,A321-200,AOG KRİTİK,YOK,Satınalma,33.0,26,6.5,0.69,17.8,0.98,3.0,7.0,14.0,5.0,10.0,0.0,0.0,54.3,False
PN-101728,32,LANDING GEAR,AIRBUS,A330-300,AOG KRİTİK,YOK,Satınalma,33.0,8,2.0,1.11,8.7,0.98,2.0,3.0,5.0,3.0,6.0,0.0,0.0,54.3,False
PN-103535,22,AUTO FLIGHT,BOEING,737 MAX 8,KRİTİK DEĞİL,YOK,Satınalma,32.0,28,7.0,3.81,104.0,0.9,4.0,6.0,13.0,14.0,40.0,0.036,3.7,54.3,True
PN-103499,32,LANDING GEAR,BOEING,737 MAX 8,KRİTİK,VAR,Yurtiçi tamir,16.0,136,34.0,3.81,505.2,0.95,8.0,11.0,45.0,31.0,158.0,0.169,85.4,54.3,False
PN-102204,32,LANDING GEAR,AIRBUS,A320-200,AOG KRİTİK,YOK,Yurtdışı tamir,36.0,15,3.75,0.64,9.4,0.98,2.0,5.0,9.0,3.0,6.0,0.0,0.0,54.3,False
PN-103991,72,ENGINE,BOEING,737-800,AOG KRİTİK,YOK,Satınalma,35.0,20,5.0,0.56,10.7,0.98,3.0,5.0,10.0,5.0,8.0,0.05,0.5,54.2,False
PN-102570,73,ENGINE FUEL AND CONTROL,AIRBUS,A321-200,AOG KRİTİK,YOK,Yurtdışı tamir,38.0,5,1.02,0.69,2.8,0.98,2.0,3.0,5.0,3.0,4.0,0.2,0.6,54.2,False
PN-103471,72,ENGINE,AIRBUS,A319-100,AOG KRİTİK,YOK,Yurtdışı tamir,36.0,16,4.0,0.56,8.7,0.98,2.0,5.0,9.0,3.0,6.0,0.125,1.1,54.2,False
PN-103609,56,WINDOWS,AIRBUS,A350-900,KRİTİK DEĞİL,YOK,Satınalma,33.0,29,7.25,3.75,105.4,0.9,4.0,6.0,14.0,14.0,41.0,0.103,10.9,54.2,False
PN-100462,72,ENGINE,AIRBUS,A320-200,AOG KRİTİK,YOK,Yurtdışı tamir,37.0,8,2.0,0.64,5.1,0.98,2.0,3.0,5.0,3.0,5.0,0.0,0.0,54.2,False
PN-101726,79,OIL,AIRBUS,A350-900,KRİTİK DEĞİL,YOK,Yurtdışı tamir,33.0,34,8.5,3.75,124.7,0.9,5.0,7.0,16.0,17.0,49.0,0.029,3.7,54.2,True
PN-104328,22,AUTO FLIGHT,AIRBUS,A350-900,KRİTİK,YOK,Satınalma,17.0,0,0.0,3.75,0.0,0.95,0.0,0.0,0.0,0.0,0.0,0.0,0.0,54.1,False
PN-100495,31,INDICATING / RECORDING SYSTEMS,AIRBUS,A321neo,AOG KRİTİK,VAR,Yurtiçi tamir,8.0,14,3.55,2.96,41.1,0.98,2.0,3.0,7.0,3.0,14.0,0.143,5.9,54.1,False
PN-101132,73,ENGINE FUEL AND CONTROL,AIRBUS,A330-300,AOG KRİTİK,YOK,Satınalma,27.0,21,5.25,1.11,22.7,0.98,3.0,5.0,11.0,5.0,11.0,0.095,2.2,54.1,False
PN-103635,34,NAVIGATION,AIRBUS,A320neo,KRİTİK,YOK,Satınalma,19.0,32,8.0,2.59,80.5,0.95,4.0,5.0,13.0,9.0,30.0,0.188,15.1,54.1,False
PN-100509,27,FLIGHT CONTROLS,BOEING,737-800,AOG KRİTİK,YOK,Yurtdışı tamir,38.0,6,1.08,0.56,2.3,0.98,2.0,3.0,5.0,3.0,4.0,0.0,0.0,54.1,False
PN-100561,22,AUTO FLIGHT,AIRBUS,A321neo,KRİTİK,YOK,Satınalma,30.0,8,2.0,2.96,22.8,0.95,3.0,3.0,5.0,5.0,11.0,0.0,0.0,54.0,False
PN-104964,79,OIL,BOEING,777-F,KRİTİK,YOK,Satınalma,12.0,67,16.75,2.5,163.9,0.95,4.0,6.0,23.0,10.0,51.0,0.03,4.9,54.0,False
PN-101699,80,STARTING,AIRBUS,A320-200,AOG KRİTİK,YOK,Yurtdışı tamir,27.0,49,12.25,0.64,30.9,0.98,4.0,8.0,21.0,7.0,15.0,0.082,2.5,54.0,False
PN-104044,31,INDICATING / RECORDING SYSTEMS,AIRBUS,A320neo,KRİTİK,YOK,Satınalma,47.0,2,0.42,2.59,4.4,0.95,2.0,2.0,3.0,3.0,5.0,0.0,0.0,54.0,False
PN-101895,76,ENGINE CONTROLS,AIRBUS,A321neo,KRİTİK,YOK,Satınalma,19.0,18,4.5,2.96,52.6,0.95,3.0,3.0,8.0,6.0,20.0,0.056,2.9,54.0,False
PN-101374,77,ENGINE INDICATING,BOEING,787-9,KRİTİK DEĞİL,YOK,Yurtdışı tamir,42.0,21,5.25,3.75,79.2,0.9,4.0,5.0,11.0,14.0,34.0,0.143,11.3,54.0,True
PN-103922,34,NAVIGATION,BOEING,737-800,AOG KRİTİK,YOK,Satınalma,37.0,6,1.5,0.56,3.2,0.98,2.0,3.0,5.0,3.0,4.0,0.333,1.1,54.0,False
PN-104210,24,ELECTRICAL POWER,AIRBUS,A320-200,AOG KRİTİK,YOK,Yurtdışı tamir,30.0,35,8.75,0.64,22.2,0.98,3.0,7.0,16.0,5.0,11.0,0.229,5.1,54.0,False
PN-102054,71,POWER PLANT,AIRBUS,A320neo,KRİTİK,YOK,Satınalma,13.0,38,9.5,2.59,95.6,0.95,4.0,4.0,14.0,8.0,32.0,0.237,22.7,54.0,False
PN-102469,26,FIRE PROTECTION,AIRBUS,A350-900,KRİTİK DEĞİL,YOK,Yurtdışı tamir,36.0,26,6.5,3.75,93.9,0.9,4.0,6.0,13.0,14.0,38.0,0.038,3.6,53.9,True
PN-104918,74,IGNITION,AIRBUS,A321neo,KRİTİK,YOK,Yurtdışı tamir,35.0,2,0.65,2.96,8.0,0.95,2.0,2.0,3.0,3.0,5.0,0.5,4.0,53.9,False
PN-103771,29,HYDRAULIC POWER,AIRBUS,A320neo,KRİTİK,YOK,Yurtdışı tamir,38.0,11,2.75,2.59,27.9,0.95,3.0,4.0,7.0,6.0,13.0,0.091,2.5,53.9,False
PN-104211,71,POWER PLANT,BOEING,737 MAX 8,KRİTİK DEĞİL,YOK,Satınalma,30.0,46,11.5,3.81,172.1,0.9,5.0,7.0,19.0,20.0,64.0,0.022,3.7,53.9,True
PN-103449,34,NAVIGATION,BOEING,737-800,AOG KRİTİK,YOK,Yurtdışı tamir,33.0,25,6.25,0.56,13.5,0.98,3.0,7.0,14.0,5.0,9.0,0.04,0.5,53.9,False
PN-100081,32,LANDING GEAR,BOEING,737 MAX 8,KRİTİK DEĞİL,YOK,Satınalma,30.0,31,7.75,3.81,116.0,0.9,4.0,6.0,14.0,14.0,43.0,0.032,3.7,53.9,False
PN-100894,72,ENGINE,BOEING,737-800,AOG KRİTİK,YOK,Satınalma,24.0,69,17.25,0.56,37.3,0.98,4.0,10.0,28.0,7.0,17.0,0.087,3.2,53.9,False
PN-102298,26,FIRE PROTECTION,BOEING,737 MAX 8,KRİTİK DEĞİL,YOK,Satınalma,30.0,33,8.25,3.81,123.6,0.9,5.0,6.0,15.0,16.0,47.0,0.03,3.7,53.9,True
PN-104500,71,POWER PLANT,BOEING,737-800,AOG KRİTİK,YOK,Yurtdışı tamir,35.0,13,3.25,0.56,7.0,0.98,2.0,5.0,9.0,3.0,5.0,0.0,0.0,53.8,False
PN-101823,76,ENGINE CONTROLS,AIRBUS,A319-100,AOG KRİTİK,YOK,Satınalma,36.0,6,1.7,0.56,3.7,0.98,2.0,3.0,5.0,3.0,4.0,0.0,0.0,53.8,False
PN-102002,31,INDICATING / RECORDING SYSTEMS,AIRBUS,A350-900,KRİTİK DEĞİL,YOK,Satınalma,61.0,7,1.75,3.75,25.7,0.9,3.0,4.0,6.0,8.0,15.0,0.143,3.7,53.8,True
PN-101770,29,HYDRAULIC POWER,BOEING,787-9,KRİTİK DEĞİL,YOK,Satınalma,45.0,19,4.75,3.75,69.2,0.9,4.0,5.0,10.0,13.0,31.0,0.158,10.9,53.8,True
PN-102034,80,STARTING,AIRBUS,A330-200,AOG KRİTİK,YOK,Satınalma,24.0,9,2.25,1.33,11.7,0.98,2.0,3.0,6.0,3.0,6.0,0.111,1.3,53.8,False
PN-102062,24,ELECTRICAL POWER,AIRBUS,A320neo,KRİTİK,YOK,Satınalma,38.0,12,2.61,2.59,26.1,0.95,3.0,4.0,7.0,6.0,13.0,0.167,4.4,53.7,False
PN-102412,79,OIL,AIRBUS,A321-200,AOG KRİTİK,YOK,Satınalma,26.0,44,11.0,0.69,29.9,0.98,3.0,8.0,19.0,6.0,14.0,0.023,0.7,53.7,False
PN-101292,32,LANDING GEAR,AIRBUS,A319-100,AOG KRİTİK,YOK,Satınalma,35.0,11,2.75,0.56,6.0,0.98,2.0,5.0,8.0,3.0,5.0,0.0,0.0,53.7,False
PN-102841,71,POWER PLANT,AIRBUS,A319-100,AOG KRİTİK,YOK,Satınalma,28.0,45,11.25,0.56,24.6,0.98,3.0,8.0,20.0,5.0,12.0,0.178,4.4,53.7,False
PN-101504,49,AIRBORNE AUXILIARY POWER (APU),AIRBUS,A330-200,AOG KRİTİK,YOK,Satınalma,27.0,2,0.35,1.33,1.9,0.98,1.0,2.0,3.0,2.0,3.0,0.0,0.0,53.7,False
PN-102206,24,ELECTRICAL POWER,AIRBUS,A320-200,AOG KRİTİK,YOK,Satınalma,34.0,13,3.25,0.64,8.1,0.98,2.0,5.0,9.0,3.0,6.0,0.0,0.0,53.7,False
PN-101742,32,LANDING GEAR,AIRBUS,A321neo,AOG KRİTİK,VAR,Yurtiçi tamir,12.0,9,2.25,2.96,25.8,0.98,2.0,3.0,6.0,3.0,10.0,0.111,2.9,53.7,False
PN-104685,71,POWER PLANT,AIRBUS,A321neo,AOG KRİTİK,VAR,Yurtiçi tamir,15.0,6,1.5,2.96,17.7,0.98,2.0,3.0,5.0,3.0,8.0,0.0,0.0,53.7,False
PN-103404,31,INDICATING / RECORDING SYSTEMS,AIRBUS,A321neo,KRİTİK,YOK,Satınalma,23.0,13,3.25,2.96,38.0,0.95,3.0,3.0,7.0,6.0,16.0,0.154,5.8,53.7,False
PN-104049,32,LANDING GEAR,AIRBUS,A320neo,KRİTİK,YOK,Yurtdışı tamir,41.0,6,1.62,2.59,16.7,0.95,3.0,3.0,5.0,5.0,10.0,0.333,5.6,53.6,False
PN-103428,73,ENGINE FUEL AND CONTROL,BOEING,737 MAX 8,KRİTİK DEĞİL,YOK,Satınalma,30.0,28,7.0,3.81,102.9,0.9,4.0,5.0,12.0,13.0,39.0,0.214,22.1,53.6,True
PN-101468,73,ENGINE FUEL AND CONTROL,AIRBUS,A321neo,KRİTİK,YOK,Yurtdışı tamir,34.0,2,0.65,2.96,7.4,0.95,2.0,2.0,3.0,3.0,5.0,0.0,0.0,53.6,False
PN-103567,24,ELECTRICAL POWER,AIRBUS,A320neo,KRİTİK,YOK,Satınalma,21.0,27,6.75,2.59,70.0,0.95,4.0,5.0,12.0,9.0,27.0,0.074,5.2,53.6,False
PN-102008,73,ENGINE FUEL AND CONTROL,BOEING,737-800,AOG KRİTİK,YOK,Yurtdışı tamir,34.0,11,2.75,0.56,5.9,0.98,2.0,5.0,8.0,3.0,5.0,0.455,2.7,53.5,False
PN-101233,72,ENGINE,AIRBUS,A330-300,AOG KRİTİK,YOK,Satınalma,22.0,28,7.0,1.11,30.4,0.98,3.0,5.0,12.0,5.0,13.0,0.036,1.1,53.5,False
PN-102443,26,FIRE PROTECTION,BOEING,787-9,KRİTİK DEĞİL,YOK,Satınalma,30.0,33,8.25,3.75,121.9,0.9,5.0,6.0,15.0,16.0,47.0,0.182,22.2,53.5,True
PN-103953,34,NAVIGATION,AIRBUS,A320neo,KRİTİK,YOK,Satınalma,44.0,3,0.7,2.59,7.2,0.95,2.0,2.0,3.0,3.0,5.0,0.0,0.0,53.5,False
PN-101087,80,STARTING,AIRBUS,A321neo,KRİTİK,YOK,Satınalma,26.0,10,2.5,2.96,28.4,0.95,3.0,3.0,6.0,6.0,14.0,0.0,0.0,53.5,False
PN-103172,32,LANDING GEAR,AIRBUS,A321-200,AOG KRİTİK,YOK,Satınalma,23.0,52,13.0,0.69,35.3,0.98,4.0,8.0,21.0,7.0,16.0,0.096,3.4,53.5,False
PN-104307,73,ENGINE FUEL AND CONTROL,BOEING,777-F,KRİTİK,YOK,Yurtdışı tamir,43.0,6,1.62,2.5,15.8,0.95,3.0,3.0,5.0,5.0,9.0,0.167,2.6,53.4,False
PN-101258,36,PNEUMATIC,BOEING,777-300ER,AOG KRİTİK,YOK,Yurtdışı tamir,16.0,3,0.6,1.67,4.0,0.98,1.0,2.0,3.0,2.0,4.0,0.0,0.0,53.4,False
PN-101147,72,ENGINE,AIRBUS,A321-200,AOG KRİTİK,YOK,Satınalma,34.0,7,1.75,0.69,4.8,0.98,2.0,3.0,5.0,3.0,5.0,0.0,0.0,53.4,False
PN-104646,72,ENGINE,AIRBUS,A321-200,AOG KRİTİK,YOK,Satınalma,34.0,10,1.77,0.69,4.9,0.98,2.0,3.0,5.0,3.0,5.0,0.1,0.5,53.4,False
PN-104192,72,ENGINE,BOEING,777-300ER,KRİTİK,YOK,Yurtdışı tamir,47.0,42,10.5,1.67,68.2,0.95,5.0,10.0,21.0,14.0,32.0,0.19,13.0,53.4,False
PN-100798,29,HYDRAULIC POWER,AIRBUS,A321neo,AOG KRİTİK,VAR,Yurtiçi tamir,14.0,6,1.5,2.96,17.1,0.98,2.0,2.0,4.0,3.0,8.0,0.167,2.8,53.4,False
PN-101821,72,ENGINE,AIRBUS,A330-300,AOG KRİTİK,YOK,Yurtdışı tamir,28.0,17,3.03,1.11,13.3,0.98,3.0,3.0,7.0,5.0,9.0,0.176,2.4,53.4,False
PN-101446,79,OIL,AIRBUS,A320neo,KRİTİK,YOK,Yurtdışı tamir,34.0,13,3.25,2.59,33.1,0.95,3.0,4.0,8.0,7.0,16.0,0.077,2.5,53.4,False
PN-101364,36,PNEUMATIC,BOEING,777-F,KRİTİK,YOK,Satınalma,32.0,18,4.5,2.5,44.4,0.95,4.0,5.0,10.0,8.0,20.0,0.111,4.9,53.3,False
PN-103422,49,AIRBORNE AUXILIARY POWER (APU),BOEING,737-800,AOG KRİTİK,YOK,Yurtdışı tamir,34.0,7,1.75,0.56,3.8,0.98,2.0,3.0,5.0,3.0,4.0,0.0,0.0,53.3,False
PN-102149,76,ENGINE CONTROLS,AIRBUS,A321neo,KRİTİK,YOK,Satınalma,31.0,6,1.1,2.96,12.5,0.95,2.0,3.0,5.0,4.0,8.0,0.167,2.1,53.3,False
PN-103261,34,NAVIGATION,BOEING,777-300ER,KRİTİK,YOK,Satınalma,50.0,36,9.0,1.67,58.7,0.95,5.0,9.0,18.0,14.0,29.0,0.167,9.8,53.3,False
PN-103817,73,ENGINE FUEL AND CONTROL,BOEING,737-800,AOG KRİTİK,YOK,Satınalma,34.0,8,2.0,0.56,4.3,0.98,2.0,3.0,5.0,3.0,5.0,0.125,0.5,53.3,False
PN-101033,29,HYDRAULIC POWER,AIRBUS,A320-200,AOG KRİTİK,YOK,Satınalma,34.0,7,1.5,0.64,3.7,0.98,2.0,3.0,5.0,3.0,4.0,0.143,0.5,53.3,False
PN-103534,23,COMMUNICATIONS,BOEING,787-9,KRİTİK DEĞİL,YOK,Satınalma,32.0,27,6.75,3.75,98.2,0.9,4.0,5.0,12.0,13.0,38.0,0.0,0.0,53.3,True
PN-104270,73,ENGINE FUEL AND CONTROL,AIRBUS,A321-200,AOG KRİTİK,YOK,Satınalma,29.0,26,6.5,0.69,17.6,0.98,3.0,6.0,13.0,5.0,10.0,0.038,0.7,53.3,False
PN-103283,23,COMMUNICATIONS,BOEING,737 MAX 8,KRİTİK DEĞİL,YOK,Yurtdışı tamir,38.0,21,5.25,3.81,78.1,0.9,4.0,5.0,11.0,13.0,33.0,0.048,3.7,53.3,True
PN-101806,21,AIR CONDITIONING,AIRBUS,A330-300,AOG KRİTİK,YOK,Yurtdışı tamir,32.0,2,0.35,1.11,1.6,0.98,1.0,2.0,3.0,2.0,3.0,0.0,0.0,53.3,False
PN-104021,22,AUTO FLIGHT,AIRBUS,A321neo,KRİTİK,YOK,Satınalma,31.0,3,1.11,2.96,12.6,0.95,2.0,3.0,5.0,4.0,8.0,0.333,4.2,53.3,False
PN-102076,34,NAVIGATION,BOEING,737 MAX 8,KRİTİK,VAR,Yurtiçi tamir,12.0,98,24.5,3.81,361.8,0.95,6.0,7.0,32.0,18.0,109.0,0.143,51.7,53.3,False
PN-101451,22,AUTO FLIGHT,BOEING,777-F,KRİTİK,YOK,Satınalma,29.0,21,5.25,2.5,51.8,0.95,4.0,5.0,11.0,9.0,22.0,0.19,9.9,53.2,False
PN-102147,79,OIL,AIRBUS,A320neo,KRİTİK,YOK,Satınalma,38.0,8,2.0,2.59,20.4,0.95,3.0,3.0,5.0,6.0,12.0,0.0,0.0,53.2,True
PN-104308,73,ENGINE FUEL AND CONTROL,AIRBUS,A321neo,KRİTİK DEĞİL,YOK,Yurtdışı tamir,58.0,30,7.5,2.96,86.3,0.9,5.0,8.0,16.0,19.0,41.0,0.1,8.6,53.2,True
PN-100878,36,PNEUMATIC,AIRBUS,A321neo,KRİTİK,YOK,Yurtdışı tamir,31.0,4,1.0,2.96,11.4,0.95,2.0,2.0,3.0,3.0,6.0,0.5,5.7,53.2,False
PN-101286,77,ENGINE INDICATING,BOEING,787-9,KRİTİK DEĞİL,YOK,Yurtdışı tamir,37.0,23,5.75,3.75,83.6,0.9,4.0,5.0,11.0,13.0,34.0,0.174,14.5,53.2,True
PN-100889,28,FUEL,AIRBUS,A320neo,KRİTİK,YOK,Yurtdışı tamir,25.0,22,5.5,2.59,54.9,0.95,4.0,5.0,11.0,8.0,22.0,0.091,5.0,53.2,False
PN-102098,72,ENGINE,AIRBUS,A321-200,AOG KRİTİK,YOK,Yurtdışı tamir,34.0,5,1.11,0.69,3.0,0.98,2.0,3.0,5.0,3.0,4.0,0.0,0.0,53.2,False
PN-100574,21,AIR CONDITIONING,BOEING,737 MAX 8,KRİTİK DEĞİL,YOK,Satınalma,42.0,18,4.5,3.81,66.4,0.9,4.0,5.0,10.0,12.0,29.0,0.0,0.0,53.2,True
PN-103073,73,ENGINE FUEL AND CONTROL,BOEING,737 MAX 8,KRİTİK DEĞİL,YOK,Yurtdışı tamir,44.0,16,4.0,3.81,60.9,0.9,4.0,4.0,8.0,12.0,28.0,0.062,3.8,53.2,True
PN-102907,79,OIL,AIRBUS,A320-200,AOG KRİTİK,YOK,Yurtdışı tamir,34.0,3,0.9,0.64,2.3,0.98,1.0,3.0,4.0,2.0,3.0,0.0,0.0,53.1,False
PN-102502,72,ENGINE,BOEING,737-900ER,AOG KRİTİK,YOK,Yurtdışı tamir,27.0,21,5.25,1.0,20.6,0.98,3.0,5.0,11.0,5.0,11.0,0.048,1.0,53.1,False
PN-100414,21,AIR CONDITIONING,AIRBUS,A321neo,KRİTİK,YOK,Satınalma,34.0,1,0.21,2.96,2.4,0.95,1.0,2.0,3.0,2.0,3.0,0.0,0.0,53.1,False
PN-103595,28,FUEL,AIRBUS,A321-200,AOG KRİTİK,YOK,Satınalma,32.0,11,2.75,0.69,7.6,0.98,2.0,4.0,7.0,3.0,5.0,0.091,0.7,53.1,False
PN-101268,79,OIL,BOEING,737-800,AOG KRİTİK,YOK,Satınalma,34.0,5,1.02,0.56,2.2,0.98,1.0,3.0,5.0,2.0,3.0,0.4,0.9,53.1,False
PN-100813,28,FUEL,AIRBUS,A350-900,KRİTİK DEĞİL,YOK,Satınalma,45.0,17,4.25,3.75,61.5,0.9,4.0,5.0,10.0,12.0,28.0,0.118,7.2,53.1,True
PN-100206,72,ENGINE,BOEING,777-300ER,KRİTİK,YOK,Yurtdışı tamir,51.0,33,8.25,1.67,54.4,0.95,5.0,9.0,18.0,13.0,27.0,0.03,1.6,53.1,False
PN-103260,32,LANDING GEAR,AIRBUS,A320-200,AOG KRİTİK,YOK,Yurtdışı tamir,32.0,10,2.5,0.64,6.2,0.98,2.0,3.0,6.0,3.0,5.0,0.0,0.0,53.0,False
PN-102188,34,NAVIGATION,BOEING,737 MAX 8,KRİTİK,VAR,Yurtiçi tamir,11.0,59,14.75,3.81,221.0,0.95,5.0,5.0,20.0,12.0,68.0,0.068,15.0,53.0,False
PN-100391,25,EQUIPMENT / FURNISHINGS,BOEING,787-9,KRİTİK DEĞİL,YOK,Satınalma,28.0,44,11.0,3.75,161.0,0.9,5.0,7.0,18.0,18.0,59.0,0.205,32.9,53.0,False
PN-100157,36,PNEUMATIC,AIRBUS,A330-300,AOG KRİTİK,YOK,Satınalma,28.0,8,2.0,1.11,8.7,0.98,2.0,3.0,5.0,3.0,6.0,0.0,0.0,53.0,False
PN-102769,79,OIL,AIRBUS,A330-200,AOG KRİTİK,YOK,Satınalma,19.0,12,3.0,1.33,15.9,0.98,2.0,3.0,6.0,3.0,7.0,0.0,0.0,53.0,False
PN-101296,27,FLIGHT CONTROLS,BOEING,737-800,AOG KRİTİK,YOK,Yurtdışı tamir,33.0,5,1.77,0.56,3.8,0.98,2.0,3.0,5.0,3.0,4.0,0.0,0.0,53.0,False
PN-100065,29,HYDRAULIC POWER,AIRBUS,A321-200,AOG KRİTİK,YOK,Yurtdışı tamir,31.0,13,3.25,0.69,8.8,0.98,2.0,5.0,9.0,3.0,6.0,0.154,1.4,53.0,False
PN-101655,27,FLIGHT CONTROLS,AIRBUS,A319-100,AOG KRİTİK,YOK,Yurtdışı tamir,32.0,8,2.53,0.56,5.5,0.98,2.0,3.0,6.0,3.0,5.0,0.0,0.0,52.9,False
PN-102715,34,NAVIGATION,AIRBUS,A321neo,KRİTİK,YOK,Satınalma,17.0,17,3.93,2.96,46.2,0.95,3.0,3.0,7.0,6.0,18.0,0.235,10.9,52.9,False
PN-102270,29,HYDRAULIC POWER,BOEING,737-800,AOG KRİTİK,YOK,Yurtdışı tamir,29.0,25,6.25,0.56,13.8,0.98,3.0,5.0,12.0,5.0,9.0,0.0,0.0,52.9,False
PN-102800,73,ENGINE FUEL AND CONTROL,AIRBUS,A330-300,AOG KRİTİK,YOK,Satınalma,29.0,4,0.85,1.11,3.6,0.98,2.0,3.0,4.0,3.0,4.0,0.0,0.0,52.8,False
PN-100488,72,ENGINE,AIRBUS,A320-200,AOG KRİTİK,YOK,Yurtdışı tamir,31.0,11,2.75,0.64,6.9,0.98,2.0,3.0,6.0,3.0,5.0,0.0,0.0,52.8,False
PN-103994,35,OXYGEN,BOEING,737 MAX 8,KRİTİK DEĞİL,YOK,Yurtdışı tamir,43.0,16,4.0,3.81,59.0,0.9,4.0,4.0,8.0,11.0,26.0,0.25,14.8,52.8,True
PN-103361,72,ENGINE,AIRBUS,A319-100,AOG KRİTİK,YOK,Satınalma,28.0,27,6.75,0.56,14.9,0.98,3.0,6.0,13.0,5.0,9.0,0.111,1.7,52.8,False
PN-101037,21,AIR CONDITIONING,AIRBUS,A330-300,AOG KRİTİK,YOK,Satınalma,20.0,26,6.5,1.11,28.3,0.98,3.0,5.0,12.0,5.0,13.0,0.038,1.1,52.8,False
PN-103625,72,ENGINE,AIRBUS,A321-200,AOG KRİTİK,YOK,Yurtdışı tamir,33.0,2,0.53,0.69,1.5,0.98,1.0,2.0,3.0,2.0,3.0,0.5,0.7,52.8,False
PN-103866,35,OXYGEN,AIRBUS,A321neo,KRİTİK,YOK,Yurtdışı tamir,30.0,1,0.85,2.96,10.4,0.95,2.0,2.0,3.0,3.0,6.0,0.0,0.0,52.8,False
PN-103553,71,POWER PLANT,AIRBUS,A320neo,KRİTİK,YOK,Yurtdışı tamir,29.0,16,4.0,2.59,39.8,0.95,3.0,4.0,8.0,7.0,17.0,0.062,2.5,52.7,False
PN-104926,31,INDICATING / RECORDING SYSTEMS,BOEING,787-9,KRİTİK DEĞİL,YOK,Yurtdışı tamir,27.0,38,9.5,3.75,138.6,0.9,5.0,6.0,16.0,16.0,51.0,0.237,32.8,52.7,False
PN-104601,79,OIL,AIRBUS,A320neo,KRİTİK,YOK,Satınalma,33.0,11,2.75,2.59,28.3,0.95,3.0,3.0,6.0,6.0,14.0,0.0,0.0,52.7,False
PN-100632,32,LANDING GEAR,AIRBUS,A320-200,AOG KRİTİK,YOK,Satınalma,28.0,22,5.5,0.64,13.8,0.98,3.0,5.0,11.0,5.0,9.0,0.182,2.5,52.7,False
PN-100204,32,LANDING GEAR,BOEING,737-800,AOG KRİTİK,YOK,Satınalma,32.0,4,1.1,0.56,2.4,0.98,1.0,3.0,5.0,2.0,3.0,0.0,0.0,52.6,False
PN-101409,28,FUEL,BOEING,737 MAX 8,KRİTİK DEĞİL,YOK,Satınalma,25.0,37,9.25,3.81,137.7,0.9,4.0,6.0,16.0,14.0,49.0,0.135,18.6,52.6,False
PN-104763,27,FLIGHT CONTROLS,AIRBUS,A319-100,AOG KRİTİK,YOK,Yurtdışı tamir,32.0,4,0.91,0.56,2.0,0.98,1.0,3.0,4.0,2.0,3.0,0.0,0.0,52.6,False
PN-100390,72,ENGINE,AIRBUS,A320-200,AOG KRİTİK,YOK,Satınalma,30.0,12,3.0,0.64,7.6,0.98,2.0,4.0,7.0,3.0,5.0,0.333,2.5,52.6,False
PN-100502,80,STARTING,AIRBUS,A320neo,KRİTİK,YOK,Satınalma,40.0,3,0.85,2.59,8.5,0.95,2.0,3.0,4.0,3.0,6.0,0.333,2.8,52.6,False
PN-104541,52,DOORS,AIRBUS,A320neo,KRİTİK,YOK,Satınalma,22.0,22,5.5,2.59,56.5,0.95,4.0,4.0,10.0,8.0,23.0,0.591,33.4,52.5,False
PN-103773,24,ELECTRICAL POWER,AIRBUS,A319-100,AOG KRİTİK,YOK,Satınalma,27.0,28,7.0,0.56,15.0,0.98,3.0,6.0,13.0,5.0,9.0,0.214,3.2,52.5,False
PN-100767,34,NAVIGATION,BOEING,737-900ER,AOG KRİTİK,YOK,Yurtdışı tamir,22.0,29,7.25,1.0,28.2,0.98,3.0,5.0,13.0,5.0,13.0,0.069,1.9,52.5,False
PN-103415,31,INDICATING / RECORDING SYSTEMS,AIRBUS,A330-300,AOG KRİTİK,YOK,Satınalma,28.0,3,0.69,1.11,2.9,0.98,1.0,2.0,3.0,2.0,3.0,0.0,0.0,52.4,False
PN-103752,79,OIL,AIRBUS,A321neo,KRİTİK,YOK,Satınalma,23.0,4,2.04,2.96,24.0,0.95,3.0,3.0,6.0,5.0,12.0,0.0,0.0,52.4,False
PN-101519,32,LANDING GEAR,BOEING,737-800,AOG KRİTİK,YOK,Satınalma,31.0,5,1.25,0.56,2.7,0.98,1.0,3.0,5.0,2.0,3.0,0.4,1.1,52.4,False
PN-104183,76,ENGINE CONTROLS,BOEING,737 MAX 8,KRİTİK DEĞİL,YOK,Satınalma,24.0,42,10.5,3.81,155.2,0.9,5.0,6.0,17.0,16.0,55.0,0.071,11.1,52.4,False
PN-102006,32,LANDING GEAR,AIRBUS,A321neo,KRİTİK,YOK,Satınalma,30.0,2,0.53,2.96,6.0,0.95,2.0,2.0,3.0,3.0,5.0,0.5,3.0,52.4,False
PN-103829,24,ELECTRICAL POWER,AIRBUS,A320neo,KRİTİK,YOK,Yurtdışı tamir,33.0,10,2.5,2.59,25.4,0.95,3.0,3.0,6.0,6.0,13.0,0.2,5.1,52.4,False
PN-103824,49,AIRBORNE AUXILIARY POWER (APU),AIRBUS,A330-300,AOG KRİTİK,YOK,Satınalma,24.0,16,2.98,1.11,13.0,0.98,2.0,3.0,6.0,3.0,7.0,0.25,3.2,52.4,False
PN-102107,24,ELECTRICAL POWER,AIRBUS,A320neo,KRİTİK,YOK,Satınalma,28.0,15,3.75,2.59,38.4,0.95,3.0,4.0,8.0,6.0,16.0,0.067,2.6,52.4,False
PN-101642,32,LANDING GEAR,AIRBUS,A319-100,AOG KRİTİK,YOK,Satınalma,21.0,55,13.75,0.56,29.6,0.98,3.0,8.0,22.0,5.0,13.0,0.073,2.1,52.4,False
PN-104988,79,OIL,AIRBUS,A320-200,AOG KRİTİK,YOK,Satınalma,24.0,33,8.25,0.64,20.4,0.98,3.0,7.0,16.0,5.0,11.0,0.091,1.9,52.3,False
PN-102131,80,STARTING,AIRBUS,A321neo,KRİTİK,YOK,Satınalma,21.0,10,2.5,2.96,28.6,0.95,3.0,3.0,6.0,5.0,13.0,0.0,0.0,52.3,False
PN-101813,34,NAVIGATION,BOEING,737 MAX 8,KRİTİK,VAR,Yurtiçi tamir,17.0,22,5.5,3.81,81.0,0.95,4.0,4.0,10.0,8.0,29.0,0.0,0.0,52.3,False
PN-104771,72,ENGINE,BOEING,777-300ER,KRİTİK,YOK,Satınalma,43.0,41,10.25,1.67,67.2,0.95,5.0,9.0,20.0,13.0,30.0,0.122,8.2,52.3,False
PN-100636,27,FLIGHT CONTROLS,BOEING,737 MAX 8,KRİTİK,VAR,Yurtiçi tamir,8.0,64,16.0,3.81,238.0,0.95,4.0,4.0,20.0,10.0,70.0,0.188,44.6,52.3,False
PN-101661,49,AIRBORNE AUXILIARY POWER (APU),AIRBUS,A321-200,AOG KRİTİK,YOK,Satınalma,28.0,14,3.5,0.69,9.5,0.98,2.0,5.0,9.0,3.0,6.0,0.071,0.7,52.3,False
PN-100594,29,HYDRAULIC POWER,AIRBUS,A321neo,AOG KRİTİK,VAR,Yurtiçi tamir,12.0,2,0.85,2.96,9.7,0.98,2.0,2.0,3.0,3.0,6.0,0.0,0.0,52.2,False
PN-101718,31,INDICATING / RECORDING SYSTEMS,BOEING,787-9,KRİTİK DEĞİL,YOK,Yurtdışı tamir,25.0,30,7.5,3.75,110.3,0.9,4.0,5.0,13.0,12.0,40.0,0.2,22.1,52.2,False
PN-101723,72,ENGINE,AIRBUS,A320-200,AOG KRİTİK,YOK,Yurtdışı tamir,30.0,7,1.26,0.64,3.1,0.98,2.0,3.0,5.0,3.0,4.0,0.0,0.0,52.2,False
PN-102780,29,HYDRAULIC POWER,BOEING,777-F,AOG KRİTİK,VAR,Yurtiçi tamir,7.0,24,6.0,2.5,58.3,0.98,3.0,3.0,9.0,5.0,20.0,0.0,0.0,52.2,False
PN-103693,29,HYDRAULIC POWER,AIRBUS,A321neo,AOG KRİTİK,VAR,Yurtiçi tamir,8.0,7,1.75,2.96,19.9,0.98,2.0,2.0,4.0,3.0,8.0,0.0,0.0,52.1,False
PN-102787,22,AUTO FLIGHT,AIRBUS,A330-300,AOG KRİTİK,YOK,Satınalma,25.0,8,1.58,1.11,7.0,0.98,2.0,3.0,5.0,3.0,5.0,0.0,0.0,52.1,False
PN-101149,76,ENGINE CONTROLS,BOEING,737 MAX 8,KRİTİK DEĞİL,YOK,Satınalma,23.0,31,7.75,3.81,117.3,0.9,4.0,4.0,12.0,12.0,42.0,0.065,7.6,52.1,False
PN-102074,71,POWER PLANT,BOEING,737 MAX 8,KRİTİK,VAR,Yurtiçi tamir,9.0,27,6.75,3.81,101.1,0.95,3.0,3.0,10.0,6.0,32.0,0.222,22.5,52.1,False
PN-100596,49,AIRBORNE AUXILIARY POWER (APU),AIRBUS,A320-200,AOG KRİTİK,YOK,Yurtdışı tamir,28.0,6,2.89,0.64,7.1,0.98,2.0,3.0,6.0,3.0,5.0,0.333,2.4,52.1,False
PN-104181,30,ICE & RAIN PROTECTION,BOEING,777-300ER,KRİTİK,YOK,Yurtdışı tamir,63.0,7,1.75,1.67,11.3,0.95,3.0,4.0,6.0,5.0,8.0,0.143,1.6,52.1,False
PN-104930,21,AIR CONDITIONING,BOEING,737 MAX 8,KRİTİK DEĞİL,YOK,Yurtdışı tamir,23.0,31,7.75,3.81,116.0,0.9,4.0,4.0,12.0,12.0,41.0,0.065,7.5,52.1,False
PN-102663,34,NAVIGATION,AIRBUS,A321neo,KRİTİK,YOK,Satınalma,21.0,9,2.25,2.96,26.0,0.95,3.0,3.0,6.0,5.0,12.0,0.222,5.8,52.0,False
PN-103883,32,LANDING GEAR,BOEING,737-800,AOG KRİTİK,YOK,Yurtdışı tamir,29.0,7,1.75,0.56,3.8,0.98,2.0,3.0,5.0,3.0,4.0,0.143,0.5,52.0,False
PN-104498,27,FLIGHT CONTROLS,BOEING,737 MAX 8,KRİTİK,VAR,Yurtiçi tamir,7.0,192,48.0,3.81,721.0,0.95,7.0,8.0,56.0,21.0,202.0,0.042,30.0,52.0,False
PN-102291,29,HYDRAULIC POWER,AIRBUS,A319-100,AOG KRİTİK,YOK,Satınalma,21.0,47,11.75,0.56,25.6,0.98,3.0,7.0,19.0,5.0,12.0,0.191,4.9,52.0,False
PN-102536,29,HYDRAULIC POWER,BOEING,777-300ER,KRİTİK,YOK,Yurtdışı tamir,55.0,19,4.75,1.67,31.3,0.95,4.0,6.0,11.0,9.0,17.0,0.211,6.6,52.0,False
PN-102048,72,ENGINE,BOEING,737-800,AOG KRİTİK,YOK,Yurtdışı tamir,28.0,11,2.75,0.56,6.1,0.98,2.0,3.0,6.0,3.0,5.0,0.364,2.2,52.0,False
PN-103732,31,INDICATING / RECORDING SYSTEMS,BOEING,737 MAX 8,KRİTİK DEĞİL,YOK,Yurtdışı tamir,42.0,14,3.5,3.81,53.0,0.9,4.0,4.0,8.0,11.0,25.0,0.214,11.4,52.0,True
PN-101413,73,ENGINE FUEL AND CONTROL,AIRBUS,A321-200,AOG KRİTİK,YOK,Yurtdışı tamir,26.0,16,4.0,0.69,11.0,0.98,2.0,5.0,9.0,3.0,6.0,0.125,1.4,51.9,False
PN-100133,36,PNEUMATIC,AIRBUS,A350-900,KRİTİK,VAR,Yurtiçi tamir,8.0,34,8.5,3.75,125.7,0.95,3.0,3.0,12.0,6.0,38.0,0.059,7.4,51.9,False
PN-102666,27,FLIGHT CONTROLS,AIRBUS,A321-200,AOG KRİTİK,YOK,Yurtdışı tamir,24.0,24,6.0,0.69,16.1,0.98,3.0,5.0,11.0,5.0,10.0,0.125,2.0,51.9,False
PN-104099,29,HYDRAULIC POWER,AIRBUS,A321-200,AOG KRİTİK,YOK,Yurtdışı tamir,29.0,5,0.97,0.69,2.6,0.98,1.0,3.0,4.0,2.0,3.0,0.0,0.0,51.9,False
PN-100544,74,IGNITION,BOEING,737-800,AOG KRİTİK,YOK,Satınalma,27.0,15,3.75,0.56,8.2,0.98,2.0,5.0,9.0,3.0,6.0,0.133,1.1,51.9,False
PN-101512,72,ENGINE,BOEING,777-300ER,KRİTİK,YOK,Yurtdışı tamir,42.0,40,10.0,1.67,65.4,0.95,5.0,9.0,19.0,13.0,30.0,0.1,6.5,51.9,False
PN-102922,24,ELECTRICAL POWER,BOEING,737-900ER,AOG KRİTİK,YOK,Satınalma,17.0,36,9.0,1.0,34.8,0.98,3.0,5.0,14.0,5.0,14.0,0.194,6.8,51.9,False
PN-100483,73,ENGINE FUEL AND CONTROL,AIRBUS,A350-900,KRİTİK,VAR,Yurtiçi tamir,8.0,43,10.75,3.75,157.4,0.95,4.0,3.0,14.0,8.0,48.0,0.186,29.3,51.9,False
PN-100832,32,LANDING GEAR,AIRBUS,A319-100,AOG KRİTİK,YOK,Satınalma,25.0,25,6.25,0.56,13.6,0.98,2.0,5.0,12.0,3.0,7.0,0.08,1.1,51.9,False
PN-100001,73,ENGINE FUEL AND CONTROL,BOEING,737-800,AOG KRİTİK,YOK,Satınalma,28.0,6,1.86,0.56,4.2,0.98,2.0,3.0,5.0,3.0,5.0,0.0,0.0,51.8,False
PN-100924,27,FLIGHT CONTROLS,AIRBUS,A320-200,AOG KRİTİK,YOK,Satınalma,27.0,12,3.0,0.64,7.4,0.98,2.0,3.0,6.0,3.0,5.0,0.0,0.0,51.8,False
PN-104121,79,OIL,AIRBUS,A320neo,AOG KRİTİK,VAR,Yurtiçi tamir,12.0,13,3.25,2.59,32.9,0.98,3.0,3.0,7.0,5.0,14.0,0.462,15.2,51.8,False
PN-102632,77,ENGINE INDICATING,AIRBUS,A320neo,KRİTİK,YOK,Satınalma,27.0,14,3.5,2.59,35.7,0.95,3.0,4.0,8.0,6.0,15.0,0.0,0.0,51.8,False
PN-103117,52,DOORS,BOEING,737 MAX 8,KRİTİK,VAR,Yurtiçi tamir,6.0,29,7.25,3.81,108.4,0.95,3.0,3.0,11.0,5.0,33.0,0.345,37.4,51.8,False
PN-101301,31,INDICATING / RECORDING SYSTEMS,AIRBUS,A320neo,KRİTİK,YOK,Satınalma,26.0,15,3.75,2.59,37.5,0.95,3.0,4.0,8.0,6.0,16.0,0.067,2.5,51.8,False
PN-102113,77,ENGINE INDICATING,AIRBUS,A321neo,KRİTİK,YOK,Yurtdışı tamir,25.0,4,1.05,2.96,11.9,0.95,2.0,2.0,4.0,3.0,6.0,0.0,0.0,51.7,False
PN-102456,74,IGNITION,BOEING,737 MAX 8,KRİTİK DEĞİL,YOK,Yurtdışı tamir,26.0,25,6.25,3.81,93.5,0.9,4.0,4.0,11.0,11.0,35.0,0.08,7.5,51.7,False
PN-100388,77,ENGINE INDICATING,AIRBUS,A320-200,AOG KRİTİK,YOK,Satınalma,27.0,10,2.5,0.64,6.2,0.98,2.0,3.0,6.0,3.0,5.0,0.2,1.2,51.7,False
PN-104374,28,FUEL,AIRBUS,A320neo,AOG KRİTİK,VAR,Yurtiçi tamir,7.0,18,4.5,2.59,46.0,0.98,2.0,3.0,8.0,3.0,15.0,0.111,5.1,51.7,False
PN-101803,27,FLIGHT CONTROLS,AIRBUS,A321-200,AOG KRİTİK,YOK,Satınalma,26.0,12,3.0,0.69,8.2,0.98,2.0,3.0,6.0,3.0,6.0,0.0,0.0,51.6,False
PN-100741,72,ENGINE,AIRBUS,A330-300,AOG KRİTİK,YOK,Satınalma,24.0,6,1.19,1.11,5.1,0.98,2.0,3.0,5.0,3.0,5.0,0.167,0.9,51.6,False
PN-103209,27,FLIGHT CONTROLS,AIRBUS,A350-900,KRİTİK DEĞİL,YOK,Yurtdışı tamir,32.0,22,5.5,3.75,80.2,0.9,4.0,4.0,10.0,12.0,33.0,0.136,10.9,51.6,True
PN-102637,72,ENGINE,AIRBUS,A319-100,AOG KRİTİK,YOK,Satınalma,20.0,44,11.0,0.56,23.9,0.98,3.0,7.0,18.0,5.0,11.0,0.068,1.6,51.6,False
PN-103670,24,ELECTRICAL POWER,BOEING,787-9,KRİTİK,VAR,Yurtiçi tamir,7.0,97,24.25,3.75,361.8,0.95,5.0,5.0,30.0,12.0,103.0,0.113,41.0,51.6,False
PN-100139,32,LANDING GEAR,AIRBUS,A320neo,KRİTİK,YOK,Yurtdışı tamir,27.0,13,3.25,2.59,33.1,0.95,3.0,3.0,7.0,6.0,15.0,0.154,5.1,51.6,False
PN-100765,73,ENGINE FUEL AND CONTROL,AIRBUS,A320neo,KRİTİK,YOK,Yurtdışı tamir,31.0,8,2.22,2.59,22.3,0.95,3.0,3.0,6.0,5.0,11.0,0.25,5.6,51.6,False
PN-102670,73,ENGINE FUEL AND CONTROL,BOEING,737-800,AOG KRİTİK,YOK,Satınalma,19.0,48,12.0,0.56,26.2,0.98,3.0,7.0,19.0,5.0,12.0,0.125,3.3,51.6,False
PN-102810,35,OXYGEN,AIRBUS,A321neo,KRİTİK,YOK,Yurtdışı tamir,29.0,0,0.0,2.96,0.0,0.95,0.0,0.0,0.0,0.0,0.0,0.0,0.0,51.6,False
PN-104779,22,AUTO FLIGHT,BOEING,737-800,AOG KRİTİK,YOK,Yurtdışı tamir,27.0,10,2.5,0.56,5.4,0.98,2.0,3.0,6.0,3.0,5.0,0.1,0.5,51.6,False
PN-102081,23,COMMUNICATIONS,BOEING,737-900ER,KRİTİK,YOK,Satınalma,44.0,127,31.75,1.0,124.6,0.95,7.0,23.0,55.0,23.0,55.0,0.126,15.7,51.5,False
PN-103574,79,OIL,BOEING,737 MAX 8,KRİTİK,VAR,Yurtiçi tamir,5.0,41,10.25,3.81,153.3,0.95,3.0,3.0,14.0,6.0,45.0,0.171,26.2,51.5,False
PN-100100,74,IGNITION,AIRBUS,A321neo,KRİTİK,YOK,Yurtdışı tamir,26.0,3,0.65,2.96,7.4,0.95,2.0,2.0,3.0,3.0,5.0,0.0,0.0,51.5,False
PN-102506,32,LANDING GEAR,BOEING,737-900ER,AOG KRİTİK,YOK,Satınalma,27.0,3,0.85,1.0,3.3,0.98,2.0,3.0,4.0,3.0,4.0,0.333,1.1,51.4,False
PN-103720,52,DOORS,AIRBUS,A321neo,KRİTİK DEĞİL,YOK,Satınalma,45.0,35,8.75,2.96,102.6,0.9,5.0,8.0,17.0,18.0,44.0,0.143,14.7,51.4,True
PN-100984,49,AIRBORNE AUXILIARY POWER (APU),BOEING,737-800,AOG KRİTİK,YOK,Satınalma,27.0,5,1.26,0.56,2.7,0.98,1.0,3.0,5.0,2.0,3.0,0.2,0.5,51.4,False
PN-100738,72,ENGINE,AIRBUS,A321-200,AOG KRİTİK,YOK,Satınalma,19.0,36,9.0,0.69,24.0,0.98,3.0,5.0,14.0,5.0,11.0,0.222,5.3,51.4,False
PN-100185,32,LANDING GEAR,BOEING,737-800,AOG KRİTİK,YOK,Satınalma,22.0,31,7.75,0.56,16.6,0.98,3.0,5.0,13.0,4.0,9.0,0.065,1.1,51.4,False
PN-101308,31,INDICATING / RECORDING SYSTEMS,BOEING,777-300ER,KRİTİK,YOK,Yurtdışı tamir,46.0,30,7.5,1.67,49.1,0.95,5.0,8.0,16.0,12.0,25.0,0.2,9.8,51.4,False
PN-102587,29,HYDRAULIC POWER,AIRBUS,A321neo,KRİTİK,VAR,Yurtiçi tamir,28.0,48,12.0,2.96,140.4,0.95,6.0,8.0,20.0,17.0,53.0,0.021,2.9,51.4,False
PN-100467,49,AIRBORNE AUXILIARY POWER (APU),AIRBUS,A321-200,AOG KRİTİK,YOK,Yurtdışı tamir,25.0,12,3.0,0.69,8.2,0.98,2.0,3.0,6.0,3.0,6.0,0.0,0.0,51.4,False
PN-104527,23,COMMUNICATIONS,AIRBUS,A320neo,KRİTİK,YOK,Yurtdışı tamir,31.0,8,2.0,2.59,20.3,0.95,3.0,3.0,5.0,5.0,11.0,0.125,2.5,51.4,False
PN-101928,25,EQUIPMENT / FURNISHINGS,AIRBUS,A320neo,KRİTİK,YOK,Satınalma,24.0,15,3.75,2.59,38.0,0.95,3.0,3.0,7.0,6.0,16.0,0.133,5.1,51.3,False
PN-100118,27,FLIGHT CONTROLS,BOEING,737 MAX 8,KRİTİK,VAR,Yurtiçi tamir,6.0,27,6.75,3.81,100.8,0.95,3.0,3.0,10.0,5.0,31.0,0.111,11.2,51.3,False
PN-102564,32,LANDING GEAR,BOEING,777-300ER,AOG KRİTİK,VAR,Yurtiçi tamir,9.0,76,19.0,1.67,124.2,0.98,4.0,5.0,24.0,8.0,40.0,0.026,3.3,51.3,False
PN-101417,32,LANDING GEAR,AIRBUS,A330-300,AOG KRİTİK,YOK,Satınalma,19.0,14,3.5,1.11,15.2,0.98,2.0,3.0,7.0,3.0,7.0,0.286,4.3,51.3,False
PN-101101,34,NAVIGATION,AIRBUS,A320-200,AOG KRİTİK,YOK,Satınalma,23.0,21,5.25,0.64,13.1,0.98,2.0,5.0,11.0,3.0,7.0,0.143,1.9,51.3,False
PN-104281,77,ENGINE INDICATING,AIRBUS,A321-200,AOG KRİTİK,YOK,Satınalma,26.0,2,1.7,0.69,4.5,0.98,2.0,3.0,5.0,3.0,5.0,0.0,0.0,51.3,False
PN-100601,73,ENGINE FUEL AND CONTROL,AIRBUS,A320neo,KRİTİK,YOK,Yurtdışı tamir,33.0,7,1.32,2.59,13.6,0.95,2.0,3.0,5.0,4.0,8.0,0.0,0.0,51.3,False
PN-104332,76,ENGINE CONTROLS,AIRBUS,A320neo,KRİTİK,YOK,Satınalma,36.0,1,0.42,2.59,4.2,0.95,2.0,2.0,3.0,3.0,5.0,0.0,0.0,51.2,False
PN-102433,29,HYDRAULIC POWER,AIRBUS,A320neo,AOG KRİTİK,VAR,Yurtiçi tamir,7.0,16,4.0,2.59,40.7,0.98,2.0,3.0,7.0,3.0,14.0,0.125,5.1,51.2,False
PN-101344,25,EQUIPMENT / FURNISHINGS,BOEING,777-F,KRİTİK,YOK,Yurtdışı tamir,24.0,18,4.5,2.5,43.7,0.95,3.0,4.0,9.0,6.0,17.0,0.167,7.3,51.2,False
PN-100017,24,ELECTRICAL POWER,AIRBUS,A320neo,KRİTİK,YOK,Yurtdışı tamir,34.0,6,0.93,2.59,9.3,0.95,2.0,2.0,3.0,3.0,6.0,0.0,0.0,51.1,False
PN-101810,27,FLIGHT CONTROLS,AIRBUS,A330-200,AOG KRİTİK,YOK,Satınalma,10.0,16,4.0,1.33,20.9,0.98,2.0,3.0,7.0,3.0,9.0,0.125,2.6,51.1,False
PN-103248,24,ELECTRICAL POWER,BOEING,787-9,KRİTİK,VAR,Yurtiçi tamir,5.0,32,8.0,3.75,117.3,0.95,3.0,3.0,11.0,5.0,35.0,0.188,22.0,51.1,False
PN-103350,25,EQUIPMENT / FURNISHINGS,BOEING,787-9,KRİTİK DEĞİL,YOK,Yurtdışı tamir,56.0,3,0.72,3.75,10.4,0.9,2.0,2.0,3.0,4.0,7.0,0.333,3.5,51.1,True
PN-104931,72,ENGINE,BOEING,737-800,AOG KRİTİK,YOK,Satınalma,25.0,9,2.25,0.56,4.8,0.98,2.0,3.0,6.0,3.0,5.0,0.111,0.5,51.1,False
PN-100831,27,FLIGHT CONTROLS,AIRBUS,A320neo,KRİTİK,YOK,Yurtdışı tamir,26.0,12,3.0,2.59,30.0,0.95,3.0,3.0,6.0,6.0,14.0,0.167,5.0,51.1,False
PN-102746,26,FIRE PROTECTION,AIRBUS,A330-200,AOG KRİTİK,YOK,Satınalma,15.0,6,1.31,1.33,7.0,0.98,2.0,2.0,4.0,3.0,5.0,0.167,1.2,51.1,False
PN-102381,32,LANDING GEAR,AIRBUS,A330-300,AOG KRİTİK,YOK,Satınalma,19.0,12,3.0,1.11,13.1,0.98,2.0,3.0,6.0,3.0,7.0,0.167,2.2,51.1,False
PN-101680,79,OIL,BOEING,737-800,AOG KRİTİK,YOK,Yurtdışı tamir,22.0,23,5.75,0.56,12.3,0.98,2.0,5.0,11.0,3.0,7.0,0.0,0.0,51.0,False
PN-103063,24,ELECTRICAL POWER,AIRBUS,A320-200,AOG KRİTİK,YOK,Satınalma,19.0,33,8.25,0.64,20.7,0.98,3.0,5.0,14.0,5.0,11.0,0.152,3.1,51.0,False
PN-103274,27,FLIGHT CONTROLS,AIRBUS,A320neo,AOG KRİTİK,VAR,Yurtiçi tamir,10.0,12,3.0,2.59,30.2,0.98,2.0,3.0,6.0,3.0,11.0,0.167,5.0,51.0,False
PN-103250,29,HYDRAULIC POWER,AIRBUS,A319-100,KRİTİK,YOK,Satınalma,80.0,7,1.75,0.56,3.8,0.95,2.0,5.0,7.0,3.0,4.0,0.143,0.5,51.0,False
PN-101648,80,STARTING,AIRBUS,A321neo,KRİTİK,YOK,Yurtdışı tamir,24.0,4,0.57,2.96,6.6,0.95,2.0,2.0,3.0,3.0,5.0,0.0,0.0,51.0,False
PN-101666,72,ENGINE,AIRBUS,A319-100,AOG KRİTİK,YOK,Satınalma,21.0,27,6.75,0.56,14.6,0.98,2.0,5.0,12.0,3.0,7.0,0.074,1.1,51.0,False
PN-104440,29,HYDRAULIC POWER,BOEING,737-800,AOG KRİTİK,YOK,Yurtdışı tamir,24.0,10,2.5,0.56,5.4,0.98,2.0,3.0,6.0,3.0,5.0,0.0,0.0,50.9,False
PN-101008,72,ENGINE,BOEING,737-800,AOG KRİTİK,YOK,Satınalma,18.0,40,10.0,0.56,21.6,0.98,3.0,5.0,15.0,5.0,11.0,0.2,4.3,50.9,False
PN-100934,32,LANDING GEAR,AIRBUS,A320-200,AOG KRİTİK,YOK,Satınalma,22.0,18,4.5,0.64,11.3,0.98,2.0,5.0,10.0,3.0,6.0,0.0,0.0,50.9,False
PN-102497,77,ENGINE INDICATING,AIRBUS,A321neo,KRİTİK,YOK,Yurtdışı tamir,24.0,2,0.5,2.96,5.7,0.95,2.0,2.0,3.0,3.0,5.0,0.0,0.0,50.9,False
PN-103601,49,AIRBORNE AUXILIARY POWER (APU),AIRBUS,A320neo,KRİTİK,YOK,Yurtdışı tamir,28.0,9,2.25,2.59,22.6,0.95,3.0,3.0,6.0,5.0,11.0,0.111,2.5,50.9,False
PN-101103,24,ELECTRICAL POWER,AIRBUS,A320neo,KRİTİK,YOK,Satınalma,12.0,26,6.5,2.59,66.1,0.95,3.0,3.0,10.0,6.0,23.0,0.077,5.1,50.9,False
PN-101180,49,AIRBORNE AUXILIARY POWER (APU),BOEING,737-800,AOG KRİTİK,YOK,Yurtdışı tamir,23.0,15,3.75,0.56,8.2,0.98,2.0,3.0,7.0,3.0,6.0,0.067,0.5,50.9,False
PN-104464,32,LANDING GEAR,AIRBUS,A320-200,AOG KRİTİK,YOK,Satınalma,13.0,57,14.25,0.64,35.8,0.98,3.0,6.0,21.0,5.0,14.0,0.123,4.4,50.9,False
PN-102205,73,ENGINE FUEL AND CONTROL,AIRBUS,A321-200,AOG KRİTİK,YOK,Satınalma,23.0,12,3.0,0.69,8.3,0.98,2.0,3.0,6.0,3.0,6.0,0.0,0.0,50.9,False
PN-100827,77,ENGINE INDICATING,BOEING,737 MAX 8,KRİTİK DEĞİL,YOK,Satınalma,30.0,20,5.0,3.81,73.7,0.9,4.0,4.0,9.0,11.0,30.0,0.1,7.4,50.9,True
PN-104475,29,HYDRAULIC POWER,AIRBUS,A319-100,AOG KRİTİK,YOK,Satınalma,24.0,9,2.18,0.56,4.8,0.98,2.0,3.0,6.0,3.0,5.0,0.111,0.5,50.8,False
PN-103751,73,ENGINE FUEL AND CONTROL,AIRBUS,A320neo,AOG KRİTİK,VAR,Yurtiçi tamir,10.0,11,2.75,2.59,28.4,0.98,2.0,3.0,6.0,3.0,11.0,0.091,2.6,50.8,False
PN-100293,29,HYDRAULIC POWER,BOEING,787-9,KRİTİK,VAR,Yurtiçi tamir,4.0,95,23.75,3.75,348.2,0.95,4.0,4.0,28.0,8.0,96.0,0.095,33.0,50.8,False
PN-102397,28,FUEL,AIRBUS,A330-200,AOG KRİTİK,YOK,Satınalma,15.0,2,0.85,1.33,4.4,0.98,1.0,2.0,3.0,2.0,4.0,0.0,0.0,50.8,False
PN-104340,22,AUTO FLIGHT,BOEING,737-800,AOG KRİTİK,YOK,Yurtdışı tamir,23.0,14,3.5,0.56,7.7,0.98,2.0,3.0,7.0,3.0,5.0,0.357,2.7,50.8,False
PN-102885,24,ELECTRICAL POWER,BOEING,737-900ER,AOG KRİTİK,YOK,Satınalma,23.0,9,1.87,1.0,7.2,0.98,2.0,3.0,5.0,3.0,5.0,0.0,0.0,50.8,False
PN-103116,52,DOORS,AIRBUS,A321neo,KRİTİK,YOK,Satınalma,17.0,8,2.0,2.96,23.6,0.95,2.0,3.0,5.0,4.0,10.0,0.625,14.7,50.8,False
PN-104083,73,ENGINE FUEL AND CONTROL,AIRBUS,A320-200,AOG KRİTİK,YOK,Yurtdışı tamir,24.0,7,1.75,0.64,4.4,0.98,2.0,3.0,5.0,3.0,5.0,0.0,0.0,50.8,False
PN-103774,32,LANDING GEAR,AIRBUS,A319-100,AOG KRİTİK,YOK,Yurtdışı tamir,22.0,16,4.0,0.56,8.8,0.98,2.0,4.0,8.0,3.0,6.0,0.188,1.6,50.7,False
PN-104199,27,FLIGHT CONTROLS,AIRBUS,A330-300,AOG KRİTİK,YOK,Satınalma,19.0,8,2.0,1.11,8.5,0.98,2.0,3.0,5.0,3.0,6.0,0.125,1.1,50.7,False
PN-103906,71,POWER PLANT,BOEING,787-9,KRİTİK DEĞİL,YOK,Satınalma,19.0,38,9.5,3.75,140.7,0.9,4.0,4.0,14.0,12.0,48.0,0.079,11.1,50.7,False
PN-101016,30,ICE & RAIN PROTECTION,AIRBUS,A350-900,KRİTİK DEĞİL,YOK,Satınalma,19.0,72,18.0,3.75,266.1,0.9,5.0,7.0,25.0,19.0,86.0,0.167,44.4,50.7,False
PN-103816,32,LANDING GEAR,AIRBUS,A330-200,AOG KRİTİK,YOK,Satınalma,11.0,10,2.5,1.33,13.3,0.98,2.0,3.0,6.0,3.0,7.0,0.1,1.3,50.7,False
PN-101475,28,FUEL,AIRBUS,A320neo,KRİTİK,YOK,Satınalma,35.0,1,0.21,2.59,2.3,0.95,1.0,2.0,3.0,2.0,3.0,1.0,2.3,50.7,False
PN-103401,77,ENGINE INDICATING,AIRBUS,A319-100,AOG KRİTİK,YOK,Satınalma,21.0,22,5.5,0.56,12.0,0.98,2.0,5.0,11.0,3.0,6.0,0.227,2.7,50.7,False
PN-100221,32,LANDING GEAR,BOEING,737-900ER,KRİTİK,YOK,Yurtdışı tamir,41.0,262,65.5,1.0,253.2,0.95,9.0,39.0,105.0,38.0,102.0,0.141,35.8,50.7,False
PN-103968,49,AIRBORNE AUXILIARY POWER (APU),BOEING,777-F,KRİTİK,YOK,Yurtdışı tamir,34.0,4,1.13,2.5,11.3,0.95,2.0,3.0,5.0,4.0,7.0,0.25,2.8,50.7,False
PN-102496,73,ENGINE FUEL AND CONTROL,AIRBUS,A320-200,AOG KRİTİK,YOK,Satınalma,24.0,5,1.0,0.64,2.5,0.98,1.0,3.0,4.0,2.0,3.0,0.0,0.0,50.6,False
PN-100215,28,FUEL,AIRBUS,A320neo,KRİTİK,YOK,Yurtdışı tamir,31.0,7,1.21,2.59,12.2,0.95,2.0,3.0,5.0,4.0,8.0,0.143,1.7,50.6,False
PN-102795,77,ENGINE INDICATING,AIRBUS,A330-300,KRİTİK,YOK,Satınalma,39.0,93,23.25,1.11,101.5,0.95,6.0,16.0,40.0,17.0,43.0,0.097,9.8,50.6,False
PN-104392,21,AIR CONDITIONING,AIRBUS,A320-200,AOG KRİTİK,YOK,Satınalma,23.0,8,1.87,0.64,4.7,0.98,2.0,3.0,5.0,3.0,5.0,0.0,0.0,50.6,False
PN-104871,79,OIL,BOEING,737 MAX 8,KRİTİK DEĞİL,YOK,Satınalma,33.0,17,4.25,3.81,62.7,0.9,4.0,4.0,9.0,10.0,26.0,0.118,7.4,50.6,True
PN-102537,34,NAVIGATION,AIRBUS,A320neo,KRİTİK,YOK,Satınalma,21.0,15,3.75,2.59,38.8,0.95,3.0,3.0,7.0,6.0,16.0,0.0,0.0,50.6,False
PN-101664,35,OXYGEN,AIRBUS,A350-900,KRİTİK DEĞİL,YOK,Satınalma,52.0,4,1.1,3.75,15.9,0.9,2.0,3.0,5.0,5.0,9.0,0.25,4.0,50.6,False
PN-100967,29,HYDRAULIC POWER,AIRBUS,A321-200,AOG KRİTİK,YOK,Yurtdışı tamir,21.0,15,3.75,0.69,10.1,0.98,2.0,3.0,7.0,3.0,6.0,0.067,0.7,50.6,False
PN-104999,34,NAVIGATION,AIRBUS,A319-100,AOG KRİTİK,YOK,Yurtdışı tamir,24.0,4,1.0,0.56,2.1,0.98,1.0,3.0,4.0,2.0,3.0,0.25,0.5,50.6,False
PN-104467,79,OIL,AIRBUS,A320-200,AOG KRİTİK,YOK,Satınalma,23.0,11,1.63,0.64,4.0,0.98,2.0,3.0,5.0,3.0,5.0,0.091,0.4,50.5,False
PN-104361,73,ENGINE FUEL AND CONTROL,BOEING,777-300ER,KRİTİK,YOK,Satınalma,51.0,16,4.0,1.67,25.9,0.95,4.0,6.0,10.0,8.0,15.0,0.062,1.6,50.5,False
PN-101095,23,COMMUNICATIONS,BOEING,787-9,KRİTİK DEĞİL,YOK,Yurtdışı tamir,33.0,18,4.5,3.75,65.8,0.9,4.0,4.0,9.0,10.0,27.0,0.0,0.0,50.5,True
PN-104025,24,ELECTRICAL POWER,BOEING,787-9,KRİTİK DEĞİL,YOK,Satınalma,38.0,14,3.5,3.75,52.2,0.9,3.0,4.0,8.0,9.0,23.0,0.0,0.0,50.5,True
PN-100423,49,AIRBORNE AUXILIARY POWER (APU),BOEING,737-800,AOG KRİTİK,YOK,Yurtdışı tamir,21.0,16,4.0,0.56,8.6,0.98,2.0,3.0,7.0,3.0,6.0,0.0,0.0,50.4,False
PN-103929,72,ENGINE,AIRBUS,A320-200,AOG KRİTİK,YOK,Satınalma,21.0,14,3.5,0.64,8.9,0.98,2.0,3.0,7.0,3.0,6.0,0.143,1.3,50.4,False
PN-102685,34,NAVIGATION,BOEING,737 MAX 8,KRİTİK DEĞİL,YOK,Satınalma,45.0,9,1.93,3.81,28.2,0.9,3.0,3.0,5.0,7.0,15.0,0.0,0.0,50.4,True
PN-103605,24,ELECTRICAL POWER,BOEING,787-9,KRİTİK,VAR,Yurtiçi tamir,6.0,26,6.5,3.75,95.4,0.95,3.0,3.0,10.0,5.0,29.0,0.154,14.7,50.4,False
PN-103945,72,ENGINE,AIRBUS,A320-200,AOG KRİTİK,YOK,Yurtdışı tamir,22.0,10,2.38,0.64,5.9,0.98,2.0,3.0,6.0,3.0,5.0,0.3,1.8,50.4,False
PN-104451,27,FLIGHT CONTROLS,BOEING,787-9,KRİTİK,VAR,Yurtiçi tamir,18.0,17,4.25,3.75,62.2,0.95,3.0,3.0,8.0,7.0,23.0,0.176,11.0,50.3,False
PN-104495,52,DOORS,BOEING,737 MAX 8,KRİTİK DEĞİL,YOK,Satınalma,16.0,71,17.75,3.81,260.7,0.9,5.0,7.0,25.0,17.0,83.0,0.099,25.7,50.3,False
PN-104558,72,ENGINE,AIRBUS,A330-300,KRİTİK,YOK,Satınalma,36.0,103,25.75,1.11,109.9,0.95,6.0,17.0,43.0,17.0,45.0,0.282,31.0,50.2,False
PN-102846,76,ENGINE CONTROLS,BOEING,737-800,AOG KRİTİK,YOK,Yurtdışı tamir,22.0,6,1.86,0.56,4.0,0.98,2.0,3.0,5.0,3.0,5.0,0.0,0.0,50.2,False
PN-104809,73,ENGINE FUEL AND CONTROL,AIRBUS,A321-200,AOG KRİTİK,YOK,Yurtdışı tamir,20.0,13,3.25,0.69,8.9,0.98,2.0,3.0,7.0,3.0,6.0,0.154,1.4,50.2,False
PN-102229,80,STARTING,AIRBUS,A321neo,KRİTİK,YOK,Satınalma,18.0,7,1.26,2.96,15.2,0.95,2.0,2.0,4.0,3.0,7.0,0.0,0.0,50.2,False
PN-100655,35,OXYGEN,AIRBUS,A321-200,AOG KRİTİK,YOK,Satınalma,22.0,6,1.5,0.69,4.0,0.98,2.0,3.0,5.0,3.0,4.0,0.0,0.0,50.2,False
PN-104346,22,AUTO FLIGHT,AIRBUS,A320neo,KRİTİK,YOK,Yurtdışı tamir,27.0,7,1.75,2.59,18.0,0.95,2.0,3.0,5.0,4.0,9.0,0.143,2.6,50.2,False
PN-101899,29,HYDRAULIC POWER,BOEING,737-900ER,AOG KRİTİK,YOK,Satınalma,21.0,7,1.75,1.0,6.9,0.98,2.0,3.0,5.0,3.0,5.0,0.0,0.0,50.2,False
PN-101232,80,STARTING,AIRBUS,A330-300,KRİTİK,YOK,Satınalma,36.0,103,25.75,1.11,112.3,0.95,6.0,17.0,43.0,18.0,47.0,0.155,17.4,50.2,False
PN-102239,77,ENGINE INDICATING,AIRBUS,A350-900,KRİTİK DEĞİL,YOK,Satınalma,44.0,9,2.25,3.75,33.7,0.9,3.0,4.0,7.0,8.0,17.0,0.222,7.5,50.2,True
PN-100969,21,AIR CONDITIONING,BOEING,787-9,KRİTİK DEĞİL,YOK,Satınalma,33.0,17,4.25,3.75,62.7,0.9,4.0,4.0,9.0,10.0,26.0,0.176,11.1,50.2,True
PN-103055,34,NAVIGATION,BOEING,737 MAX 8,KRİTİK,VAR,Yurtiçi tamir,11.0,20,5.0,3.81,75.5,0.95,3.0,3.0,8.0,6.0,25.0,0.2,15.1,50.2,False
PN-103489,71,POWER PLANT,AIRBUS,A321neo,KRİTİK,YOK,Satınalma,14.0,9,2.17,2.96,25.1,0.95,2.0,2.0,5.0,3.0,10.0,0.0,0.0,50.2,False
PN-100324,80,STARTING,BOEING,787-9,KRİTİK DEĞİL,YOK,Yurtdışı tamir,33.0,17,4.25,3.75,61.5,0.9,4.0,4.0,9.0,10.0,26.0,0.235,14.5,50.1,True
PN-101406,30,ICE & RAIN PROTECTION,BOEING,737 MAX 8,KRİTİK DEĞİL,YOK,Satınalma,15.0,79,19.75,3.81,292.8,0.9,5.0,7.0,27.0,18.0,92.0,0.127,37.1,50.1,False
PN-100111,73,ENGINE FUEL AND CONTROL,BOEING,737 MAX 8,KRİTİK DEĞİL,YOK,Satınalma,22.0,23,5.75,3.81,87.0,0.9,3.0,4.0,10.0,9.0,31.0,0.043,3.8,50.1,False
PN-100785,49,AIRBORNE AUXILIARY POWER (APU),AIRBUS,A350-900,KRİTİK DEĞİL,YOK,Satınalma,17.0,39,9.75,3.75,144.0,0.9,4.0,4.0,14.0,11.0,47.0,0.026,3.7,50.1,False
PN-102383,31,INDICATING / RECORDING SYSTEMS,AIRBUS,A321-200,AOG KRİTİK,YOK,Satınalma,22.0,5,1.13,0.69,3.0,0.98,1.0,3.0,5.0,2.0,3.0,0.2,0.6,50.1,False
PN-102629,22,AUTO FLIGHT,BOEING,787-9,KRİTİK DEĞİL,YOK,Satınalma,33.0,16,4.26,3.75,62.1,0.9,4.0,4.0,9.0,10.0,26.0,0.125,7.8,50.1,True
PN-101313,76,ENGINE CONTROLS,AIRBUS,A320-200,AOG KRİTİK,YOK,Satınalma,21.0,8,2.0,0.64,5.0,0.98,2.0,3.0,5.0,3.0,5.0,0.125,0.6,50.1,False
PN-103427,76,ENGINE CONTROLS,BOEING,737 MAX 8,KRİTİK DEĞİL,YOK,Satınalma,35.0,14,3.5,3.81,52.0,0.9,3.0,4.0,8.0,8.0,21.0,0.357,18.6,50.1,False
PN-104335,32,LANDING GEAR,AIRBUS,A320-200,AOG KRİTİK,YOK,Satınalma,21.0,8,2.0,0.64,5.0,0.98,2.0,3.0,5.0,3.0,5.0,0.0,0.0,50.1,False
PN-104059,49,AIRBORNE AUXILIARY POWER (APU),AIRBUS,A320neo,KRİTİK,YOK,Yurtdışı tamir,25.0,9,2.25,2.59,22.6,0.95,3.0,3.0,6.0,5.0,11.0,0.333,7.5,50.1,False
PN-100975,26,FIRE PROTECTION,AIRBUS,A321neo,KRİTİK,YOK,Satınalma,20.0,5,0.67,2.96,7.7,0.95,2.0,2.0,3.0,3.0,5.0,0.0,0.0,50.0,False
PN-100752,23,COMMUNICATIONS,AIRBUS,A320neo,KRİTİK,YOK,Yurtdışı tamir,30.0,4,0.8,2.59,8.4,0.95,2.0,2.0,3.0,3.0,6.0,0.25,2.1,50.0,False
PN-101025,22,AUTO FLIGHT,AIRBUS,A321neo,KRİTİK DEĞİL,YOK,Yurtdışı tamir,51.0,25,6.25,2.96,71.7,0.9,5.0,7.0,14.0,16.0,34.0,0.08,5.7,50.0,True
PN-101343,36,PNEUMATIC,AIRBUS,A350-900,KRİTİK DEĞİL,YOK,Yurtdışı tamir,28.0,20,5.0,3.75,74.3,0.9,4.0,4.0,9.0,10.0,29.0,0.05,3.7,50.0,True
PN-103525,26,FIRE PROTECTION,BOEING,737 MAX 8,KRİTİK DEĞİL,YOK,Satınalma,48.0,5,1.06,3.81,15.7,0.9,2.0,2.0,4.0,5.0,9.0,0.0,0.0,50.0,True
PN-100311,56,WINDOWS,BOEING,737 MAX 8,KRİTİK DEĞİL,YOK,Yurtdışı tamir,49.0,4,0.79,3.81,11.8,0.9,2.0,2.0,3.0,4.0,7.0,0.25,2.9,49.9,True
PN-103111,72,ENGINE,BOEING,737-800,AOG KRİTİK,YOK,Satınalma,21.0,6,1.5,0.56,3.2,0.98,1.0,3.0,5.0,2.0,3.0,0.167,0.5,49.9,False
PN-103854,34,NAVIGATION,AIRBUS,A320neo,KRİTİK,YOK,Satınalma,22.0,11,2.82,2.59,28.6,0.95,3.0,3.0,6.0,5.0,13.0,0.0,0.0,49.9,False
PN-102468,21,AIR CONDITIONING,AIRBUS,A319-100,KRİTİK,YOK,Yurtdışı tamir,76.0,6,1.39,0.56,3.1,0.95,2.0,4.0,6.0,3.0,4.0,0.0,0.0,49.9,False
PN-101847,36,PNEUMATIC,BOEING,737 MAX 8,KRİTİK DEĞİL,YOK,Satınalma,18.0,26,6.5,3.81,95.6,0.9,3.0,4.0,11.0,8.0,32.0,0.0,0.0,49.9,False
PN-100981,71,POWER PLANT,BOEING,737-800,AOG KRİTİK,YOK,Satınalma,19.0,16,4.0,0.56,8.8,0.98,2.0,3.0,7.0,3.0,6.0,0.125,1.1,49.9,False
PN-101153,77,ENGINE INDICATING,AIRBUS,A320neo,AOG KRİTİK,VAR,Yurtiçi tamir,7.0,8,2.53,2.59,25.7,0.98,2.0,2.0,5.0,3.0,10.0,0.0,0.0,49.8,False
PN-102448,73,ENGINE FUEL AND CONTROL,BOEING,737-800,AOG KRİTİK,YOK,Satınalma,14.0,38,9.5,0.56,20.6,0.98,2.0,5.0,15.0,3.0,9.0,0.0,0.0,49.8,False
PN-101166,21,AIR CONDITIONING,AIRBUS,A320neo,AOG KRİTİK,VAR,Yurtiçi tamir,6.0,11,2.75,2.59,28.1,0.98,2.0,2.0,5.0,3.0,11.0,0.0,0.0,49.8,False
PN-104316,80,STARTING,AIRBUS,A350-900,KRİTİK DEĞİL,YOK,Yurtdışı tamir,44.0,8,2.0,3.75,29.1,0.9,3.0,3.0,5.0,7.0,15.0,0.125,3.6,49.8,True
PN-102367,25,EQUIPMENT / FURNISHINGS,AIRBUS,A320neo,KRİTİK,YOK,Satınalma,23.0,10,2.5,2.59,25.1,0.95,3.0,3.0,6.0,5.0,12.0,0.1,2.5,49.8,False
PN-101740,32,LANDING GEAR,BOEING,737-900ER,AOG KRİTİK,YOK,Satınalma,16.0,16,4.0,1.0,15.8,0.98,2.0,3.0,7.0,3.0,7.0,0.188,3.0,49.8,False
PN-103659,34,NAVIGATION,BOEING,777-300ER,KRİTİK,YOK,Satınalma,19.0,75,18.75,1.67,123.1,0.95,5.0,8.0,27.0,12.0,43.0,0.067,8.2,49.8,False
PN-101918,32,LANDING GEAR,AIRBUS,A319-100,AOG KRİTİK,YOK,Satınalma,21.0,5,1.06,0.56,2.3,0.98,1.0,3.0,5.0,2.0,3.0,0.0,0.0,49.8,False
PN-102247,25,EQUIPMENT / FURNISHINGS,AIRBUS,A350-900,KRİTİK,VAR,Yurtiçi tamir,7.0,23,5.75,3.75,85.4,0.95,3.0,3.0,9.0,5.0,27.0,0.087,7.4,49.7,False
PN-104244,30,ICE & RAIN PROTECTION,AIRBUS,A320-200,AOG KRİTİK,YOK,Satınalma,21.0,3,0.65,0.64,1.6,0.98,1.0,2.0,3.0,2.0,3.0,0.0,0.0,49.7,False
PN-103873,34,NAVIGATION,BOEING,737-800,AOG KRİTİK,YOK,Satınalma,21.0,3,0.64,0.56,1.4,0.98,1.0,2.0,3.0,2.0,3.0,0.333,0.5,49.7,False
PN-104745,28,FUEL,BOEING,787-9,KRİTİK DEĞİL,YOK,Yurtdışı tamir,37.0,13,3.25,3.75,46.8,0.9,3.0,4.0,8.0,8.0,20.0,0.077,3.6,49.7,False
PN-104388,29,HYDRAULIC POWER,AIRBUS,A350-900,KRİTİK DEĞİL,YOK,Satınalma,18.0,27,6.75,3.75,98.5,0.9,3.0,4.0,11.0,8.0,33.0,0.148,14.6,49.7,False
PN-101106,27,FLIGHT CONTROLS,AIRBUS,A320-200,AOG KRİTİK,YOK,Yurtdışı tamir,20.0,7,1.75,0.64,4.4,0.98,2.0,3.0,5.0,3.0,5.0,0.143,0.6,49.7,False
PN-103984,76,ENGINE CONTROLS,BOEING,787-9,KRİTİK DEĞİL,YOK,Satınalma,22.0,24,6.0,3.75,87.2,0.9,3.0,4.0,10.0,9.0,31.0,0.208,18.2,49.7,False
PN-103397,79,OIL,BOEING,737 MAX 8,KRİTİK,VAR,Yurtiçi tamir,9.0,20,5.0,3.81,75.0,0.95,3.0,3.0,8.0,5.0,24.0,0.0,0.0,49.6,False
PN-101503,29,HYDRAULIC POWER,AIRBUS,A320neo,KRİTİK,YOK,Satınalma,23.0,9,2.25,2.59,22.8,0.95,2.0,3.0,6.0,4.0,10.0,0.0,0.0,49.6,False
PN-100800,21,AIR CONDITIONING,BOEING,777-F,KRİTİK,YOK,Satınalma,23.0,12,3.0,2.5,29.8,0.95,3.0,3.0,6.0,5.0,13.0,0.083,2.5,49.6,False
PN-102351,72,ENGINE,BOEING,737-800,AOG KRİTİK,YOK,Satınalma,19.0,10,2.5,0.56,5.4,0.98,2.0,3.0,6.0,3.0,5.0,0.2,1.1,49.6,False
PN-101852,32,LANDING GEAR,BOEING,737-800,AOG KRİTİK,YOK,Satınalma,19.0,10,2.5,0.56,5.4,0.98,2.0,3.0,6.0,3.0,5.0,0.0,0.0,49.6,False
PN-103826,29,HYDRAULIC POWER,BOEING,737 MAX 8,KRİTİK,VAR,Yurtiçi tamir,15.0,16,4.0,3.81,58.8,0.95,3.0,3.0,7.0,6.0,21.0,0.125,7.3,49.6,False
PN-104987,79,OIL,AIRBUS,A319-100,AOG KRİTİK,YOK,Yurtdışı tamir,20.0,7,1.26,0.56,2.7,0.98,1.0,3.0,5.0,2.0,3.0,0.0,0.0,49.6,False
PN-100505,32,LANDING GEAR,BOEING,737-900ER,AOG KRİTİK,YOK,Satınalma,15.0,17,4.25,1.0,16.7,0.98,2.0,3.0,8.0,3.0,8.0,0.059,1.0,49.6,False
PN-101849,25,EQUIPMENT / FURNISHINGS,BOEING,737 MAX 8,KRİTİK DEĞİL,YOK,Yurtdışı tamir,20.0,23,5.75,3.81,85.9,0.9,3.0,4.0,10.0,8.0,30.0,0.087,7.5,49.5,False
PN-104711,73,ENGINE FUEL AND CONTROL,BOEING,737-900ER,AOG KRİTİK,YOK,Satınalma,17.0,10,2.5,1.0,9.8,0.98,2.0,3.0,6.0,3.0,6.0,0.1,1.0,49.5,False
PN-104792,80,STARTING,BOEING,737 MAX 8,KRİTİK DEĞİL,YOK,Satınalma,34.0,13,3.25,3.81,48.3,0.9,3.0,4.0,8.0,8.0,21.0,0.231,11.2,49.5,False
PN-102429,28,FUEL,AIRBUS,A321-200,AOG KRİTİK,YOK,Satınalma,20.0,2,0.53,0.69,1.5,0.98,1.0,2.0,3.0,2.0,3.0,0.0,0.0,49.5,False
PN-102998,32,LANDING GEAR,AIRBUS,A319-100,KRİTİK,YOK,Yurtdışı tamir,61.0,69,17.25,0.56,38.1,0.95,5.0,18.0,36.0,12.0,22.0,0.087,3.3,49.4,False
PN-104549,76,ENGINE CONTROLS,AIRBUS,A321-200,AOG KRİTİK,YOK,Yurtdışı tamir,16.0,16,4.0,0.69,11.0,0.98,2.0,3.0,7.0,3.0,6.0,0.188,2.1,49.4,False
PN-104963,27,FLIGHT CONTROLS,BOEING,777-300ER,AOG KRİTİK,VAR,Yurtiçi tamir,11.0,49,12.25,1.67,80.5,0.98,4.0,5.0,18.0,7.0,28.0,0.041,3.3,49.4,False
PN-102355,30,ICE & RAIN PROTECTION,BOEING,777-F,KRİTİK,YOK,Yurtdışı tamir,25.0,8,2.23,2.5,22.1,0.95,3.0,3.0,6.0,5.0,11.0,0.0,0.0,49.4,False
PN-101673,72,ENGINE,AIRBUS,A321-200,AOG KRİTİK,YOK,Satınalma,17.0,13,3.25,0.69,8.8,0.98,2.0,3.0,7.0,3.0,6.0,0.231,2.0,49.4,False
PN-102470,77,ENGINE INDICATING,AIRBUS,A350-900,KRİTİK DEĞİL,YOK,Satınalma,37.0,12,3.0,3.75,44.2,0.9,3.0,4.0,7.0,8.0,20.0,0.167,7.4,49.4,True
PN-104677,36,PNEUMATIC,BOEING,787-9,KRİTİK DEĞİL,YOK,Satınalma,23.0,22,5.5,3.75,81.8,0.9,3.0,4.0,10.0,9.0,30.0,0.091,7.4,49.4,False
PN-101967,34,NAVIGATION,BOEING,737-800,AOG KRİTİK,YOK,Satınalma,16.0,18,4.5,0.56,9.9,0.98,2.0,3.0,8.0,3.0,6.0,0.056,0.6,49.3,False
PN-102868,76,ENGINE CONTROLS,BOEING,737 MAX 8,KRİTİK DEĞİL,YOK,Satınalma,36.0,11,2.75,3.81,40.5,0.9,3.0,4.0,7.0,7.0,18.0,0.091,3.7,49.3,False
PN-101187,49,AIRBORNE AUXILIARY POWER (APU),BOEING,777-F,AOG KRİTİK,VAR,Yurtiçi tamir,7.0,11,2.75,2.5,27.3,0.98,2.0,2.0,5.0,3.0,10.0,0.091,2.5,49.3,False
PN-103765,31,INDICATING / RECORDING SYSTEMS,BOEING,737 MAX 8,KRİTİK DEĞİL,YOK,Satınalma,28.0,17,4.25,3.81,63.0,0.9,3.0,4.0,9.0,8.0,24.0,0.0,0.0,49.3,False
PN-102023,49,AIRBORNE AUXILIARY POWER (APU),BOEING,737 MAX 8,KRİTİK DEĞİL,YOK,Satınalma,33.0,13,3.25,3.81,48.6,0.9,3.0,4.0,8.0,8.0,21.0,0.077,3.7,49.3,False
PN-100150,76,ENGINE CONTROLS,BOEING,787-9,KRİTİK DEĞİL,YOK,Satınalma,27.0,19,4.75,3.75,69.9,0.9,3.0,4.0,9.0,9.0,27.0,0.053,3.7,49.3,False
PN-104734,74,IGNITION,AIRBUS,A350-900,KRİTİK DEĞİL,YOK,Satınalma,40.0,10,2.33,3.75,34.5,0.9,3.0,4.0,7.0,7.0,16.0,0.0,0.0,49.3,False
PN-100292,79,OIL,BOEING,737-800,AOG KRİTİK,YOK,Yurtdışı tamir,19.0,5,1.21,0.56,2.6,0.98,1.0,3.0,5.0,2.0,3.0,0.4,1.0,49.3,False
PN-102352,71,POWER PLANT,BOEING,737-900ER,KRİTİK,YOK,Yurtdışı tamir,65.0,27,6.75,1.0,26.5,0.95,4.0,9.0,16.0,9.0,16.0,0.074,2.0,49.3,False
PN-102368,25,EQUIPMENT / FURNISHINGS,AIRBUS,A321neo,KRİTİK DEĞİL,YOK,Satınalma,42.0,30,7.5,2.96,88.8,0.9,5.0,7.0,15.0,16.0,39.0,0.167,14.8,49.3,True
PN-101999,28,FUEL,BOEING,737-900ER,AOG KRİTİK,YOK,Satınalma,12.0,20,5.0,1.0,19.6,0.98,2.0,3.0,8.0,3.0,8.0,0.05,1.0,49.2,False
PN-100352,28,FUEL,BOEING,737 MAX 8,KRİTİK DEĞİL,YOK,Satınalma,42.0,8,1.58,3.81,23.6,0.9,3.0,3.0,5.0,6.0,12.0,0.0,0.0,49.2,True
PN-101565,32,LANDING GEAR,BOEING,737-900ER,AOG KRİTİK,YOK,Satınalma,14.0,15,3.75,1.0,14.7,0.98,2.0,3.0,7.0,3.0,7.0,0.267,3.9,49.2,False
PN-104277,72,ENGINE,AIRBUS,A330-300,KRİTİK,YOK,Yurtdışı tamir,57.0,35,8.75,1.11,37.9,0.95,5.0,10.0,19.0,11.0,21.0,0.143,5.4,49.2,False
PN-101402,28,FUEL,BOEING,737-800,AOG KRİTİK,YOK,Satınalma,10.0,48,12.0,0.56,25.8,0.98,2.0,5.0,17.0,3.0,10.0,0.229,5.9,49.2,False
PN-103943,80,STARTING,BOEING,737 MAX 8,KRİTİK DEĞİL,YOK,Satınalma,30.0,15,3.75,3.81,55.9,0.9,3.0,4.0,8.0,8.0,22.0,0.067,3.7,49.2,False
PN-100282,56,WINDOWS,AIRBUS,A350-900,KRİTİK DEĞİL,YOK,Satınalma,43.0,4,1.7,3.75,25.4,0.9,3.0,3.0,5.0,6.0,13.0,0.0,0.0,49.2,True
PN-102382,77,ENGINE INDICATING,AIRBUS,A350-900,KRİTİK DEĞİL,YOK,Satınalma,13.0,31,7.75,3.75,113.9,0.9,3.0,4.0,12.0,8.0,37.0,0.129,14.7,49.1,False
PN-101269,22,AUTO FLIGHT,AIRBUS,A350-900,KRİTİK,VAR,Yurtiçi tamir,13.0,17,4.25,3.75,63.0,0.95,3.0,3.0,8.0,6.0,22.0,0.118,7.4,49.1,False
PN-100032,23,COMMUNICATIONS,BOEING,737-800,AOG KRİTİK,YOK,Satınalma,18.0,4,1.31,0.56,2.8,0.98,1.0,3.0,5.0,2.0,3.0,0.0,0.0,49.1,False
PN-100089,74,IGNITION,AIRBUS,A321neo,KRİTİK DEĞİL,YOK,Yurtdışı tamir,35.0,116,29.0,2.96,337.7,0.9,8.0,17.0,46.0,41.0,126.0,0.216,72.8,49.1,False
PN-104940,71,POWER PLANT,BOEING,777-300ER,KRİTİK,YOK,Yurtdışı tamir,50.0,9,2.25,1.67,14.5,0.95,3.0,4.0,7.0,5.0,9.0,0.0,0.0,49.1,False
PN-101420,79,OIL,AIRBUS,A320neo,KRİTİK,YOK,Satınalma,27.0,3,0.72,2.59,7.2,0.95,2.0,2.0,3.0,3.0,5.0,0.333,2.4,49.1,False
PN-101411,36,PNEUMATIC,AIRBUS,A321neo,KRİTİK DEĞİL,YOK,Satınalma,35.0,42,10.5,2.96,122.5,0.9,5.0,8.0,19.0,17.0,48.0,0.167,20.4,49.1,False
PN-101662,25,EQUIPMENT / FURNISHINGS,BOEING,737 MAX 8,KRİTİK DEĞİL,YOK,Satınalma,32.0,13,3.25,3.81,49.6,0.9,3.0,4.0,8.0,8.0,21.0,0.154,7.6,49.1,False
PN-100442,24,ELECTRICAL POWER,BOEING,737 MAX 8,KRİTİK,VAR,Yurtiçi tamir,13.0,16,4.0,3.81,59.0,0.95,3.0,3.0,7.0,6.0,21.0,0.062,3.7,49.1,False
PN-102599,31,INDICATING / RECORDING SYSTEMS,BOEING,737 MAX 8,KRİTİK,VAR,Yurtiçi tamir,5.0,21,5.25,3.81,79.7,0.95,2.0,2.0,8.0,4.0,24.0,0.0,0.0,49.1,False
PN-103529,24,ELECTRICAL POWER,AIRBUS,A320-200,AOG KRİTİK,YOK,Satınalma,18.0,5,1.02,0.64,2.5,0.98,1.0,2.0,4.0,2.0,3.0,0.4,1.0,49.1,False
PN-102089,21,AIR CONDITIONING,BOEING,777-300ER,KRİTİK,YOK,Yurtdışı tamir,51.0,2,1.7,1.67,11.3,0.95,3.0,3.0,5.0,5.0,8.0,0.0,0.0,49.1,False
PN-103843,28,FUEL,AIRBUS,A321neo,KRİTİK DEĞİL,YOK,Satınalma,35.0,69,17.25,2.96,198.3,0.9,6.0,11.0,29.0,26.0,76.0,0.101,20.1,49.1,False
PN-102700,76,ENGINE CONTROLS,AIRBUS,A320neo,KRİTİK,YOK,Satınalma,22.0,8,2.0,2.59,20.1,0.95,2.0,3.0,5.0,4.0,10.0,0.0,0.0,49.1,False
PN-101319,31,INDICATING / RECORDING SYSTEMS,BOEING,737 MAX 8,KRİTİK DEĞİL,YOK,Satınalma,36.0,10,2.5,3.81,37.4,0.9,3.0,3.0,6.0,7.0,17.0,0.0,0.0,49.0,True
PN-103884,25,EQUIPMENT / FURNISHINGS,AIRBUS,A320-200,AOG KRİTİK,YOK,Satınalma,16.0,12,3.0,0.64,7.5,0.98,2.0,3.0,6.0,3.0,5.0,0.167,1.3,49.0,False
PN-101131,56,WINDOWS,BOEING,787-9,KRİTİK DEĞİL,YOK,Satınalma,19.0,24,6.0,3.75,87.7,0.9,3.0,4.0,10.0,8.0,30.0,0.167,14.6,49.0,False
PN-101525,22,AUTO FLIGHT,BOEING,777-F,KRİTİK,YOK,Satınalma,30.0,2,0.42,2.5,4.4,0.95,1.0,2.0,3.0,2.0,4.0,0.0,0.0,49.0,False
PN-104799,36,PNEUMATIC,BOEING,737-800,AOG KRİTİK,YOK,Yurtdışı tamir,17.0,9,2.25,0.56,4.8,0.98,1.0,3.0,6.0,2.0,4.0,0.222,1.1,49.0,False
PN-100824,52,DOORS,AIRBUS,A350-900,KRİTİK DEĞİL,YOK,Yurtdışı tamir,30.0,21,3.93,3.75,58.0,0.9,3.0,4.0,8.0,8.0,23.0,0.0,0.0,49.0,False
PN-100571,31,INDICATING / RECORDING SYSTEMS,BOEING,787-9,KRİTİK DEĞİL,YOK,Satınalma,47.0,3,0.85,3.75,12.5,0.9,2.0,2.0,3.0,4.0,8.0,0.667,8.4,49.0,True
PN-103384,73,ENGINE FUEL AND CONTROL,AIRBUS,A330-200,KRİTİK,YOK,Satınalma,25.0,85,21.25,1.33,111.0,0.95,5.0,10.0,32.0,13.0,41.0,0.294,32.6,49.0,False
PN-100013,72,ENGINE,AIRBUS,A320-200,AOG KRİTİK,YOK,Satınalma,17.0,5,1.25,0.64,3.1,0.98,1.0,2.0,4.0,2.0,3.0,0.0,0.0,48.9,False
PN-101429,73,ENGINE FUEL AND CONTROL,BOEING,777-300ER,KRİTİK,YOK,Satınalma,49.0,9,2.25,1.67,14.9,0.95,3.0,4.0,7.0,5.0,9.0,0.333,5.0,48.9,False
PN-104341,31,INDICATING / RECORDING SYSTEMS,BOEING,787-9,KRİTİK DEĞİL,YOK,Satınalma,28.0,17,4.25,3.75,62.5,0.9,3.0,4.0,9.0,8.0,24.0,0.059,3.7,48.9,False
PN-100623,31,INDICATING / RECORDING SYSTEMS,AIRBUS,A321neo,KRİTİK DEĞİL,YOK,Yurtdışı tamir,41.0,30,7.5,2.96,86.3,0.9,4.0,7.0,15.0,14.0,36.0,0.067,5.8,48.9,False
PN-101863,30,ICE & RAIN PROTECTION,BOEING,787-9,KRİTİK DEĞİL,YOK,Yurtdışı tamir,43.0,6,1.5,3.75,22.1,0.9,3.0,3.0,5.0,6.0,12.0,0.0,0.0,48.9,True
PN-103867,74,IGNITION,AIRBUS,A320neo,AOG KRİTİK,VAR,Yurtiçi tamir,5.0,8,2.0,2.59,20.4,0.98,2.0,2.0,4.0,3.0,9.0,0.0,0.0,48.8,False
PN-102620,76,ENGINE CONTROLS,AIRBUS,A350-900,KRİTİK DEĞİL,YOK,Yurtdışı tamir,28.0,17,4.25,3.75,61.5,0.9,3.0,4.0,9.0,8.0,24.0,0.118,7.2,48.8,False
PN-100011,80,STARTING,AIRBUS,A321neo,KRİTİK DEĞİL,YOK,Satınalma,46.0,25,6.25,2.96,72.1,0.9,4.0,7.0,14.0,14.0,33.0,0.0,0.0,48.8,False
PN-102079,24,ELECTRICAL POWER,AIRBUS,A320-200,AOG KRİTİK,YOK,Yurtdışı tamir,17.0,4,1.0,0.64,2.5,0.98,1.0,2.0,3.0,2.0,3.0,0.0,0.0,48.8,False
PN-100665,71,POWER PLANT,BOEING,737-800,AOG KRİTİK,YOK,Satınalma,17.0,5,1.15,0.56,2.4,0.98,1.0,2.0,4.0,2.0,3.0,0.0,0.0,48.8,False
PN-101279,76,ENGINE CONTROLS,BOEING,787-9,KRİTİK DEĞİL,YOK,Satınalma,37.0,10,2.5,3.75,37.0,0.9,3.0,4.0,7.0,7.0,17.0,0.1,3.7,48.8,False
PN-104537,71,POWER PLANT,BOEING,737-800,AOG KRİTİK,YOK,Yurtdışı tamir,17.0,4,1.1,0.56,2.4,0.98,1.0,2.0,4.0,2.0,3.0,0.0,0.0,48.8,False
PN-101133,72,ENGINE,AIRBUS,A321neo,KRİTİK,YOK,Satınalma,13.0,5,1.17,2.96,13.7,0.95,2.0,2.0,4.0,3.0,7.0,0.0,0.0,48.8,False
PN-102828,52,DOORS,AIRBUS,A321neo,KRİTİK,YOK,Satınalma,16.0,3,0.46,2.96,5.5,0.95,1.0,2.0,3.0,2.0,4.0,0.0,0.0,48.8,False
PN-104156,71,POWER PLANT,AIRBUS,A330-300,KRİTİK,YOK,Satınalma,44.0,63,15.75,1.11,68.4,0.95,5.0,13.0,29.0,14.0,32.0,0.032,2.2,48.7,False
PN-103593,36,PNEUMATIC,AIRBUS,A350-900,KRİTİK,VAR,Yurtiçi tamir,9.0,19,4.75,3.75,69.7,0.95,3.0,3.0,8.0,5.0,23.0,0.263,18.3,48.7,False
PN-104535,35,OXYGEN,AIRBUS,A350-900,KRİTİK DEĞİL,YOK,Satınalma,37.0,14,2.47,3.75,36.3,0.9,3.0,4.0,7.0,7.0,17.0,0.214,7.8,48.7,False
PN-103754,21,AIR CONDITIONING,BOEING,777-300ER,KRİTİK,YOK,Satınalma,24.0,48,12.0,1.67,79.7,0.95,4.0,7.0,19.0,10.0,30.0,0.083,6.6,48.7,False
PN-103930,71,POWER PLANT,AIRBUS,A321neo,KRİTİK,YOK,Satınalma,10.0,7,1.75,2.96,20.5,0.95,2.0,2.0,4.0,3.0,9.0,0.0,0.0,48.7,False
PN-103156,73,ENGINE FUEL AND CONTROL,BOEING,777-300ER,KRİTİK,YOK,Yurtdışı tamir,35.0,31,7.75,1.67,50.3,0.95,4.0,6.0,14.0,9.0,22.0,0.226,11.4,48.7,False
PN-102672,76,ENGINE CONTROLS,BOEING,737 MAX 8,KRİTİK,VAR,Yurtiçi tamir,11.0,16,4.0,3.81,59.3,0.95,3.0,3.0,7.0,5.0,20.0,0.125,7.4,48.7,False
PN-101191,28,FUEL,AIRBUS,A350-900,KRİTİK DEĞİL,YOK,Yurtdışı tamir,39.0,10,2.1,3.75,30.9,0.9,3.0,3.0,6.0,7.0,15.0,0.3,9.3,48.7,True
PN-101683,73,ENGINE FUEL AND CONTROL,AIRBUS,A321neo,KRİTİK DEĞİL,YOK,Yurtdışı tamir,33.0,48,12.0,2.96,138.6,0.9,5.0,8.0,20.0,18.0,53.0,0.104,14.4,48.6,False
PN-101082,79,OIL,AIRBUS,A321neo,KRİTİK DEĞİL,YOK,Yurtdışı tamir,47.0,23,5.75,2.96,67.3,0.9,4.0,6.0,12.0,13.0,30.0,0.174,11.7,48.6,True
PN-104082,73,ENGINE FUEL AND CONTROL,BOEING,737-800,AOG KRİTİK,YOK,Satınalma,14.0,16,4.0,0.56,8.6,0.98,2.0,3.0,7.0,3.0,6.0,0.188,1.6,48.6,False
PN-101947,77,ENGINE INDICATING,AIRBUS,A321neo,KRİTİK DEĞİL,YOK,Yurtdışı tamir,33.0,37,9.25,2.96,108.3,0.9,5.0,7.0,17.0,15.0,43.0,0.162,17.6,48.6,False
PN-104954,30,ICE & RAIN PROTECTION,BOEING,777-F,KRİTİK,YOK,Satınalma,21.0,12,2.44,2.5,23.9,0.95,2.0,3.0,6.0,4.0,10.0,0.0,0.0,48.5,False
PN-101369,52,DOORS,AIRBUS,A321neo,KRİTİK,VAR,Yurtiçi tamir,17.0,82,20.5,2.96,240.2,0.95,6.0,8.0,29.0,18.0,79.0,0.11,26.4,48.5,False
PN-101076,71,POWER PLANT,BOEING,737 MAX 8,KRİTİK DEĞİL,YOK,Satınalma,30.0,13,3.25,3.81,49.1,0.9,3.0,4.0,8.0,8.0,21.0,0.308,15.1,48.5,False
PN-101995,21,AIR CONDITIONING,AIRBUS,A321-200,AOG KRİTİK,YOK,Satınalma,13.0,14,3.5,0.69,9.6,0.98,2.0,3.0,7.0,3.0,6.0,0.143,1.4,48.5,False
PN-102819,71,POWER PLANT,AIRBUS,A321-200,AOG KRİTİK,YOK,Satınalma,16.0,4,0.79,0.69,2.1,0.98,1.0,2.0,3.0,2.0,3.0,0.0,0.0,48.5,False
PN-103136,49,AIRBORNE AUXILIARY POWER (APU),AIRBUS,A320neo,KRİTİK,YOK,Satınalma,23.0,4,1.06,2.59,11.0,0.95,2.0,2.0,4.0,3.0,6.0,0.25,2.7,48.5,False
PN-102986,72,ENGINE,BOEING,777-300ER,KRİTİK,YOK,Yurtdışı tamir,17.0,60,15.0,1.67,96.7,0.95,4.0,6.0,21.0,9.0,34.0,0.133,12.9,48.5,False
PN-104892,22,AUTO FLIGHT,AIRBUS,A320neo,KRİTİK,YOK,Satınalma,21.0,6,1.54,2.59,15.5,0.95,2.0,2.0,4.0,3.0,7.0,0.0,0.0,48.4,False
PN-103125,77,ENGINE INDICATING,AIRBUS,A350-900,KRİTİK,VAR,Yurtiçi tamir,5.0,21,5.25,3.75,76.6,0.95,2.0,2.0,8.0,4.0,24.0,0.19,14.6,48.4,False
PN-104530,21,AIR CONDITIONING,AIRBUS,A319-100,AOG KRİTİK,YOK,Satınalma,15.0,7,1.75,0.56,3.8,0.98,1.0,3.0,5.0,2.0,3.0,0.0,0.0,48.4,False
PN-103034,23,COMMUNICATIONS,BOEING,737 MAX 8,KRİTİK DEĞİL,YOK,Satınalma,36.0,7,2.03,3.81,30.0,0.9,3.0,3.0,6.0,6.0,14.0,0.0,0.0,48.3,False
PN-104317,31,INDICATING / RECORDING SYSTEMS,AIRBUS,A320neo,KRİTİK,YOK,Satınalma,19.0,5,1.96,2.59,20.0,0.95,2.0,3.0,5.0,4.0,10.0,0.2,4.0,48.3,False
PN-102027,79,OIL,BOEING,737-800,AOG KRİTİK,YOK,Satınalma,14.0,9,2.25,0.56,4.8,0.98,1.0,3.0,6.0,2.0,4.0,0.222,1.1,48.3,False
PN-100795,28,FUEL,BOEING,787-9,KRİTİK DEĞİL,YOK,Satınalma,38.0,8,1.96,3.75,29.2,0.9,3.0,3.0,5.0,7.0,15.0,0.125,3.7,48.3,True
PN-104013,34,NAVIGATION,BOEING,737-800,AOG KRİTİK,YOK,Satınalma,14.0,12,2.28,0.56,4.9,0.98,1.0,3.0,6.0,2.0,4.0,0.0,0.0,48.3,False
PN-102545,31,INDICATING / RECORDING SYSTEMS,BOEING,787-9,KRİTİK DEĞİL,YOK,Satınalma,27.0,16,4.0,3.75,58.6,0.9,3.0,4.0,8.0,8.0,23.0,0.312,18.3,48.3,False
PN-103904,76,ENGINE CONTROLS,AIRBUS,A320neo,KRİTİK,YOK,Yurtdışı tamir,21.0,5,1.25,2.59,13.0,0.95,2.0,2.0,4.0,3.0,7.0,0.2,2.6,48.2,False
PN-100116,21,AIR CONDITIONING,AIRBUS,A320neo,KRİTİK,VAR,Yurtiçi tamir,26.0,48,12.0,2.59,123.0,0.95,5.0,8.0,20.0,14.0,45.0,0.104,12.8,48.2,False
PN-101611,24,ELECTRICAL POWER,BOEING,737 MAX 8,KRİTİK DEĞİL,YOK,Satınalma,20.0,19,4.75,3.81,72.1,0.9,3.0,4.0,9.0,7.0,26.0,0.0,0.0,48.2,False
PN-102264,23,COMMUNICATIONS,AIRBUS,A321neo,KRİTİK DEĞİL,YOK,Satınalma,38.0,30,7.5,2.96,87.6,0.9,4.0,7.0,15.0,14.0,36.0,0.0,0.0,48.2,False
PN-104177,71,POWER PLANT,BOEING,777-300ER,KRİTİK,YOK,Yurtdışı tamir,40.0,19,4.75,1.67,31.3,0.95,4.0,6.0,11.0,8.0,16.0,0.053,1.6,48.2,False
PN-102123,49,AIRBORNE AUXILIARY POWER (APU),BOEING,777-300ER,KRİTİK,YOK,Satınalma,25.0,44,11.0,1.67,72.0,0.95,4.0,7.0,18.0,9.0,27.0,0.136,9.8,48.2,False
PN-103332,27,FLIGHT CONTROLS,AIRBUS,A321-200,AOG KRİTİK,YOK,Satınalma,14.0,5,1.36,0.69,3.7,0.98,1.0,2.0,4.0,2.0,3.0,0.0,0.0,48.2,False
PN-101114,26,FIRE PROTECTION,AIRBUS,A350-900,KRİTİK DEĞİL,YOK,Satınalma,21.0,20,5.0,3.75,73.8,0.9,3.0,4.0,9.0,8.0,27.0,0.05,3.7,48.2,False
PN-100881,76,ENGINE CONTROLS,BOEING,737 MAX 8,KRİTİK DEĞİL,YOK,Satınalma,35.0,11,2.16,3.81,32.2,0.9,3.0,3.0,6.0,7.0,16.0,0.182,5.9,48.2,True
PN-102100,77,ENGINE INDICATING,AIRBUS,A350-900,KRİTİK DEĞİL,YOK,Yurtdışı tamir,43.0,4,1.0,3.75,14.4,0.9,2.0,2.0,3.0,4.0,8.0,0.0,0.0,48.1,True
PN-101829,80,STARTING,BOEING,777-300ER,KRİTİK,YOK,Satınalma,31.0,33,8.25,1.67,54.6,0.95,4.0,6.0,15.0,9.0,23.0,0.091,5.0,48.1,False
PN-103692,26,FIRE PROTECTION,AIRBUS,A320neo,KRİTİK,YOK,Satınalma,19.0,7,1.75,2.59,18.1,0.95,2.0,2.0,4.0,3.0,8.0,0.143,2.6,48.1,False
PN-100966,49,AIRBORNE AUXILIARY POWER (APU),AIRBUS,A350-900,KRİTİK DEĞİL,YOK,Yurtdışı tamir,33.0,11,2.75,3.75,41.1,0.9,3.0,3.0,6.0,7.0,18.0,0.091,3.7,48.1,True
PN-100333,74,IGNITION,BOEING,737 MAX 8,KRİTİK DEĞİL,YOK,Yurtdışı tamir,44.0,2,0.35,3.81,5.2,0.9,2.0,2.0,3.0,3.0,5.0,0.0,0.0,48.0,False
PN-102752,49,AIRBORNE AUXILIARY POWER (APU),AIRBUS,A320neo,KRİTİK,YOK,Satınalma,18.0,6,1.94,2.59,19.5,0.95,2.0,3.0,5.0,3.0,8.0,0.167,3.3,48.0,False
PN-101556,77,ENGINE INDICATING,AIRBUS,A321-200,KRİTİK,YOK,Satınalma,60.0,38,9.5,0.69,26.0,0.95,4.0,12.0,22.0,9.0,16.0,0.053,1.4,48.0,False
PN-102747,74,IGNITION,AIRBUS,A320neo,KRİTİK,YOK,Satınalma,25.0,0,0.0,2.59,0.0,0.95,0.0,0.0,0.0,0.0,0.0,0.0,0.0,47.9,False
PN-101732,71,POWER PLANT,BOEING,737-800,KRİTİK,YOK,Satınalma,30.0,290,72.5,0.56,158.3,0.95,6.0,33.0,106.0,20.0,60.0,0.183,28.9,47.9,False
PN-100927,28,FUEL,BOEING,737 MAX 8,KRİTİK DEĞİL,YOK,Satınalma,14.0,23,5.75,3.81,85.7,0.9,3.0,3.0,9.0,7.0,29.0,0.13,11.2,47.9,False
PN-100401,73,ENGINE FUEL AND CONTROL,BOEING,777-300ER,KRİTİK,YOK,Satınalma,27.0,39,9.75,1.67,63.5,0.95,4.0,6.0,16.0,9.0,25.0,0.205,13.0,47.9,False
PN-102572,71,POWER PLANT,AIRBUS,A321neo,KRİTİK DEĞİL,YOK,Yurtdışı tamir,30.0,65,16.25,2.96,188.7,0.9,6.0,9.0,26.0,22.0,70.0,0.169,31.9,47.9,False
PN-101883,76,ENGINE CONTROLS,AIRBUS,A321neo,KRİTİK DEĞİL,YOK,Satınalma,30.0,76,19.0,2.96,219.2,0.9,6.0,11.0,30.0,25.0,80.0,0.079,17.3,47.9,False
PN-102259,80,STARTING,BOEING,777-300ER,KRİTİK,YOK,Satınalma,34.0,27,6.75,1.67,44.3,0.95,4.0,6.0,13.0,9.0,21.0,0.074,3.3,47.9,False
PN-101224,31,INDICATING / RECORDING SYSTEMS,BOEING,737 MAX 8,KRİTİK DEĞİL,YOK,Satınalma,32.0,10,2.5,3.81,36.6,0.9,3.0,3.0,6.0,7.0,17.0,0.0,0.0,47.9,True
PN-100558,73,ENGINE FUEL AND CONTROL,AIRBUS,A320neo,KRİTİK,YOK,Satınalma,21.0,5,1.02,2.59,10.6,0.95,2.0,2.0,4.0,3.0,6.0,0.0,0.0,47.9,False
PN-104084,35,OXYGEN,AIRBUS,A321neo,KRİTİK DEĞİL,YOK,Satınalma,64.0,5,1.25,2.96,14.4,0.9,3.0,3.0,5.0,6.0,10.0,0.0,0.0,47.9,True
PN-100108,34,NAVIGATION,BOEING,737-800,KRİTİK,YOK,Yurtdışı tamir,67.0,10,2.5,0.56,5.4,0.95,2.0,5.0,8.0,3.0,5.0,0.0,0.0,47.8,False
PN-103452,32,LANDING GEAR,AIRBUS,A321neo,KRİTİK,VAR,Yurtiçi tamir,14.0,38,9.5,2.96,109.1,0.95,4.0,4.0,14.0,9.0,37.0,0.105,11.5,47.8,False
PN-102357,26,FIRE PROTECTION,AIRBUS,A350-900,KRİTİK DEĞİL,YOK,Satınalma,32.0,11,2.75,3.75,40.1,0.9,3.0,3.0,6.0,7.0,18.0,0.091,3.6,47.8,True
PN-100554,80,STARTING,AIRBUS,A350-900,KRİTİK DEĞİL,YOK,Yurtdışı tamir,37.0,7,1.75,3.75,25.5,0.9,3.0,3.0,5.0,6.0,13.0,0.429,10.9,47.7,True
PN-104996,72,ENGINE,AIRBUS,A321-200,KRİTİK,YOK,Satınalma,59.0,37,9.25,0.69,25.2,0.95,4.0,11.0,21.0,9.0,16.0,0.216,5.4,47.7,False
PN-104193,22,AUTO FLIGHT,BOEING,737 MAX 8,KRİTİK DEĞİL,YOK,Satınalma,40.0,4,0.85,3.81,12.4,0.9,2.0,2.0,3.0,4.0,8.0,0.0,0.0,47.6,True
PN-103942,79,OIL,BOEING,737 MAX 8,KRİTİK DEĞİL,YOK,Satınalma,37.0,5,1.36,3.81,20.2,0.9,2.0,2.0,4.0,5.0,11.0,0.0,0.0,47.6,True
PN-102457,79,OIL,AIRBUS,A320neo,KRİTİK,YOK,Yurtdışı tamir,15.0,9,2.25,2.59,23.1,0.95,2.0,3.0,6.0,3.0,9.0,0.111,2.6,47.6,False
PN-101201,34,NAVIGATION,AIRBUS,A320neo,AOG KRİTİK,VAR,Yurtiçi tamir,5.0,3,0.85,2.59,8.5,0.98,1.0,2.0,3.0,2.0,5.0,0.0,0.0,47.6,False
PN-102573,31,INDICATING / RECORDING SYSTEMS,AIRBUS,A330-200,KRİTİK,YOK,Yurtdışı tamir,57.0,3,0.65,1.33,3.4,0.95,2.0,3.0,4.0,3.0,4.0,0.0,0.0,47.5,False
PN-100497,30,ICE & RAIN PROTECTION,AIRBUS,A320neo,KRİTİK,YOK,Yurtdışı tamir,20.0,3,0.9,2.59,9.0,0.95,2.0,2.0,3.0,3.0,6.0,0.0,0.0,47.5,False
PN-100031,26,FIRE PROTECTION,AIRBUS,A350-900,KRİTİK DEĞİL,YOK,Satınalma,19.0,20,5.0,3.75,72.5,0.9,3.0,4.0,9.0,7.0,26.0,0.1,7.3,47.5,False
PN-103799,22,AUTO FLIGHT,BOEING,787-9,KRİTİK DEĞİL,YOK,Yurtdışı tamir,38.0,6,1.43,3.75,21.1,0.9,2.0,2.0,4.0,5.0,11.0,0.333,7.0,47.5,True
PN-103131,32,LANDING GEAR,AIRBUS,A320-200,KRİTİK,YOK,Satınalma,65.0,11,2.75,0.64,6.9,0.95,2.0,5.0,8.0,4.0,6.0,0.091,0.6,47.5,False
PN-101119,34,NAVIGATION,BOEING,787-9,KRİTİK DEĞİL,YOK,Satınalma,24.0,16,4.0,3.75,58.6,0.9,3.0,4.0,8.0,7.0,22.0,0.062,3.7,47.5,False
PN-100545,22,AUTO FLIGHT,BOEING,787-9,KRİTİK DEĞİL,YOK,Satınalma,39.0,5,1.25,3.75,18.8,0.9,2.0,2.0,4.0,5.0,10.0,0.0,0.0,47.5,True
PN-103918,22,AUTO FLIGHT,BOEING,737 MAX 8,KRİTİK DEĞİL,YOK,Satınalma,26.0,13,3.25,3.81,47.8,0.9,3.0,3.0,7.0,7.0,19.0,0.154,7.4,47.4,False
PN-104719,24,ELECTRICAL POWER,AIRBUS,A320neo,AOG KRİTİK,VAR,Yurtiçi tamir,7.0,0,0.0,2.59,0.0,0.98,0.0,0.0,0.0,0.0,0.0,0.0,0.0,47.4,False
PN-100658,22,AUTO FLIGHT,BOEING,777-300ER,KRİTİK,YOK,Yurtdışı tamir,39.0,16,4.0,1.67,25.9,0.95,3.0,5.0,9.0,6.0,13.0,0.0,0.0,47.4,False
PN-101273,56,WINDOWS,BOEING,737 MAX 8,KRİTİK,VAR,Yurtiçi tamir,10.0,13,3.25,3.81,48.8,0.95,2.0,2.0,6.0,4.0,17.0,0.308,15.0,47.4,False
PN-103123,49,AIRBORNE AUXILIARY POWER (APU),AIRBUS,A350-900,KRİTİK DEĞİL,YOK,Yurtdışı tamir,37.0,8,1.58,3.75,23.0,0.9,2.0,3.0,5.0,5.0,11.0,0.125,2.9,47.4,False
PN-104080,77,ENGINE INDICATING,BOEING,737 MAX 8,KRİTİK DEĞİL,YOK,Satınalma,30.0,10,2.5,3.81,37.1,0.9,3.0,3.0,6.0,7.0,17.0,0.1,3.7,47.4,True
PN-104141,76,ENGINE CONTROLS,BOEING,737 MAX 8,KRİTİK DEĞİL,YOK,Yurtdışı tamir,39.0,4,0.85,3.81,12.4,0.9,2.0,2.0,3.0,4.0,8.0,0.5,6.2,47.4,True
PN-100511,72,ENGINE,BOEING,777-300ER,AOG KRİTİK,VAR,Yurtiçi tamir,16.0,28,7.0,1.67,45.1,0.98,3.0,5.0,12.0,5.0,17.0,0.071,3.2,47.3,False
PN-103972,24,ELECTRICAL POWER,BOEING,787-9,KRİTİK,VAR,Yurtiçi tamir,8.0,16,4.0,3.75,57.6,0.95,2.0,2.0,6.0,4.0,19.0,0.125,7.2,47.3,False
PN-103995,29,HYDRAULIC POWER,AIRBUS,A319-100,KRİTİK,YOK,Satınalma,64.0,14,3.5,0.56,7.5,0.95,2.0,6.0,10.0,4.0,6.0,0.357,2.7,47.3,False
PN-103877,27,FLIGHT CONTROLS,BOEING,737 MAX 8,KRİTİK DEĞİL,YOK,Yurtdışı tamir,36.0,5,1.39,3.81,20.3,0.9,2.0,2.0,4.0,5.0,11.0,0.2,4.1,47.3,True
PN-104075,21,AIR CONDITIONING,AIRBUS,A350-900,KRİTİK DEĞİL,YOK,Satınalma,19.0,19,4.75,3.75,69.9,0.9,3.0,3.0,8.0,7.0,25.0,0.053,3.7,47.3,False
PN-103520,74,IGNITION,BOEING,787-9,KRİTİK DEĞİL,YOK,Yurtdışı tamir,34.0,8,2.0,3.75,29.6,0.9,3.0,3.0,5.0,6.0,14.0,0.125,3.7,47.3,True
PN-104595,22,AUTO FLIGHT,AIRBUS,A320neo,KRİTİK,YOK,Satınalma,21.0,2,0.35,2.59,3.7,0.95,1.0,2.0,3.0,2.0,3.0,0.0,0.0,47.3,False
PN-103931,22,AUTO FLIGHT,AIRBUS,A321neo,KRİTİK DEĞİL,YOK,Yurtdışı tamir,41.0,24,6.0,2.96,68.5,0.9,4.0,6.0,12.0,12.0,30.0,0.167,11.4,47.2,False
PN-100500,23,COMMUNICATIONS,BOEING,737 MAX 8,KRİTİK DEĞİL,YOK,Yurtdışı tamir,43.0,0,0.0,3.81,0.0,0.9,0.0,0.0,0.0,0.0,0.0,0.0,0.0,47.2,False
PN-101557,73,ENGINE FUEL AND CONTROL,BOEING,777-F,KRİTİK,YOK,Satınalma,23.0,2,0.42,2.5,4.4,0.95,1.0,2.0,3.0,2.0,4.0,0.0,0.0,47.2,False
PN-103360,80,STARTING,AIRBUS,A350-900,KRİTİK DEĞİL,YOK,Yurtdışı tamir,43.0,1,0.28,3.75,4.4,0.9,1.0,2.0,3.0,2.0,4.0,1.0,4.4,47.2,False
PN-101839,36,PNEUMATIC,BOEING,737 MAX 8,KRİTİK DEĞİL,YOK,Satınalma,20.0,16,4.0,3.81,60.3,0.9,3.0,3.0,7.0,7.0,23.0,0.062,3.8,47.1,False
PN-101619,80,STARTING,AIRBUS,A321neo,KRİTİK DEĞİL,YOK,Satınalma,27.0,62,15.5,2.96,179.8,0.9,5.0,8.0,24.0,19.0,64.0,0.177,31.9,47.1,False
PN-101113,28,FUEL,BOEING,777-300ER,KRİTİK,YOK,Yurtdışı tamir,23.0,41,10.25,1.67,66.1,0.95,4.0,6.0,17.0,9.0,26.0,0.122,8.1,47.1,False
PN-104565,29,HYDRAULIC POWER,BOEING,737 MAX 8,KRİTİK,VAR,Yurtiçi tamir,9.0,13,3.25,3.81,47.8,0.95,2.0,2.0,6.0,4.0,16.0,0.154,7.4,47.1,False
PN-101693,31,INDICATING / RECORDING SYSTEMS,BOEING,737 MAX 8,KRİTİK DEĞİL,YOK,Yurtdışı tamir,39.0,3,0.57,3.81,8.5,0.9,2.0,2.0,3.0,3.0,6.0,0.333,2.8,47.0,False
PN-100518,34,NAVIGATION,AIRBUS,A321-200,KRİTİK,YOK,Yurtdışı tamir,59.0,27,6.75,0.69,18.5,0.95,3.0,9.0,16.0,6.0,11.0,0.148,2.7,47.0,False
PN-103426,34,NAVIGATION,BOEING,737 MAX 8,KRİTİK DEĞİL,YOK,Yurtdışı tamir,32.0,7,1.75,3.81,25.9,0.9,2.0,3.0,5.0,5.0,12.0,0.286,7.4,46.9,False
PN-103681,21,AIR CONDITIONING,AIRBUS,A330-200,KRİTİK,YOK,Satınalma,31.0,52,13.0,1.33,67.1,0.95,4.0,9.0,22.0,10.0,27.0,0.173,11.6,46.9,False
PN-104764,32,LANDING GEAR,AIRBUS,A330-300,KRİTİK,YOK,Satınalma,29.0,82,20.5,1.11,89.1,0.95,5.0,12.0,33.0,13.0,36.0,0.085,7.6,46.9,False
PN-102220,79,OIL,AIRBUS,A321neo,KRİTİK,VAR,Yurtiçi tamir,10.0,46,11.5,2.96,131.7,0.95,4.0,4.0,16.0,8.0,41.0,0.087,11.4,46.8,False
PN-100180,79,OIL,BOEING,737-900ER,KRİTİK,YOK,Yurtdışı tamir,39.0,71,17.75,1.0,69.9,0.95,5.0,13.0,31.0,13.0,31.0,0.085,5.9,46.8,False
PN-103580,76,ENGINE CONTROLS,AIRBUS,A320neo,KRİTİK DEĞİL,YOK,Yurtdışı tamir,36.0,42,10.5,2.59,107.4,0.9,5.0,8.0,19.0,16.0,43.0,0.095,10.2,46.8,False
PN-101357,24,ELECTRICAL POWER,AIRBUS,A321neo,KRİTİK,VAR,Yurtiçi tamir,10.0,49,12.25,2.96,142.2,0.95,4.0,4.0,17.0,8.0,44.0,0.061,8.7,46.8,False
PN-104649,27,FLIGHT CONTROLS,AIRBUS,A350-900,KRİTİK DEĞİL,YOK,Satınalma,34.0,4,1.7,3.75,24.5,0.9,2.0,3.0,5.0,5.0,12.0,0.0,0.0,46.8,False
PN-101481,21,AIR CONDITIONING,AIRBUS,A321neo,KRİTİK,VAR,Yurtiçi tamir,10.0,40,10.0,2.96,115.6,0.95,3.0,4.0,14.0,7.0,36.0,0.025,2.9,46.8,False
PN-103828,56,WINDOWS,AIRBUS,A321neo,KRİTİK DEĞİL,YOK,Satınalma,26.0,41,10.25,2.96,119.5,0.9,4.0,6.0,17.0,13.0,43.0,0.122,14.6,46.8,False
PN-100732,77,ENGINE INDICATING,AIRBUS,A330-200,KRİTİK,YOK,Yurtdışı tamir,53.0,5,1.25,1.33,6.7,0.95,2.0,3.0,5.0,3.0,5.0,0.0,0.0,46.8,False
PN-104738,30,ICE & RAIN PROTECTION,AIRBUS,A321neo,KRİTİK DEĞİL,YOK,Satınalma,26.0,57,14.25,2.96,167.4,0.9,5.0,8.0,23.0,17.0,59.0,0.07,11.7,46.8,False
PN-104539,76,ENGINE CONTROLS,BOEING,777-300ER,KRİTİK,YOK,Yurtdışı tamir,42.0,7,1.75,1.67,11.2,0.95,2.0,3.0,5.0,4.0,7.0,0.0,0.0,46.8,False
PN-101694,25,EQUIPMENT / FURNISHINGS,AIRBUS,A320neo,KRİTİK,YOK,Satınalma,20.0,0,0.0,2.59,0.0,0.95,0.0,0.0,0.0,0.0,0.0,0.0,0.0,46.7,False
PN-102168,79,OIL,BOEING,737 MAX 8,KRİTİK,VAR,Yurtiçi tamir,7.0,13,3.25,3.81,48.8,0.95,2.0,2.0,6.0,3.0,16.0,0.077,3.8,46.7,False
PN-103830,77,ENGINE INDICATING,AIRBUS,A321neo,KRİTİK DEĞİL,YOK,Satınalma,57.0,6,1.78,2.96,20.7,0.9,3.0,4.0,6.0,7.0,13.0,0.0,0.0,46.7,True
PN-102095,73,ENGINE FUEL AND CONTROL,BOEING,787-9,KRİTİK DEĞİL,YOK,Satınalma,35.0,4,1.31,3.75,19.8,0.9,2.0,2.0,4.0,4.0,9.0,0.0,0.0,46.6,False
PN-101422,49,AIRBORNE AUXILIARY POWER (APU),AIRBUS,A321-200,KRİTİK,YOK,Yurtdışı tamir,46.0,71,17.75,0.69,48.7,0.95,5.0,14.0,32.0,12.0,25.0,0.169,8.2,46.6,False
PN-101645,28,FUEL,AIRBUS,A320neo,KRİTİK,YOK,Satınalma,17.0,4,0.74,2.59,7.5,0.95,1.0,2.0,3.0,2.0,4.0,0.0,0.0,46.6,False
PN-101488,23,COMMUNICATIONS,BOEING,787-9,KRİTİK DEĞİL,YOK,Yurtdışı tamir,34.0,6,1.5,3.75,21.9,0.9,2.0,2.0,4.0,5.0,11.0,0.0,0.0,46.6,True
PN-102248,25,EQUIPMENT / FURNISHINGS,BOEING,737 MAX 8,KRİTİK DEĞİL,YOK,Yurtdışı tamir,24.0,12,3.0,3.81,44.7,0.9,3.0,3.0,6.0,6.0,18.0,0.0,0.0,46.6,False
PN-103793,56,WINDOWS,BOEING,787-9,KRİTİK DEĞİL,YOK,Satınalma,16.0,19,4.75,3.75,71.2,0.9,3.0,3.0,8.0,7.0,25.0,0.105,7.5,46.6,False
PN-103598,28,FUEL,AIRBUS,A350-900,KRİTİK,VAR,Yurtiçi tamir,5.0,16,4.0,3.75,58.1,0.95,2.0,2.0,6.0,3.0,18.0,0.062,3.6,46.6,False
PN-104163,26,FIRE PROTECTION,BOEING,737 MAX 8,KRİTİK DEĞİL,YOK,Satınalma,29.0,8,2.0,3.81,29.8,0.9,2.0,3.0,5.0,5.0,13.0,0.0,0.0,46.5,False
PN-100218,32,LANDING GEAR,AIRBUS,A319-100,KRİTİK,YOK,Satınalma,46.0,87,21.75,0.56,47.3,0.95,5.0,17.0,39.0,11.0,23.0,0.057,2.7,46.5,False
PN-100673,23,COMMUNICATIONS,BOEING,787-9,KRİTİK DEĞİL,YOK,Yurtdışı tamir,30.0,9,2.25,3.75,32.4,0.9,3.0,3.0,6.0,6.0,15.0,0.0,0.0,46.5,False
PN-102182,49,AIRBORNE AUXILIARY POWER (APU),BOEING,737-900ER,KRİTİK,YOK,Yurtdışı tamir,31.0,90,22.5,1.0,88.5,0.95,5.0,13.0,36.0,13.0,36.0,0.156,13.8,46.5,False
PN-102756,76,ENGINE CONTROLS,AIRBUS,A350-900,KRİTİK DEĞİL,YOK,Satınalma,23.0,14,3.5,3.75,50.4,0.9,3.0,3.0,7.0,7.0,20.0,0.0,0.0,46.5,False
PN-102761,32,LANDING GEAR,AIRBUS,A330-300,AOG KRİTİK,VAR,Yurtiçi tamir,7.0,93,23.25,1.11,102.2,0.98,3.0,5.0,29.0,5.0,31.0,0.237,24.2,46.5,False
PN-104213,71,POWER PLANT,AIRBUS,A350-900,KRİTİK DEĞİL,YOK,Yurtdışı tamir,24.0,13,3.25,3.75,48.1,0.9,3.0,3.0,7.0,7.0,20.0,0.077,3.7,46.5,False
PN-103671,23,COMMUNICATIONS,AIRBUS,A321neo,KRİTİK,VAR,Yurtiçi tamir,9.0,37,9.25,2.96,106.1,0.95,3.0,3.0,13.0,6.0,33.0,0.108,11.5,46.5,False
PN-102212,49,AIRBORNE AUXILIARY POWER (APU),AIRBUS,A350-900,KRİTİK DEĞİL,YOK,Satınalma,24.0,13,3.25,3.75,47.3,0.9,3.0,3.0,7.0,7.0,19.0,0.154,7.3,46.4,False
PN-103579,23,COMMUNICATIONS,BOEING,737 MAX 8,KRİTİK,VAR,Yurtiçi tamir,9.0,11,2.75,3.81,40.8,0.95,2.0,2.0,5.0,4.0,15.0,0.273,11.1,46.4,False
PN-103461,79,OIL,AIRBUS,A320-200,KRİTİK,YOK,Yurtdışı tamir,61.0,10,2.5,0.64,6.2,0.95,2.0,5.0,8.0,4.0,6.0,0.2,1.2,46.4,False
PN-104644,21,AIR CONDITIONING,BOEING,737 MAX 8,KRİTİK DEĞİL,YOK,Yurtdışı tamir,26.0,10,2.5,3.81,37.6,0.9,3.0,3.0,6.0,6.0,16.0,0.1,3.8,46.4,False
PN-101335,80,STARTING,AIRBUS,A321neo,KRİTİK DEĞİL,YOK,Yurtdışı tamir,45.0,17,4.25,2.96,50.2,0.9,4.0,5.0,10.0,11.0,24.0,0.0,0.0,46.4,True
PN-101065,31,INDICATING / RECORDING SYSTEMS,BOEING,737 MAX 8,KRİTİK DEĞİL,YOK,Yurtdışı tamir,36.0,2,0.65,3.81,9.9,0.9,2.0,2.0,3.0,3.0,6.0,0.0,0.0,46.4,False
PN-104343,27,FLIGHT CONTROLS,AIRBUS,A321-200,KRİTİK,YOK,Yurtdışı tamir,61.0,10,2.5,0.69,6.8,0.95,2.0,5.0,8.0,4.0,6.0,0.2,1.4,46.4,False
PN-103028,26,FIRE PROTECTION,BOEING,777-F,KRİTİK,YOK,Satınalma,20.0,1,0.42,2.5,4.4,0.95,1.0,2.0,3.0,2.0,4.0,0.0,0.0,46.4,False
PN-104184,22,AUTO FLIGHT,AIRBUS,A320neo,KRİTİK,YOK,Satınalma,10.0,9,2.25,2.59,22.8,0.95,2.0,2.0,5.0,3.0,9.0,0.222,5.1,46.3,False
PN-101831,79,OIL,BOEING,777-300ER,KRİTİK,YOK,Satınalma,38.0,10,2.5,1.67,16.8,0.95,3.0,4.0,7.0,5.0,10.0,0.0,0.0,46.3,False
PN-100475,73,ENGINE FUEL AND CONTROL,BOEING,737 MAX 8,KRİTİK,VAR,Yurtiçi tamir,7.0,12,3.0,3.81,44.7,0.95,2.0,2.0,5.0,3.0,15.0,0.25,11.2,46.3,False
PN-103861,52,DOORS,AIRBUS,A350-900,KRİTİK,VAR,Yurtiçi tamir,10.0,11,2.75,3.75,41.4,0.95,2.0,2.0,5.0,4.0,15.0,0.182,7.5,46.3,False
PN-103559,34,NAVIGATION,BOEING,777-300ER,KRİTİK,YOK,Yurtdışı tamir,42.0,3,0.9,1.67,5.9,0.95,2.0,3.0,4.0,3.0,5.0,0.0,0.0,46.3,False
PN-104315,28,FUEL,AIRBUS,A320neo,KRİTİK,YOK,Satınalma,14.0,5,1.25,2.59,12.4,0.95,2.0,2.0,4.0,3.0,7.0,0.0,0.0,46.3,False
PN-100367,29,HYDRAULIC POWER,AIRBUS,A330-300,KRİTİK,YOK,Yurtdışı tamir,51.0,22,5.5,1.11,23.7,0.95,3.0,7.0,13.0,7.0,13.0,0.045,1.1,46.3,False
PN-103560,22,AUTO FLIGHT,AIRBUS,A350-900,KRİTİK DEĞİL,YOK,Yurtdışı tamir,33.0,5,1.52,3.75,21.9,0.9,2.0,2.0,4.0,4.0,10.0,0.0,0.0,46.3,False
PN-102438,74,IGNITION,AIRBUS,A350-900,KRİTİK,VAR,Yurtiçi tamir,10.0,11,2.75,3.75,41.4,0.95,2.0,2.0,5.0,4.0,15.0,0.091,3.8,46.3,False
PN-101793,28,FUEL,AIRBUS,A330-300,KRİTİK,YOK,Yurtdışı tamir,52.0,18,4.5,1.11,19.7,0.95,3.0,6.0,11.0,6.0,11.0,0.278,5.5,46.2,False
PN-104526,21,AIR CONDITIONING,AIRBUS,A330-300,KRİTİK,YOK,Yurtdışı tamir,51.0,21,5.25,1.11,22.6,0.95,3.0,6.0,12.0,7.0,13.0,0.333,7.5,46.2,False
PN-100083,74,IGNITION,AIRBUS,A320neo,KRİTİK,YOK,Satınalma,14.0,3,1.1,2.59,11.0,0.95,2.0,2.0,4.0,3.0,6.0,0.0,0.0,46.2,False
PN-103268,24,ELECTRICAL POWER,AIRBUS,A321-200,KRİTİK,YOK,Satınalma,46.0,66,16.5,0.69,45.0,0.95,4.0,14.0,31.0,10.0,22.0,0.076,3.4,46.2,False
PN-100670,79,OIL,BOEING,787-9,KRİTİK DEĞİL,YOK,Yurtdışı tamir,28.0,9,2.37,3.75,34.4,0.9,3.0,3.0,6.0,6.0,15.0,0.222,7.6,46.2,False
PN-102491,27,FLIGHT CONTROLS,BOEING,737 MAX 8,KRİTİK DEĞİL,YOK,Yurtdışı tamir,27.0,9,2.25,3.81,32.9,0.9,3.0,3.0,6.0,6.0,15.0,0.222,7.3,46.2,False
PN-103089,34,NAVIGATION,AIRBUS,A350-900,KRİTİK DEĞİL,YOK,Satınalma,28.0,9,2.25,3.75,32.9,0.9,3.0,3.0,6.0,6.0,15.0,0.0,0.0,46.1,False
PN-103287,26,FIRE PROTECTION,BOEING,737 MAX 8,KRİTİK DEĞİL,YOK,Yurtdışı tamir,29.0,7,1.75,3.81,25.6,0.9,2.0,2.0,4.0,5.0,12.0,0.286,7.3,46.1,True
PN-104282,25,EQUIPMENT / FURNISHINGS,AIRBUS,A350-900,KRİTİK DEĞİL,YOK,Yurtdışı tamir,33.0,4,1.36,3.75,19.6,0.9,2.0,2.0,4.0,4.0,9.0,0.25,4.9,46.1,False
PN-100920,76,ENGINE CONTROLS,BOEING,737 MAX 8,KRİTİK DEĞİL,YOK,Yurtdışı tamir,32.0,4,1.2,3.81,17.9,0.9,2.0,2.0,4.0,4.0,9.0,0.0,0.0,46.1,False
PN-101528,21,AIR CONDITIONING,AIRBUS,A321neo,KRİTİK,VAR,Yurtiçi tamir,9.0,35,8.75,2.96,100.4,0.95,3.0,3.0,12.0,6.0,32.0,0.171,17.2,46.0,False
PN-101285,22,AUTO FLIGHT,BOEING,777-300ER,KRİTİK,YOK,Yurtdışı tamir,31.0,20,5.0,1.67,32.9,0.95,3.0,5.0,10.0,6.0,15.0,0.0,0.0,46.0,False
PN-104214,56,WINDOWS,AIRBUS,A350-900,KRİTİK DEĞİL,YOK,Satınalma,37.0,2,0.53,3.75,7.9,0.9,2.0,2.0,3.0,3.0,5.0,0.5,4.0,46.0,False
PN-100949,28,FUEL,BOEING,737 MAX 8,KRİTİK,VAR,Yurtiçi tamir,11.0,8,2.06,3.81,31.2,0.95,2.0,2.0,5.0,3.0,11.0,0.125,3.9,46.0,False
PN-101529,77,ENGINE INDICATING,BOEING,777-300ER,KRİTİK,YOK,Satınalma,17.0,43,10.75,1.67,69.4,0.95,3.0,6.0,17.0,7.0,25.0,0.07,4.8,45.9,False
PN-100422,72,ENGINE,AIRBUS,A320-200,KRİTİK,YOK,Yurtdışı tamir,58.0,14,3.5,0.64,8.9,0.95,2.0,6.0,10.0,4.0,7.0,0.071,0.6,45.9,False
PN-103881,26,FIRE PROTECTION,BOEING,737 MAX 8,KRİTİK DEĞİL,YOK,Yurtdışı tamir,28.0,7,1.75,3.81,26.1,0.9,2.0,2.0,4.0,5.0,12.0,0.0,0.0,45.9,True
PN-104275,73,ENGINE FUEL AND CONTROL,AIRBUS,A321-200,KRİTİK,YOK,Yurtdışı tamir,49.0,50,12.5,0.69,33.7,0.95,4.0,12.0,25.0,9.0,18.0,0.08,2.7,45.9,False
PN-102879,80,STARTING,BOEING,737 MAX 8,KRİTİK DEĞİL,YOK,Satınalma,34.0,3,0.69,3.81,10.3,0.9,2.0,2.0,3.0,3.0,6.0,0.0,0.0,45.9,False
PN-103474,28,FUEL,BOEING,787-9,KRİTİK DEĞİL,YOK,Satınalma,22.0,13,3.25,3.75,47.1,0.9,3.0,3.0,7.0,6.0,18.0,0.077,3.6,45.9,False
PN-103603,52,DOORS,BOEING,737 MAX 8,KRİTİK DEĞİL,YOK,Satınalma,33.0,3,0.85,3.81,12.7,0.9,2.0,2.0,3.0,4.0,8.0,0.0,0.0,45.9,True
PN-104592,22,AUTO FLIGHT,BOEING,737 MAX 8,KRİTİK DEĞİL,YOK,Satınalma,33.0,1,0.85,3.81,13.3,0.9,2.0,2.0,3.0,4.0,8.0,0.0,0.0,45.9,True
PN-100277,73,ENGINE FUEL AND CONTROL,AIRBUS,A330-200,KRİTİK,YOK,Yurtdışı tamir,40.0,24,6.0,1.33,31.1,0.95,4.0,6.0,12.0,8.0,16.0,0.042,1.3,45.8,False
PN-102822,24,ELECTRICAL POWER,BOEING,737 MAX 8,KRİTİK,VAR,Yurtiçi tamir,5.0,13,3.09,3.81,45.8,0.95,2.0,2.0,6.0,3.0,15.0,0.0,0.0,45.8,False
PN-104795,25,EQUIPMENT / FURNISHINGS,BOEING,787-9,KRİTİK DEĞİL,YOK,Satınalma,23.0,12,3.0,3.75,43.7,0.9,3.0,3.0,6.0,6.0,17.0,0.083,3.6,45.8,False
PN-102155,34,NAVIGATION,BOEING,737 MAX 8,KRİTİK DEĞİL,YOK,Satınalma,14.0,17,4.25,3.81,63.0,0.9,2.0,3.0,8.0,5.0,21.0,0.294,18.5,45.8,False
PN-102521,22,AUTO FLIGHT,BOEING,737 MAX 8,KRİTİK,VAR,Yurtiçi tamir,11.0,8,2.0,3.81,29.5,0.95,2.0,2.0,4.0,3.0,11.0,0.25,7.4,45.8,False
PN-104179,34,NAVIGATION,AIRBUS,A321neo,KRİTİK DEĞİL,YOK,Satınalma,32.0,27,6.75,2.96,78.2,0.9,4.0,5.0,12.0,11.0,31.0,0.0,0.0,45.8,False
PN-100763,79,OIL,AIRBUS,A321neo,KRİTİK DEĞİL,YOK,Satınalma,43.0,17,4.25,2.96,48.8,0.9,4.0,5.0,10.0,10.0,23.0,0.059,2.9,45.8,False
PN-102244,71,POWER PLANT,AIRBUS,A320-200,KRİTİK,YOK,Yurtdışı tamir,61.0,0,0.0,0.64,0.0,0.95,0.0,0.0,0.0,0.0,0.0,0.0,0.0,45.8,False
PN-104472,34,NAVIGATION,AIRBUS,A320neo,KRİTİK DEĞİL,YOK,Satınalma,34.0,40,10.0,2.59,99.9,0.9,4.0,7.0,17.0,14.0,39.0,0.275,27.5,45.7,False
PN-101762,21,AIR CONDITIONING,AIRBUS,A321-200,KRİTİK,YOK,Yurtdışı tamir,58.0,10,2.5,0.69,7.0,0.95,2.0,5.0,8.0,4.0,6.0,0.1,0.7,45.7,False
PN-101820,29,HYDRAULIC POWER,BOEING,737 MAX 8,KRİTİK,VAR,Yurtiçi tamir,13.0,9,1.49,3.81,22.4,0.95,2.0,2.0,4.0,3.0,9.0,0.111,2.5,45.7,False
PN-102304,77,ENGINE INDICATING,BOEING,737 MAX 8,KRİTİK DEĞİL,YOK,Satınalma,16.0,15,3.75,3.81,57.2,0.9,3.0,3.0,7.0,6.0,21.0,0.2,11.4,45.7,False
PN-100143,31,INDICATING / RECORDING SYSTEMS,BOEING,737 MAX 8,KRİTİK DEĞİL,YOK,Satınalma,31.0,3,1.11,3.81,16.3,0.9,2.0,2.0,4.0,4.0,9.0,0.0,0.0,45.7,False
PN-104915,23,COMMUNICATIONS,BOEING,737 MAX 8,KRİTİK DEĞİL,YOK,Satınalma,31.0,4,1.0,3.81,15.2,0.9,2.0,2.0,3.0,4.0,8.0,0.0,0.0,45.6,True
PN-101712,76,ENGINE CONTROLS,AIRBUS,A321neo,KRİTİK DEĞİL,YOK,Satınalma,53.0,7,1.69,2.96,20.2,0.9,3.0,3.0,5.0,6.0,12.0,0.286,5.8,45.6,True
PN-100448,35,OXYGEN,BOEING,777-F,KRİTİK,YOK,Satınalma,10.0,9,2.25,2.5,22.1,0.95,2.0,2.0,5.0,3.0,9.0,0.111,2.5,45.6,False
PN-101509,56,WINDOWS,AIRBUS,A350-900,KRİTİK DEĞİL,YOK,Yurtdışı tamir,22.0,12,3.0,3.75,44.2,0.9,3.0,3.0,6.0,6.0,18.0,0.417,18.4,45.6,False
PN-103042,29,HYDRAULIC POWER,AIRBUS,A330-300,KRİTİK,YOK,Yurtdışı tamir,51.0,15,3.75,1.11,16.4,0.95,3.0,6.0,10.0,6.0,11.0,0.267,4.4,45.6,False
PN-103171,79,OIL,BOEING,737 MAX 8,KRİTİK DEĞİL,YOK,Satınalma,16.0,15,3.75,3.81,56.2,0.9,3.0,3.0,7.0,6.0,21.0,0.067,3.7,45.6,False
PN-103992,24,ELECTRICAL POWER,BOEING,737 MAX 8,KRİTİK,VAR,Yurtiçi tamir,7.0,10,2.5,3.81,37.9,0.95,2.0,2.0,5.0,3.0,13.0,0.1,3.8,45.6,False
PN-101979,73,ENGINE FUEL AND CONTROL,BOEING,787-9,KRİTİK,VAR,Yurtiçi tamir,14.0,6,1.5,3.75,22.4,0.95,2.0,2.0,4.0,3.0,9.0,0.167,3.7,45.5,False
PN-101171,52,DOORS,AIRBUS,A350-900,KRİTİK,VAR,Yurtiçi tamir,10.0,9,2.25,3.75,32.7,0.95,2.0,2.0,5.0,3.0,12.0,0.0,0.0,45.5,False
PN-100877,72,ENGINE,BOEING,777-300ER,KRİTİK,YOK,Satınalma,17.0,40,10.0,1.67,65.5,0.95,3.0,5.0,15.0,7.0,24.0,0.1,6.5,45.5,False
PN-103770,32,LANDING GEAR,AIRBUS,A321neo,KRİTİK,VAR,Yurtiçi tamir,5.0,82,20.5,2.96,238.1,0.95,3.0,4.0,25.0,7.0,67.0,0.037,8.7,45.5,False
PN-102197,76,ENGINE CONTROLS,AIRBUS,A321neo,KRİTİK DEĞİL,YOK,Satınalma,27.0,31,7.75,2.96,88.6,0.9,4.0,5.0,13.0,11.0,34.0,0.194,17.1,45.5,False
PN-104520,80,STARTING,BOEING,787-9,KRİTİK DEĞİL,YOK,Satınalma,26.0,9,2.25,3.75,32.4,0.9,2.0,3.0,6.0,5.0,14.0,0.0,0.0,45.5,False
PN-103342,23,COMMUNICATIONS,AIRBUS,A320neo,KRİTİK DEĞİL,YOK,Satınalma,31.0,46,11.5,2.59,117.0,0.9,5.0,7.0,19.0,15.0,45.0,0.217,25.4,45.5,False
PN-104778,23,COMMUNICATIONS,AIRBUS,A350-900,KRİTİK DEĞİL,YOK,Yurtdışı tamir,32.0,4,1.05,3.75,15.6,0.9,2.0,2.0,4.0,4.0,8.0,0.25,3.9,45.5,False
PN-104164,71,POWER PLANT,AIRBUS,A320neo,KRİTİK DEĞİL,YOK,Satınalma,31.0,150,37.5,2.59,377.6,0.9,8.0,18.0,56.0,41.0,136.0,0.093,35.2,45.5,False
PN-101998,28,FUEL,BOEING,737 MAX 8,KRİTİK,VAR,Yurtiçi tamir,9.0,8,2.0,3.81,30.3,0.95,2.0,2.0,4.0,3.0,11.0,0.0,0.0,45.4,False
PN-102122,49,AIRBORNE AUXILIARY POWER (APU),AIRBUS,A350-900,KRİTİK,VAR,Yurtiçi tamir,7.0,10,2.73,3.75,40.1,0.95,2.0,2.0,5.0,3.0,14.0,0.2,8.0,45.4,False
PN-101062,24,ELECTRICAL POWER,BOEING,777-300ER,KRİTİK,YOK,Yurtdışı tamir,34.0,11,2.75,1.67,18.5,0.95,3.0,4.0,7.0,5.0,10.0,0.091,1.7,45.4,False
PN-103159,76,ENGINE CONTROLS,BOEING,737-800,KRİTİK,YOK,Yurtdışı tamir,58.0,7,1.75,0.56,3.9,0.95,2.0,4.0,6.0,3.0,4.0,0.0,0.0,45.4,False
PN-100603,24,ELECTRICAL POWER,BOEING,737-900ER,KRİTİK,YOK,Yurtdışı tamir,51.0,23,5.75,1.0,22.4,0.95,3.0,7.0,13.0,7.0,13.0,0.261,5.8,45.4,False
PN-103875,49,AIRBORNE AUXILIARY POWER (APU),AIRBUS,A320neo,KRİTİK,YOK,Yurtdışı tamir,15.0,0,0.0,2.59,0.0,0.95,0.0,0.0,0.0,0.0,0.0,0.0,0.0,45.4,False
PN-100073,24,ELECTRICAL POWER,BOEING,737 MAX 8,KRİTİK DEĞİL,YOK,Satınalma,30.0,4,0.97,3.81,14.8,0.9,2.0,2.0,3.0,4.0,8.0,0.25,3.7,45.3,True
PN-100075,34,NAVIGATION,AIRBUS,A350-900,KRİTİK DEĞİL,YOK,Yurtdışı tamir,31.0,4,1.13,3.75,17.2,0.9,2.0,2.0,4.0,4.0,9.0,0.25,4.3,45.3,False
PN-103899,79,OIL,BOEING,737 MAX 8,KRİTİK DEĞİL,YOK,Satınalma,26.0,7,1.75,3.81,25.9,0.9,2.0,2.0,4.0,4.0,11.0,0.143,3.7,45.3,False
PN-101053,79,OIL,AIRBUS,A330-200,KRİTİK,YOK,Yurtdışı tamir,46.0,8,2.0,1.33,10.3,0.95,2.0,4.0,6.0,4.0,7.0,0.125,1.3,45.3,False
PN-104804,56,WINDOWS,AIRBUS,A330-200,KRİTİK,YOK,Satınalma,43.0,14,3.5,1.33,18.3,0.95,3.0,5.0,9.0,6.0,11.0,0.143,2.6,45.3,False
PN-100491,76,ENGINE CONTROLS,BOEING,737 MAX 8,KRİTİK DEĞİL,YOK,Satınalma,31.0,4,0.85,3.81,12.4,0.9,2.0,2.0,3.0,4.0,8.0,0.0,0.0,45.3,True
PN-103846,73,ENGINE FUEL AND CONTROL,BOEING,777-F,KRİTİK DEĞİL,YOK,Satınalma,33.0,222,55.5,2.5,536.1,0.9,9.0,27.0,83.0,58.0,193.0,0.203,108.7,45.3,False
PN-101046,27,FLIGHT CONTROLS,AIRBUS,A321neo,KRİTİK DEĞİL,YOK,Yurtdışı tamir,53.0,6,1.44,2.96,16.4,0.9,2.0,3.0,5.0,5.0,10.0,0.167,2.7,45.3,False
PN-102420,27,FLIGHT CONTROLS,AIRBUS,A321-200,KRİTİK,YOK,Satınalma,58.0,2,0.85,0.69,2.3,0.95,1.0,3.0,4.0,2.0,3.0,0.0,0.0,45.2,False
PN-100328,24,ELECTRICAL POWER,BOEING,737 MAX 8,KRİTİK,VAR,Yurtiçi tamir,10.0,7,1.75,3.81,25.9,0.95,2.0,2.0,4.0,3.0,10.0,0.0,0.0,45.2,False
PN-103690,31,INDICATING / RECORDING SYSTEMS,BOEING,737 MAX 8,KRİTİK DEĞİL,YOK,Yurtdışı tamir,27.0,6,1.5,3.81,22.2,0.9,2.0,2.0,4.0,4.0,10.0,0.0,0.0,45.2,False
PN-102424,30,ICE & RAIN PROTECTION,AIRBUS,A321neo,KRİTİK DEĞİL,YOK,Satınalma,37.0,20,5.0,2.96,58.3,0.9,4.0,5.0,10.0,10.0,25.0,0.1,5.8,45.2,False
PN-104375,49,AIRBORNE AUXILIARY POWER (APU),AIRBUS,A330-200,KRİTİK,YOK,Satınalma,21.0,58,14.5,1.33,75.9,0.95,4.0,8.0,23.0,9.0,28.0,0.017,1.3,45.2,False
PN-101922,74,IGNITION,AIRBUS,A350-900,KRİTİK DEĞİL,YOK,Satınalma,10.0,19,4.75,3.75,70.7,0.9,2.0,2.0,7.0,4.0,22.0,0.105,7.4,45.1,False
PN-100134,73,ENGINE FUEL AND CONTROL,AIRBUS,A330-200,KRİTİK,YOK,Yurtdışı tamir,44.0,10,2.5,1.33,13.0,0.95,3.0,4.0,7.0,5.0,9.0,0.3,3.9,45.1,False
PN-104826,26,FIRE PROTECTION,BOEING,787-9,KRİTİK DEĞİL,YOK,Yurtdışı tamir,30.0,6,1.12,3.75,16.6,0.9,2.0,2.0,4.0,4.0,9.0,0.0,0.0,45.0,False
PN-102968,71,POWER PLANT,AIRBUS,A330-200,KRİTİK,YOK,Yurtdışı tamir,44.0,9,2.25,1.33,11.9,0.95,2.0,4.0,7.0,4.0,7.0,0.333,4.0,45.0,False
PN-101331,71,POWER PLANT,AIRBUS,A350-900,KRİTİK DEĞİL,YOK,Satınalma,23.0,9,2.39,3.75,35.5,0.9,2.0,2.0,5.0,5.0,14.0,0.0,0.0,45.0,False
PN-102010,34,NAVIGATION,AIRBUS,A330-300,KRİTİK,YOK,Yurtdışı tamir,25.0,73,18.25,1.11,80.5,0.95,4.0,9.0,28.0,10.0,31.0,0.151,12.1,45.0,False
PN-103271,31,INDICATING / RECORDING SYSTEMS,BOEING,737 MAX 8,KRİTİK,VAR,Yurtiçi tamir,3.0,11,2.83,3.81,41.7,0.95,1.0,2.0,5.0,2.0,13.0,0.182,7.6,45.0,False
PN-101959,25,EQUIPMENT / FURNISHINGS,BOEING,737 MAX 8,KRİTİK DEĞİL,YOK,Yurtdışı tamir,29.0,4,1.0,3.81,14.6,0.9,2.0,2.0,3.0,4.0,8.0,0.0,0.0,45.0,True
PN-104493,27,FLIGHT CONTROLS,AIRBUS,A330-200,KRİTİK,YOK,Yurtdışı tamir,32.0,33,8.25,1.33,43.4,0.95,4.0,6.0,15.0,8.0,19.0,0.212,9.2,44.9,False
PN-104728,23,COMMUNICATIONS,AIRBUS,A320neo,KRİTİK DEĞİL,YOK,Yurtdışı tamir,51.0,18,4.5,2.59,45.5,0.9,4.0,6.0,11.0,11.0,23.0,0.056,2.5,44.9,False
PN-100428,21,AIR CONDITIONING,AIRBUS,A321-200,KRİTİK,YOK,Satınalma,52.0,21,5.25,0.69,14.4,0.95,3.0,6.0,12.0,6.0,10.0,0.048,0.7,44.9,False
PN-104056,76,ENGINE CONTROLS,BOEING,737 MAX 8,KRİTİK,VAR,Yurtiçi tamir,8.0,6,1.86,3.81,27.6,0.95,2.0,2.0,4.0,3.0,10.0,0.0,0.0,44.9,False
PN-103885,31,INDICATING / RECORDING SYSTEMS,BOEING,737 MAX 8,KRİTİK DEĞİL,YOK,Yurtdışı tamir,27.0,5,1.28,3.81,18.8,0.9,2.0,2.0,4.0,4.0,9.0,0.0,0.0,44.9,False
PN-100642,76,ENGINE CONTROLS,BOEING,787-9,KRİTİK DEĞİL,YOK,Satınalma,21.0,11,2.75,3.75,39.9,0.9,2.0,3.0,6.0,5.0,15.0,0.091,3.6,44.9,False
PN-101936,30,ICE & RAIN PROTECTION,BOEING,737 MAX 8,KRİTİK DEĞİL,YOK,Satınalma,27.0,5,1.25,3.81,18.3,0.9,2.0,2.0,4.0,4.0,9.0,0.4,7.3,44.9,False
PN-102941,79,OIL,BOEING,737 MAX 8,KRİTİK,VAR,Yurtiçi tamir,6.0,9,2.14,3.81,32.6,0.95,2.0,2.0,5.0,3.0,12.0,0.111,3.6,44.9,False
PN-100527,24,ELECTRICAL POWER,BOEING,737 MAX 8,KRİTİK,VAR,Yurtiçi tamir,10.0,8,1.49,3.81,22.4,0.95,2.0,2.0,4.0,3.0,9.0,0.0,0.0,44.9,False
PN-102952,79,OIL,BOEING,737-800,KRİTİK,YOK,Yurtdışı tamir,55.0,11,2.75,0.56,5.9,0.95,2.0,5.0,8.0,3.0,5.0,0.455,2.7,44.8,False
PN-104623,23,COMMUNICATIONS,BOEING,737 MAX 8,KRİTİK DEĞİL,YOK,Yurtdışı tamir,27.0,7,1.15,3.81,17.4,0.9,2.0,2.0,4.0,4.0,9.0,0.429,7.4,44.8,False
PN-103280,23,COMMUNICATIONS,BOEING,787-9,KRİTİK DEĞİL,YOK,Satınalma,29.0,5,1.13,3.75,17.0,0.9,2.0,2.0,4.0,4.0,9.0,0.0,0.0,44.8,False
PN-104405,77,ENGINE INDICATING,BOEING,737 MAX 8,KRİTİK DEĞİL,YOK,Yurtdışı tamir,30.0,3,0.65,3.81,9.7,0.9,2.0,2.0,3.0,3.0,6.0,0.0,0.0,44.8,False
PN-102207,74,IGNITION,AIRBUS,A321neo,KRİTİK DEĞİL,YOK,Yurtdışı tamir,32.0,23,5.75,2.96,67.5,0.9,4.0,5.0,11.0,10.0,27.0,0.13,8.8,44.8,False
PN-100433,24,ELECTRICAL POWER,BOEING,777-300ER,KRİTİK,YOK,Yurtdışı tamir,35.0,6,1.5,1.67,9.8,0.95,2.0,3.0,5.0,3.0,6.0,0.0,0.0,44.8,False
PN-102385,76,ENGINE CONTROLS,BOEING,737 MAX 8,KRİTİK DEĞİL,YOK,Satınalma,16.0,12,3.0,3.81,45.7,0.9,2.0,2.0,5.0,5.0,17.0,0.083,3.8,44.7,False
PN-103070,31,INDICATING / RECORDING SYSTEMS,AIRBUS,A320-200,KRİTİK,YOK,Yurtdışı tamir,54.0,12,3.0,0.64,7.6,0.95,2.0,5.0,8.0,4.0,6.0,0.0,0.0,44.7,False
PN-102739,29,HYDRAULIC POWER,AIRBUS,A330-300,KRİTİK,YOK,Satınalma,33.0,50,12.5,1.11,54.9,0.95,4.0,9.0,22.0,9.0,23.0,0.04,2.2,44.7,False
PN-104406,27,FLIGHT CONTROLS,BOEING,737-800,KRİTİK,YOK,Yurtdışı tamir,56.0,5,0.81,0.56,1.7,0.95,1.0,3.0,4.0,2.0,3.0,0.2,0.3,44.7,False
PN-103492,30,ICE & RAIN PROTECTION,BOEING,787-9,KRİTİK DEĞİL,YOK,Yurtdışı tamir,29.0,7,1.1,3.75,16.0,0.9,2.0,2.0,4.0,4.0,9.0,0.143,2.3,44.7,False
PN-104393,22,AUTO FLIGHT,AIRBUS,A320neo,KRİTİK DEĞİL,YOK,Yurtdışı tamir,50.0,18,4.5,2.59,46.0,0.9,4.0,6.0,11.0,11.0,23.0,0.056,2.6,44.7,False
PN-102510,26,FIRE PROTECTION,AIRBUS,A320neo,KRİTİK DEĞİL,YOK,Satınalma,28.0,122,30.5,2.59,311.3,0.9,7.0,14.0,45.0,31.0,109.0,0.09,28.1,44.7,False
PN-103220,71,POWER PLANT,BOEING,737-900ER,KRİTİK,YOK,Satınalma,46.0,30,7.5,1.0,29.1,0.95,4.0,8.0,16.0,8.0,16.0,0.133,3.9,44.7,False
PN-103273,31,INDICATING / RECORDING SYSTEMS,AIRBUS,A330-200,KRİTİK,YOK,Yurtdışı tamir,44.0,6,1.5,1.33,7.9,0.95,2.0,3.0,5.0,3.0,5.0,0.0,0.0,44.6,False
PN-102755,76,ENGINE CONTROLS,BOEING,737 MAX 8,KRİTİK DEĞİL,YOK,Satınalma,15.0,13,3.25,3.81,48.1,0.9,2.0,2.0,6.0,4.0,17.0,0.308,14.8,44.6,False
PN-103118,21,AIR CONDITIONING,AIRBUS,A350-900,KRİTİK DEĞİL,YOK,Satınalma,29.0,4,1.0,3.75,14.4,0.9,2.0,2.0,3.0,4.0,8.0,0.0,0.0,44.6,True
PN-100916,36,PNEUMATIC,AIRBUS,A350-900,KRİTİK DEĞİL,YOK,Satınalma,33.0,1,0.28,3.75,4.1,0.9,1.0,2.0,3.0,2.0,4.0,0.0,0.0,44.6,False
PN-103443,26,FIRE PROTECTION,BOEING,737 MAX 8,KRİTİK DEĞİL,YOK,Satınalma,28.0,3,0.85,3.81,12.4,0.9,2.0,2.0,3.0,3.0,7.0,0.333,4.1,44.6,False
PN-101872,49,AIRBORNE AUXILIARY POWER (APU),AIRBUS,A330-200,KRİTİK,YOK,Yurtdışı tamir,44.0,6,1.46,1.33,7.8,0.95,2.0,3.0,5.0,3.0,5.0,0.0,0.0,44.6,False
PN-103822,36,PNEUMATIC,BOEING,737 MAX 8,KRİTİK DEĞİL,YOK,Satınalma,27.0,4,1.0,3.81,15.4,0.9,2.0,2.0,3.0,4.0,8.0,0.25,3.9,44.6,True
PN-102954,28,FUEL,BOEING,777-300ER,AOG KRİTİK,VAR,Yurtiçi tamir,8.0,23,5.75,1.67,37.9,0.98,2.0,3.0,9.0,3.0,13.0,0.043,1.6,44.6,False
PN-104574,71,POWER PLANT,BOEING,737-900ER,AOG KRİTİK,VAR,Yurtiçi tamir,10.0,84,21.0,1.0,81.9,0.98,4.0,7.0,28.0,7.0,28.0,0.06,4.9,44.5,False
PN-103057,24,ELECTRICAL POWER,AIRBUS,A321-200,KRİTİK,YOK,Satınalma,55.0,1,0.85,0.69,2.3,0.95,1.0,3.0,4.0,2.0,3.0,0.0,0.0,44.5,False
PN-103216,21,AIR CONDITIONING,BOEING,737 MAX 8,KRİTİK DEĞİL,YOK,Yurtdışı tamir,24.0,6,1.5,3.81,22.5,0.9,2.0,2.0,4.0,4.0,10.0,0.0,0.0,44.5,False
PN-102712,79,OIL,BOEING,787-9,KRİTİK DEĞİL,YOK,Yurtdışı tamir,28.0,3,1.1,3.75,15.9,0.9,2.0,2.0,4.0,4.0,8.0,0.333,5.3,44.5,False
PN-100755,32,LANDING GEAR,BOEING,737-900ER,AOG KRİTİK,VAR,Yurtiçi tamir,6.0,92,23.0,1.0,90.8,0.98,3.0,5.0,28.0,5.0,28.0,0.109,9.9,44.4,False
PN-102292,27,FLIGHT CONTROLS,AIRBUS,A320neo,KRİTİK DEĞİL,YOK,Satınalma,32.0,36,9.0,2.59,91.7,0.9,4.0,7.0,16.0,13.0,36.0,0.25,22.9,44.4,False
PN-100999,35,OXYGEN,BOEING,737 MAX 8,KRİTİK DEĞİL,YOK,Satınalma,22.0,7,1.79,3.81,26.5,0.9,2.0,2.0,4.0,4.0,11.0,0.0,0.0,44.4,False
PN-101099,32,LANDING GEAR,AIRBUS,A321neo,KRİTİK,VAR,Yurtiçi tamir,5.0,33,8.25,2.96,94.3,0.95,2.0,3.0,12.0,4.0,28.0,0.091,8.6,44.4,False
PN-103872,76,ENGINE CONTROLS,BOEING,787-9,KRİTİK DEĞİL,YOK,Satınalma,23.0,8,2.0,3.75,29.1,0.9,2.0,2.0,4.0,4.0,12.0,0.125,3.6,44.4,False
PN-100140,80,STARTING,BOEING,737-800,KRİTİK,YOK,Satınalma,52.0,17,4.25,0.56,9.1,0.95,2.0,6.0,11.0,4.0,7.0,0.059,0.5,44.4,False
PN-102227,79,OIL,AIRBUS,A320neo,KRİTİK DEĞİL,YOK,Yurtdışı tamir,46.0,21,5.25,2.59,53.9,0.9,4.0,6.0,12.0,11.0,25.0,0.143,7.7,44.4,False
PN-101652,22,AUTO FLIGHT,AIRBUS,A321neo,KRİTİK DEĞİL,YOK,Yurtdışı tamir,45.0,10,2.5,2.96,28.9,0.9,3.0,4.0,7.0,7.0,15.0,0.0,0.0,44.4,False
PN-103620,80,STARTING,AIRBUS,A319-100,KRİTİK,YOK,Yurtdışı tamir,55.0,3,0.57,0.56,1.2,0.95,1.0,2.0,3.0,2.0,3.0,0.0,0.0,44.4,False
PN-102406,30,ICE & RAIN PROTECTION,BOEING,737 MAX 8,KRİTİK DEĞİL,YOK,Satınalma,27.0,3,0.85,3.81,12.4,0.9,2.0,2.0,3.0,3.0,7.0,0.0,0.0,44.3,False
PN-103819,77,ENGINE INDICATING,AIRBUS,A350-900,KRİTİK DEĞİL,YOK,Satınalma,20.0,10,2.5,3.75,36.0,0.9,2.0,2.0,5.0,4.0,13.0,0.1,3.6,44.3,False
PN-101537,23,COMMUNICATIONS,BOEING,737 MAX 8,KRİTİK DEĞİL,YOK,Satınalma,30.0,1,0.28,3.81,4.1,0.9,1.0,2.0,3.0,2.0,4.0,0.0,0.0,44.3,False
PN-100330,36,PNEUMATIC,AIRBUS,A320neo,KRİTİK DEĞİL,YOK,Satınalma,30.0,37,9.25,2.59,95.1,0.9,4.0,7.0,17.0,12.0,36.0,0.108,10.3,44.2,False
PN-103420,35,OXYGEN,AIRBUS,A321neo,KRİTİK DEĞİL,YOK,Yurtdışı tamir,51.0,3,0.9,2.96,10.5,0.9,2.0,2.0,3.0,4.0,7.0,0.333,3.5,44.2,True
PN-101041,76,ENGINE CONTROLS,AIRBUS,A330-300,KRİTİK,YOK,Yurtdışı tamir,51.0,2,0.5,1.11,2.2,0.95,1.0,2.0,3.0,2.0,3.0,0.0,0.0,44.2,False
PN-100053,34,NAVIGATION,BOEING,777-F,KRİTİK,VAR,Yurtiçi tamir,13.0,49,12.25,2.5,119.3,0.95,4.0,5.0,18.0,9.0,39.0,0.122,14.6,44.2,False
PN-104427,34,NAVIGATION,BOEING,777-300ER,AOG KRİTİK,VAR,Yurtiçi tamir,15.0,9,2.25,1.67,14.5,0.98,2.0,3.0,6.0,3.0,7.0,0.0,0.0,44.2,False
PN-104045,21,AIR CONDITIONING,BOEING,737 MAX 8,KRİTİK DEĞİL,YOK,Satınalma,17.0,10,2.5,3.81,37.9,0.9,2.0,2.0,5.0,4.0,14.0,0.0,0.0,44.2,False
PN-102983,74,IGNITION,AIRBUS,A321-200,KRİTİK,YOK,Yurtdışı tamir,54.0,3,0.57,0.69,1.6,0.95,1.0,2.0,3.0,2.0,3.0,0.333,0.5,44.2,False
PN-103061,29,HYDRAULIC POWER,AIRBUS,A321-200,KRİTİK,YOK,Satınalma,47.0,29,7.25,0.69,19.7,0.95,3.0,8.0,16.0,6.0,11.0,0.138,2.7,44.1,False
PN-102654,76,ENGINE CONTROLS,AIRBUS,A320-200,KRİTİK,YOK,Satınalma,47.0,31,7.75,0.64,19.4,0.95,3.0,8.0,16.0,6.0,11.0,0.129,2.5,44.1,False
PN-104669,32,LANDING GEAR,AIRBUS,A319-100,KRİTİK,YOK,Yurtdışı tamir,52.0,12,3.0,0.56,6.6,0.95,2.0,5.0,8.0,3.0,5.0,0.167,1.1,44.1,False
PN-102827,79,OIL,BOEING,777-300ER,KRİTİK,YOK,Yurtdışı tamir,26.0,16,4.0,1.67,25.8,0.95,3.0,4.0,8.0,5.0,12.0,0.312,8.1,44.1,False
PN-102347,72,ENGINE,BOEING,737-800,KRİTİK,YOK,Yurtdışı tamir,52.0,11,2.75,0.56,5.9,0.95,2.0,5.0,8.0,3.0,5.0,0.0,0.0,44.1,False
PN-103764,31,INDICATING / RECORDING SYSTEMS,AIRBUS,A321neo,KRİTİK DEĞİL,YOK,Yurtdışı tamir,15.0,38,9.5,2.96,109.7,0.9,3.0,4.0,14.0,8.0,36.0,0.132,14.4,44.0,False
PN-102909,30,ICE & RAIN PROTECTION,BOEING,737 MAX 8,KRİTİK DEĞİL,YOK,Yurtdışı tamir,26.0,2,0.85,3.81,12.4,0.9,2.0,2.0,3.0,3.0,7.0,0.0,0.0,44.0,False
PN-104457,22,AUTO FLIGHT,AIRBUS,A330-300,KRİTİK,YOK,Yurtdışı tamir,48.0,7,1.75,1.11,7.6,0.95,2.0,3.0,5.0,3.0,5.0,0.143,1.1,44.0,False
PN-104074,29,HYDRAULIC POWER,AIRBUS,A321neo,KRİTİK DEĞİL,YOK,Satınalma,41.0,12,3.0,2.96,35.4,0.9,3.0,4.0,7.0,7.0,16.0,0.083,2.9,44.0,False
PN-103400,74,IGNITION,BOEING,737 MAX 8,KRİTİK DEĞİL,YOK,Satınalma,18.0,9,2.25,3.81,33.4,0.9,2.0,2.0,5.0,4.0,13.0,0.111,3.7,44.0,False
PN-104802,26,FIRE PROTECTION,BOEING,737 MAX 8,KRİTİK DEĞİL,YOK,Satınalma,23.0,5,1.36,3.81,20.5,0.9,2.0,2.0,4.0,4.0,10.0,0.0,0.0,44.0,False
PN-104326,76,ENGINE CONTROLS,AIRBUS,A319-100,KRİTİK,YOK,Yurtdışı tamir,37.0,84,21.0,0.56,45.8,0.95,4.0,14.0,35.0,9.0,21.0,0.083,3.8,44.0,False
PN-104860,22,AUTO FLIGHT,AIRBUS,A321neo,KRİTİK DEĞİL,YOK,Yurtdışı tamir,38.0,15,3.75,2.96,43.7,0.9,3.0,4.0,8.0,8.0,19.0,0.0,0.0,44.0,False
PN-103218,80,STARTING,AIRBUS,A320-200,KRİTİK,YOK,Satınalma,54.0,0,0.0,0.64,0.0,0.95,0.0,0.0,0.0,0.0,0.0,0.0,0.0,44.0,False
PN-104386,27,FLIGHT CONTROLS,AIRBUS,A321neo,KRİTİK DEĞİL,YOK,Satınalma,15.0,76,19.0,2.96,222.9,0.9,4.0,7.0,26.0,14.0,70.0,0.237,52.8,44.0,False
PN-101597,71,POWER PLANT,AIRBUS,A350-900,KRİTİK,VAR,Yurtiçi tamir,5.0,5,2.12,3.75,31.0,0.95,2.0,2.0,5.0,3.0,11.0,0.0,0.0,44.0,False
PN-104410,24,ELECTRICAL POWER,BOEING,737-800,KRİTİK,YOK,Satınalma,53.0,3,0.85,0.56,1.9,0.95,1.0,3.0,4.0,2.0,3.0,0.333,0.6,43.9,False
PN-104816,76,ENGINE CONTROLS,BOEING,737 MAX 8,KRİTİK DEĞİL,YOK,Satınalma,19.0,8,2.0,3.81,29.8,0.9,2.0,2.0,4.0,4.0,12.0,0.0,0.0,43.9,False
PN-100784,34,NAVIGATION,AIRBUS,A320neo,KRİTİK,VAR,Yurtiçi tamir,9.0,67,16.75,2.59,171.0,0.95,4.0,5.0,22.0,9.0,52.0,0.104,17.9,43.9,False
PN-102994,73,ENGINE FUEL AND CONTROL,BOEING,737 MAX 8,KRİTİK DEĞİL,YOK,Satınalma,21.0,8,1.63,3.81,24.1,0.9,2.0,2.0,4.0,4.0,11.0,0.125,3.0,43.9,False
PN-101551,76,ENGINE CONTROLS,BOEING,737-800,KRİTİK,YOK,Yurtdışı tamir,48.0,28,7.0,0.56,15.1,0.95,3.0,8.0,15.0,5.0,9.0,0.071,1.1,43.9,False
PN-103650,24,ELECTRICAL POWER,BOEING,737-900ER,KRİTİK,YOK,Yurtdışı tamir,41.0,35,8.75,1.0,33.7,0.95,4.0,8.0,17.0,8.0,17.0,0.114,3.8,43.9,False
PN-104625,31,INDICATING / RECORDING SYSTEMS,BOEING,787-9,KRİTİK DEĞİL,YOK,Satınalma,10.0,16,4.0,3.75,58.6,0.9,2.0,2.0,6.0,4.0,19.0,0.125,7.3,43.9,False
PN-100326,27,FLIGHT CONTROLS,AIRBUS,A321neo,KRİTİK,VAR,Yurtiçi tamir,7.0,29,7.25,2.96,83.1,0.95,3.0,3.0,11.0,5.0,26.0,0.069,5.7,43.9,False
PN-100801,28,FUEL,AIRBUS,A321-200,KRİTİK,YOK,Satınalma,48.0,22,5.5,0.69,15.0,0.95,3.0,6.0,12.0,5.0,9.0,0.227,3.4,43.9,False
PN-103956,35,OXYGEN,AIRBUS,A321neo,KRİTİK DEĞİL,YOK,Yurtdışı tamir,34.0,18,4.5,2.96,52.0,0.9,3.0,4.0,9.0,8.0,22.0,0.0,0.0,43.8,False
PN-100273,79,OIL,AIRBUS,A319-100,KRİTİK,YOK,Satınalma,52.0,6,1.47,0.56,3.1,0.95,2.0,3.0,5.0,3.0,4.0,0.0,0.0,43.8,False
PN-104559,52,DOORS,AIRBUS,A321neo,KRİTİK DEĞİL,YOK,Satınalma,25.0,26,6.5,2.96,76.4,0.9,3.0,4.0,11.0,9.0,29.0,0.115,8.8,43.8,False
PN-100919,52,DOORS,BOEING,737 MAX 8,KRİTİK DEĞİL,YOK,Satınalma,20.0,7,1.75,3.81,25.9,0.9,2.0,2.0,4.0,4.0,11.0,0.429,11.1,43.8,False
PN-102317,32,LANDING GEAR,AIRBUS,A330-200,KRİTİK,YOK,Yurtdışı tamir,33.0,22,5.5,1.33,29.3,0.95,3.0,5.0,11.0,6.0,14.0,0.182,5.3,43.8,False
PN-103421,73,ENGINE FUEL AND CONTROL,AIRBUS,A319-100,KRİTİK,YOK,Satınalma,50.0,15,3.75,0.56,8.1,0.95,2.0,6.0,10.0,4.0,7.0,0.133,1.1,43.8,False
PN-103728,29,HYDRAULIC POWER,AIRBUS,A321neo,KRİTİK DEĞİL,YOK,Satınalma,14.0,36,9.0,2.96,106.5,0.9,3.0,4.0,13.0,8.0,35.0,0.028,3.0,43.8,False
PN-104404,27,FLIGHT CONTROLS,AIRBUS,A321neo,KRİTİK,VAR,Yurtiçi tamir,9.0,26,6.5,2.96,76.6,0.95,3.0,3.0,10.0,5.0,25.0,0.077,5.9,43.8,False
PN-100849,49,AIRBORNE AUXILIARY POWER (APU),AIRBUS,A321-200,KRİTİK,YOK,Yurtdışı tamir,27.0,101,25.25,0.69,68.9,0.95,4.0,13.0,39.0,10.0,28.0,0.089,6.1,43.7,False
PN-101566,80,STARTING,AIRBUS,A321-200,KRİTİK,YOK,Yurtdışı tamir,49.0,15,3.75,0.69,10.3,0.95,2.0,6.0,10.0,4.0,7.0,0.133,1.4,43.7,False
PN-101249,80,STARTING,AIRBUS,A320neo,KRİTİK DEĞİL,YOK,Satınalma,60.0,4,0.85,2.59,8.6,0.9,2.0,2.0,3.0,4.0,7.0,0.0,0.0,43.7,True
PN-101214,22,AUTO FLIGHT,BOEING,737 MAX 8,KRİTİK DEĞİL,YOK,Satınalma,19.0,12,1.91,3.81,28.0,0.9,2.0,2.0,4.0,4.0,11.0,0.0,0.0,43.7,False
PN-101262,32,LANDING GEAR,AIRBUS,A320-200,KRİTİK,YOK,Yurtdışı tamir,49.0,16,4.0,0.64,10.0,0.95,2.0,6.0,10.0,4.0,7.0,0.0,0.0,43.7,False
PN-101665,31,INDICATING / RECORDING SYSTEMS,AIRBUS,A320neo,KRİTİK DEĞİL,YOK,Satınalma,50.0,14,3.5,2.59,35.4,0.9,3.0,4.0,8.0,8.0,17.0,0.071,2.5,43.7,False
PN-104525,32,LANDING GEAR,AIRBUS,A330-200,KRİTİK,YOK,Satınalma,34.0,19,4.75,1.33,24.7,0.95,3.0,5.0,10.0,6.0,13.0,0.316,7.8,43.6,False
PN-101904,29,HYDRAULIC POWER,AIRBUS,A321neo,KRİTİK DEĞİL,YOK,Yurtdışı tamir,46.0,6,1.5,2.96,17.3,0.9,2.0,3.0,5.0,5.0,10.0,0.0,0.0,43.6,False
PN-101220,52,DOORS,AIRBUS,A350-900,KRİTİK DEĞİL,YOK,Satınalma,26.0,3,0.85,3.75,12.2,0.9,2.0,2.0,3.0,3.0,7.0,0.333,4.1,43.6,False
PN-101502,26,FIRE PROTECTION,BOEING,737 MAX 8,KRİTİK DEĞİL,YOK,Yurtdışı tamir,24.0,3,0.85,3.81,12.7,0.9,2.0,2.0,3.0,3.0,7.0,0.0,0.0,43.6,False
PN-104466,73,ENGINE FUEL AND CONTROL,AIRBUS,A330-200,KRİTİK,YOK,Yurtdışı tamir,40.0,5,1.5,1.33,7.8,0.95,2.0,3.0,5.0,3.0,5.0,0.0,0.0,43.6,False
PN-100256,56,WINDOWS,BOEING,737 MAX 8,KRİTİK DEĞİL,YOK,Yurtdışı tamir,18.0,7,2.03,3.81,29.7,0.9,2.0,2.0,5.0,4.0,12.0,0.0,0.0,43.6,False
PN-100417,24,ELECTRICAL POWER,BOEING,737 MAX 8,KRİTİK,VAR,Yurtiçi tamir,5.0,6,1.5,3.81,22.5,0.95,1.0,2.0,4.0,2.0,8.0,0.0,0.0,43.6,False
PN-102254,28,FUEL,BOEING,777-300ER,KRİTİK,YOK,Yurtdışı tamir,31.0,5,1.25,1.67,8.0,0.95,2.0,3.0,5.0,3.0,5.0,0.0,0.0,43.6,False
PN-102253,35,OXYGEN,AIRBUS,A321neo,KRİTİK DEĞİL,YOK,Satınalma,45.0,7,1.68,2.96,19.9,0.9,3.0,3.0,5.0,6.0,11.0,0.0,0.0,43.6,True
PN-101271,23,COMMUNICATIONS,BOEING,787-9,KRİTİK DEĞİL,YOK,Satınalma,10.0,15,3.75,3.75,55.3,0.9,2.0,2.0,6.0,4.0,18.0,0.067,3.7,43.6,False
PN-102603,36,PNEUMATIC,AIRBUS,A350-900,KRİTİK,VAR,Yurtiçi tamir,10.0,6,0.93,3.75,13.5,0.95,2.0,2.0,3.0,3.0,7.0,0.0,0.0,43.6,False
PN-101333,73,ENGINE FUEL AND CONTROL,AIRBUS,A321neo,KRİTİK DEĞİL,YOK,Satınalma,43.0,9,2.25,2.96,25.6,0.9,3.0,4.0,7.0,7.0,14.0,0.111,2.8,43.6,False
PN-100196,29,HYDRAULIC POWER,BOEING,737 MAX 8,KRİTİK,VAR,Yurtiçi tamir,4.0,9,1.65,3.81,25.0,0.95,1.0,2.0,4.0,2.0,9.0,0.0,0.0,43.6,False
PN-104811,27,FLIGHT CONTROLS,AIRBUS,A321-200,KRİTİK,YOK,Satınalma,29.0,91,22.75,0.69,62.3,0.95,4.0,13.0,36.0,9.0,25.0,0.187,11.6,43.5,False
PN-101408,21,AIR CONDITIONING,AIRBUS,A330-300,KRİTİK,YOK,Satınalma,45.0,10,2.5,1.11,10.8,0.95,2.0,4.0,7.0,4.0,7.0,0.1,1.1,43.5,False
PN-104718,31,INDICATING / RECORDING SYSTEMS,AIRBUS,A320neo,KRİTİK,VAR,Yurtiçi tamir,22.0,26,6.5,2.59,66.5,0.95,4.0,5.0,12.0,9.0,26.0,0.077,5.1,43.5,False
PN-100386,22,AUTO FLIGHT,AIRBUS,A319-100,KRİTİK,YOK,Satınalma,50.0,10,2.25,0.56,4.9,0.95,2.0,4.0,7.0,3.0,5.0,0.3,1.5,43.5,False
PN-104757,24,ELECTRICAL POWER,BOEING,777-300ER,KRİTİK,YOK,Satınalma,24.0,15,3.75,1.67,25.1,0.95,3.0,3.0,7.0,5.0,12.0,0.067,1.7,43.5,False
PN-102329,24,ELECTRICAL POWER,BOEING,777-300ER,KRİTİK,YOK,Satınalma,21.0,20,5.0,1.67,32.3,0.95,3.0,4.0,9.0,5.0,14.0,0.0,0.0,43.4,False
PN-100159,73,ENGINE FUEL AND CONTROL,AIRBUS,A320neo,KRİTİK DEĞİL,YOK,Satınalma,23.0,50,12.5,2.59,126.9,0.9,4.0,7.0,20.0,12.0,44.0,0.06,7.6,43.4,False
PN-102921,73,ENGINE FUEL AND CONTROL,AIRBUS,A321neo,KRİTİK,VAR,Yurtiçi tamir,9.0,25,6.25,2.96,72.5,0.95,3.0,3.0,10.0,5.0,24.0,0.24,17.4,43.4,False
PN-102019,32,LANDING GEAR,AIRBUS,A320neo,KRİTİK,VAR,Yurtiçi tamir,7.0,46,11.5,2.59,116.4,0.95,3.0,3.0,15.0,6.0,36.0,0.13,15.2,43.4,False
PN-100992,26,FIRE PROTECTION,BOEING,737 MAX 8,KRİTİK DEĞİL,YOK,Satınalma,21.0,5,1.25,3.81,19.3,0.9,2.0,2.0,4.0,4.0,9.0,0.0,0.0,43.4,False
PN-102486,27,FLIGHT CONTROLS,AIRBUS,A350-900,KRİTİK DEĞİL,YOK,Satınalma,26.0,3,0.7,3.75,10.1,0.9,2.0,2.0,3.0,3.0,6.0,0.333,3.4,43.4,False
PN-103563,73,ENGINE FUEL AND CONTROL,AIRBUS,A321neo,KRİTİK DEĞİL,YOK,Satınalma,37.0,14,3.5,2.96,40.0,0.9,3.0,4.0,8.0,8.0,19.0,0.143,5.7,43.4,False
PN-103578,76,ENGINE CONTROLS,AIRBUS,A320-200,KRİTİK,YOK,Satınalma,38.0,59,14.75,0.64,36.5,0.95,4.0,12.0,27.0,8.0,18.0,0.068,2.5,43.4,False
PN-103521,29,HYDRAULIC POWER,BOEING,777-300ER,KRİTİK,YOK,Satınalma,28.0,7,2.12,1.67,13.5,0.95,2.0,3.0,6.0,4.0,8.0,0.0,0.0,43.4,False
PN-100458,74,IGNITION,AIRBUS,A320neo,KRİTİK DEĞİL,YOK,Satınalma,38.0,25,6.25,2.59,64.4,0.9,4.0,6.0,13.0,11.0,28.0,0.12,7.7,43.4,False
PN-104353,31,INDICATING / RECORDING SYSTEMS,AIRBUS,A321neo,KRİTİK DEĞİL,YOK,Satınalma,29.0,21,5.25,2.96,60.5,0.9,3.0,4.0,10.0,8.0,24.0,0.048,2.9,43.3,False
PN-104031,35,OXYGEN,BOEING,787-9,KRİTİK,VAR,Yurtiçi tamir,9.0,4,0.85,3.75,12.5,0.95,1.0,2.0,3.0,2.0,6.0,0.5,6.2,43.3,False
PN-100797,32,LANDING GEAR,AIRBUS,A330-200,KRİTİK,YOK,Satınalma,34.0,16,4.0,1.33,21.0,0.95,3.0,5.0,9.0,5.0,11.0,0.125,2.6,43.3,False
PN-102082,29,HYDRAULIC POWER,BOEING,737 MAX 8,KRİTİK,VAR,Yurtiçi tamir,5.0,5,1.25,3.81,18.8,0.95,1.0,2.0,4.0,2.0,7.0,0.2,3.8,43.3,False
PN-104333,77,ENGINE INDICATING,BOEING,787-9,KRİTİK,VAR,Yurtiçi tamir,7.0,5,1.25,3.75,18.3,0.95,1.0,2.0,4.0,2.0,7.0,0.2,3.7,43.3,False
PN-104189,77,ENGINE INDICATING,AIRBUS,A321neo,KRİTİK DEĞİL,YOK,Yurtdışı tamir,38.0,12,3.0,2.96,34.7,0.9,3.0,4.0,7.0,7.0,16.0,0.167,5.8,43.2,False
PN-103746,32,LANDING GEAR,BOEING,777-300ER,AOG KRİTİK,VAR,Yurtiçi tamir,7.0,16,4.0,1.67,25.9,0.98,2.0,3.0,7.0,3.0,10.0,0.062,1.6,43.2,False
PN-103151,26,FIRE PROTECTION,AIRBUS,A321neo,KRİTİK DEĞİL,YOK,Yurtdışı tamir,41.0,9,2.25,2.96,26.2,0.9,3.0,4.0,7.0,6.0,13.0,0.111,2.9,43.2,False
PN-100166,29,HYDRAULIC POWER,BOEING,777-300ER,AOG KRİTİK,VAR,Yurtiçi tamir,8.0,14,3.5,1.67,23.1,0.98,2.0,3.0,7.0,3.0,9.0,0.143,3.3,43.2,False
PN-104701,22,AUTO FLIGHT,AIRBUS,A321-200,KRİTİK,YOK,Satınalma,48.0,10,2.65,0.69,7.2,0.95,2.0,4.0,7.0,3.0,5.0,0.0,0.0,43.2,False
PN-102866,29,HYDRAULIC POWER,AIRBUS,A321neo,KRİTİK DEĞİL,YOK,Yurtdışı tamir,31.0,18,4.5,2.96,53.2,0.9,3.0,4.0,9.0,8.0,22.0,0.0,0.0,43.2,False
PN-104722,79,OIL,AIRBUS,A330-200,AOG KRİTİK,VAR,Yurtiçi tamir,6.0,41,10.25,1.33,53.4,0.98,2.0,3.0,14.0,3.0,17.0,0.098,5.2,43.2,False
PN-101264,27,FLIGHT CONTROLS,AIRBUS,A319-100,KRİTİK,YOK,Satınalma,41.0,48,12.0,0.56,25.6,0.95,3.0,10.0,22.0,6.0,13.0,0.208,5.3,43.1,False
PN-103375,35,OXYGEN,AIRBUS,A321neo,KRİTİK DEĞİL,YOK,Satınalma,27.0,22,5.5,2.96,63.4,0.9,3.0,4.0,10.0,8.0,24.0,0.136,8.6,43.1,False
PN-100234,34,NAVIGATION,AIRBUS,A320neo,KRİTİK DEĞİL,YOK,Yurtdışı tamir,37.0,25,6.25,2.59,63.8,0.9,4.0,6.0,13.0,11.0,27.0,0.0,0.0,43.1,False
PN-104710,28,FUEL,AIRBUS,A330-200,KRİTİK,YOK,Satınalma,30.0,23,5.75,1.33,29.4,0.95,3.0,5.0,11.0,6.0,14.0,0.174,5.1,43.1,False
PN-101950,77,ENGINE INDICATING,BOEING,737 MAX 8,KRİTİK DEĞİL,YOK,Yurtdışı tamir,22.0,2,0.85,3.81,12.9,0.9,2.0,2.0,3.0,3.0,7.0,0.0,0.0,43.1,False
PN-103865,73,ENGINE FUEL AND CONTROL,AIRBUS,A321-200,KRİTİK,YOK,Satınalma,47.0,13,3.25,0.69,9.0,0.95,2.0,5.0,9.0,4.0,7.0,0.231,2.1,43.1,False
PN-101617,35,OXYGEN,BOEING,737 MAX 8,KRİTİK DEĞİL,YOK,Satınalma,17.0,4,1.7,3.81,26.2,0.9,2.0,2.0,4.0,4.0,11.0,0.25,6.6,43.1,False
PN-104286,71,POWER PLANT,AIRBUS,A321neo,KRİTİK DEĞİL,YOK,Satınalma,35.0,14,3.5,2.96,40.8,0.9,3.0,4.0,8.0,7.0,18.0,0.0,0.0,43.0,False
PN-102849,30,ICE & RAIN PROTECTION,AIRBUS,A320neo,KRİTİK DEĞİL,YOK,Yurtdışı tamir,41.0,21,5.25,2.59,52.8,0.9,4.0,5.0,11.0,10.0,24.0,0.095,5.0,43.0,False
PN-100060,77,ENGINE INDICATING,AIRBUS,A350-900,KRİTİK,VAR,Yurtiçi tamir,7.0,4,1.02,3.75,15.2,0.95,1.0,2.0,4.0,2.0,6.0,0.5,7.6,43.0,False
PN-104331,28,FUEL,AIRBUS,A350-900,KRİTİK DEĞİL,YOK,Yurtdışı tamir,15.0,11,2.33,3.75,34.7,0.9,2.0,2.0,5.0,4.0,13.0,0.0,0.0,42.9,False
PN-103514,27,FLIGHT CONTROLS,AIRBUS,A320-200,KRİTİK,YOK,Satınalma,49.0,4,0.85,0.64,2.1,0.95,1.0,3.0,4.0,2.0,3.0,0.0,0.0,42.9,False
PN-104975,73,ENGINE FUEL AND CONTROL,AIRBUS,A330-200,KRİTİK,YOK,Yurtdışı tamir,36.0,9,2.25,1.33,11.7,0.95,2.0,3.0,6.0,4.0,7.0,0.111,1.3,42.9,False
PN-103941,29,HYDRAULIC POWER,BOEING,777-300ER,AOG KRİTİK,VAR,Yurtiçi tamir,13.0,3,0.9,1.67,5.9,0.98,1.0,2.0,3.0,2.0,4.0,0.0,0.0,42.9,False
PN-104798,31,INDICATING / RECORDING SYSTEMS,BOEING,777-300ER,KRİTİK,YOK,Yurtdışı tamir,27.0,9,1.6,1.67,10.5,0.95,2.0,3.0,5.0,3.0,6.0,0.0,0.0,42.9,False
PN-103130,30,ICE & RAIN PROTECTION,AIRBUS,A321neo,KRİTİK DEĞİL,YOK,Satınalma,25.0,23,5.75,2.96,66.4,0.9,3.0,4.0,10.0,8.0,25.0,0.0,0.0,42.9,False
PN-104551,21,AIR CONDITIONING,AIRBUS,A320neo,KRİTİK,VAR,Yurtiçi tamir,8.0,38,9.5,2.59,97.6,0.95,3.0,3.0,13.0,6.0,31.0,0.079,7.7,42.9,False
PN-104977,23,COMMUNICATIONS,AIRBUS,A320neo,KRİTİK DEĞİL,YOK,Satınalma,21.0,41,10.25,2.59,104.7,0.9,4.0,5.0,16.0,11.0,38.0,0.073,7.7,42.9,False
PN-100712,71,POWER PLANT,BOEING,737-900ER,KRİTİK,YOK,Yurtdışı tamir,38.0,31,7.75,1.0,30.0,0.95,3.0,7.0,15.0,7.0,15.0,0.129,3.9,42.8,False
PN-102096,79,OIL,AIRBUS,A321neo,KRİTİK,VAR,Yurtiçi tamir,5.0,26,6.5,2.96,76.8,0.95,2.0,2.0,9.0,4.0,24.0,0.038,3.0,42.8,False
PN-100719,49,AIRBORNE AUXILIARY POWER (APU),AIRBUS,A321-200,KRİTİK,YOK,Yurtdışı tamir,42.0,28,7.0,0.69,19.1,0.95,3.0,7.0,14.0,6.0,11.0,0.071,1.4,42.8,False
PN-102479,24,ELECTRICAL POWER,BOEING,777-300ER,AOG KRİTİK,VAR,Yurtiçi tamir,7.0,13,3.25,1.67,21.4,0.98,2.0,3.0,7.0,3.0,9.0,0.077,1.6,42.8,False
PN-103982,56,WINDOWS,BOEING,737 MAX 8,KRİTİK DEĞİL,YOK,Satınalma,21.0,1,0.85,3.81,12.4,0.9,2.0,2.0,3.0,3.0,7.0,0.0,0.0,42.8,False
PN-100402,29,HYDRAULIC POWER,AIRBUS,A320-200,KRİTİK,YOK,Satınalma,37.0,52,13.0,0.64,32.6,0.95,3.0,10.0,23.0,7.0,16.0,0.231,7.5,42.8,False
PN-102832,28,FUEL,AIRBUS,A320neo,KRİTİK,VAR,Yurtiçi tamir,5.0,137,34.25,2.59,350.0,0.95,4.0,5.0,40.0,9.0,97.0,0.036,12.8,42.8,False
PN-101067,52,DOORS,AIRBUS,A321neo,KRİTİK DEĞİL,YOK,Satınalma,28.0,20,5.0,2.96,57.5,0.9,3.0,4.0,9.0,8.0,23.0,0.4,23.0,42.8,False
PN-104188,22,AUTO FLIGHT,AIRBUS,A330-300,KRİTİK,YOK,Yurtdışı tamir,44.0,4,1.27,1.11,5.6,0.95,2.0,3.0,5.0,3.0,5.0,0.0,0.0,42.8,False
PN-101442,79,OIL,AIRBUS,A320neo,KRİTİK,VAR,Yurtiçi tamir,5.0,49,12.25,2.59,124.6,0.95,3.0,3.0,16.0,5.0,37.0,0.041,5.1,42.8,False
PN-102724,73,ENGINE FUEL AND CONTROL,AIRBUS,A321neo,KRİTİK DEĞİL,YOK,Satınalma,22.0,25,6.25,2.96,73.1,0.9,3.0,4.0,11.0,8.0,27.0,0.0,0.0,42.8,False
PN-104692,80,STARTING,AIRBUS,A330-300,KRİTİK,YOK,Yurtdışı tamir,38.0,19,5.12,1.11,22.2,0.95,3.0,6.0,12.0,6.0,12.0,0.211,4.7,42.8,False
PN-101587,23,COMMUNICATIONS,AIRBUS,A350-900,KRİTİK,VAR,Yurtiçi tamir,6.0,5,1.06,3.75,15.7,0.95,1.0,2.0,4.0,2.0,6.0,0.0,0.0,42.8,False
PN-101229,28,FUEL,BOEING,737-800,KRİTİK,YOK,Yurtdışı tamir,41.0,41,10.25,0.56,22.2,0.95,3.0,9.0,20.0,6.0,12.0,0.024,0.5,42.8,False
PN-104991,35,OXYGEN,BOEING,787-9,KRİTİK DEĞİL,YOK,Satınalma,22.0,1,0.85,3.75,13.1,0.9,2.0,2.0,3.0,3.0,7.0,0.0,0.0,42.7,False
PN-102415,34,NAVIGATION,BOEING,737 MAX 8,KRİTİK DEĞİL,YOK,Satınalma,16.0,7,1.69,3.81,25.4,0.9,2.0,2.0,4.0,4.0,11.0,0.429,10.9,42.7,False
PN-103336,35,OXYGEN,BOEING,737 MAX 8,KRİTİK DEĞİL,YOK,Satınalma,12.0,13,2.4,3.81,35.5,0.9,2.0,2.0,5.0,4.0,13.0,0.077,2.7,42.7,False
PN-100238,29,HYDRAULIC POWER,BOEING,737-800,KRİTİK,YOK,Yurtdışı tamir,44.0,24,6.0,0.56,13.0,0.95,3.0,6.0,12.0,5.0,9.0,0.167,2.2,42.7,False
PN-102297,34,NAVIGATION,AIRBUS,A321neo,KRİTİK DEĞİL,YOK,Satınalma,35.0,19,3.17,2.96,37.3,0.9,3.0,4.0,8.0,7.0,17.0,0.0,0.0,42.7,False
PN-102322,29,HYDRAULIC POWER,BOEING,737-800,KRİTİK,YOK,Yurtdışı tamir,48.0,5,1.12,0.56,2.4,0.95,1.0,3.0,5.0,2.0,3.0,0.2,0.5,42.7,False
PN-100713,72,ENGINE,AIRBUS,A330-300,KRİTİK,YOK,Yurtdışı tamir,36.0,24,6.0,1.11,25.8,0.95,3.0,6.0,12.0,6.0,13.0,0.083,2.2,42.7,False
PN-103654,56,WINDOWS,AIRBUS,A321neo,KRİTİK DEĞİL,YOK,Satınalma,11.0,35,8.75,2.96,101.6,0.9,3.0,4.0,13.0,7.0,33.0,0.057,5.8,42.6,False
PN-103952,71,POWER PLANT,AIRBUS,A330-200,KRİTİK,YOK,Satınalma,39.0,0,0.0,1.33,0.0,0.95,0.0,0.0,0.0,0.0,0.0,0.0,0.0,42.6,False
PN-100744,73,ENGINE FUEL AND CONTROL,AIRBUS,A320-200,KRİTİK,YOK,Satınalma,36.0,54,13.5,0.64,33.9,0.95,4.0,10.0,24.0,8.0,17.0,0.13,4.4,42.6,False
PN-101721,72,ENGINE,AIRBUS,A319-100,KRİTİK,YOK,Satınalma,47.0,8,2.0,0.56,4.4,0.95,2.0,4.0,6.0,3.0,5.0,0.375,1.6,42.6,False
PN-100626,29,HYDRAULIC POWER,AIRBUS,A330-300,KRİTİK,YOK,Satınalma,38.0,19,4.75,1.11,20.3,0.95,3.0,5.0,10.0,6.0,12.0,0.0,0.0,42.6,False
PN-100537,24,ELECTRICAL POWER,AIRBUS,A319-100,KRİTİK,YOK,Yurtdışı tamir,29.0,97,24.25,0.56,52.6,0.95,4.0,13.0,38.0,9.0,23.0,0.072,3.8,42.6,False
PN-102151,29,HYDRAULIC POWER,BOEING,737-900ER,KRİTİK,YOK,Yurtdışı tamir,44.0,12,3.0,1.0,11.9,0.95,2.0,4.0,7.0,4.0,7.0,0.167,2.0,42.6,False
PN-101932,74,IGNITION,BOEING,737 MAX 8,KRİTİK DEĞİL,YOK,Yurtdışı tamir,17.0,6,1.39,3.81,20.3,0.9,2.0,2.0,4.0,3.0,9.0,0.167,3.4,42.5,False
PN-104916,23,COMMUNICATIONS,AIRBUS,A320neo,KRİTİK DEĞİL,YOK,Yurtdışı tamir,29.0,31,7.75,2.59,79.6,0.9,4.0,6.0,14.0,11.0,31.0,0.226,18.0,42.5,False
PN-100578,77,ENGINE INDICATING,AIRBUS,A350-900,KRİTİK DEĞİL,YOK,Satınalma,21.0,4,0.97,3.75,14.5,0.9,2.0,2.0,3.0,3.0,7.0,0.0,0.0,42.5,False
PN-103456,72,ENGINE,AIRBUS,A330-300,AOG KRİTİK,VAR,Yurtiçi tamir,15.0,35,8.75,1.11,38.2,0.98,3.0,5.0,14.0,5.0,15.0,0.143,5.5,42.5,False
PN-103012,22,AUTO FLIGHT,AIRBUS,A321neo,KRİTİK DEĞİL,YOK,Yurtdışı tamir,43.0,4,1.27,2.96,14.4,0.9,2.0,2.0,4.0,4.0,8.0,0.0,0.0,42.5,False
PN-101978,22,AUTO FLIGHT,BOEING,737 MAX 8,KRİTİK DEĞİL,YOK,Satınalma,21.0,3,0.65,3.81,9.6,0.9,1.0,2.0,3.0,2.0,5.0,0.333,3.2,42.5,False
PN-101637,52,DOORS,BOEING,737 MAX 8,KRİTİK,VAR,Yurtiçi tamir,4.0,3,0.85,3.81,13.3,0.95,1.0,2.0,3.0,2.0,6.0,0.0,0.0,42.5,False
PN-101294,79,OIL,AIRBUS,A330-300,KRİTİK,YOK,Yurtdışı tamir,44.0,2,0.53,1.11,2.3,0.95,1.0,2.0,3.0,2.0,3.0,0.5,1.1,42.5,False
PN-100743,28,FUEL,AIRBUS,A321-200,KRİTİK,YOK,Yurtdışı tamir,37.0,43,10.75,0.69,29.1,0.95,3.0,9.0,20.0,6.0,14.0,0.116,3.4,42.4,False
PN-104994,52,DOORS,BOEING,777-300ER,KRİTİK,YOK,Satınalma,21.0,13,3.25,1.67,21.6,0.95,2.0,3.0,7.0,4.0,10.0,0.385,8.3,42.4,False
PN-104939,29,HYDRAULIC POWER,BOEING,777-300ER,AOG KRİTİK,VAR,Yurtiçi tamir,10.0,6,1.47,1.67,9.6,0.98,2.0,2.0,4.0,3.0,6.0,0.0,0.0,42.4,False
PN-101949,29,HYDRAULIC POWER,AIRBUS,A319-100,AOG KRİTİK,VAR,Yurtiçi tamir,8.0,118,29.5,0.56,64.3,0.98,3.0,7.0,37.0,5.0,22.0,0.068,4.4,42.4,False
PN-102569,79,OIL,AIRBUS,A330-200,KRİTİK,YOK,Yurtdışı tamir,31.0,15,3.75,1.33,19.7,0.95,3.0,4.0,8.0,5.0,10.0,0.133,2.6,42.4,False
PN-101246,76,ENGINE CONTROLS,AIRBUS,A320neo,KRİTİK DEĞİL,YOK,Satınalma,43.0,16,4.0,2.59,40.7,0.9,3.0,4.0,8.0,8.0,19.0,0.0,0.0,42.4,False
PN-104854,22,AUTO FLIGHT,AIRBUS,A321neo,KRİTİK DEĞİL,YOK,Yurtdışı tamir,36.0,11,2.75,2.96,31.3,0.9,3.0,4.0,7.0,7.0,15.0,0.091,2.8,42.4,False
PN-102392,52,DOORS,AIRBUS,A321neo,KRİTİK DEĞİL,YOK,Satınalma,45.0,2,0.65,2.96,7.4,0.9,2.0,2.0,3.0,3.0,5.0,0.0,0.0,42.4,False
PN-103074,49,AIRBORNE AUXILIARY POWER (APU),AIRBUS,A321-200,KRİTİK,YOK,Yurtdışı tamir,40.0,30,7.5,0.69,20.2,0.95,3.0,7.0,15.0,6.0,12.0,0.233,4.7,42.4,False
PN-100044,22,AUTO FLIGHT,AIRBUS,A330-200,AOG KRİTİK,VAR,Yurtiçi tamir,11.0,24,6.0,1.33,31.7,0.98,3.0,3.0,9.0,4.0,12.0,0.042,1.3,42.4,False
PN-102476,35,OXYGEN,AIRBUS,A321neo,KRİTİK DEĞİL,YOK,Satınalma,29.0,17,4.25,2.96,50.2,0.9,3.0,4.0,9.0,7.0,20.0,0.176,8.9,42.4,False
PN-100938,34,NAVIGATION,AIRBUS,A319-100,KRİTİK,YOK,Yurtdışı tamir,43.0,23,5.75,0.56,12.3,0.95,2.0,6.0,12.0,4.0,8.0,0.087,1.1,42.4,False
PN-100351,22,AUTO FLIGHT,AIRBUS,A321neo,KRİTİK DEĞİL,YOK,Satınalma,39.0,9,2.0,2.96,23.3,0.9,3.0,3.0,5.0,6.0,12.0,0.222,5.2,42.4,True
PN-103451,22,AUTO FLIGHT,AIRBUS,A321neo,KRİTİK DEĞİL,YOK,Yurtdışı tamir,27.0,19,4.75,2.96,55.5,0.9,3.0,4.0,9.0,8.0,22.0,0.053,2.9,42.4,False
PN-100958,80,STARTING,AIRBUS,A319-100,KRİTİK,YOK,Yurtdışı tamir,43.0,23,5.75,0.56,12.7,0.95,3.0,6.0,12.0,5.0,9.0,0.0,0.0,42.4,False
PN-104356,80,STARTING,AIRBUS,A320neo,KRİTİK DEĞİL,YOK,Satınalma,21.0,39,9.75,2.59,100.3,0.9,4.0,5.0,15.0,10.0,36.0,0.128,12.9,42.4,False
PN-102639,76,ENGINE CONTROLS,BOEING,737 MAX 8,KRİTİK DEĞİL,YOK,Satınalma,24.0,0,0.0,3.81,0.0,0.9,0.0,0.0,0.0,0.0,0.0,0.0,0.0,42.4,False
PN-103921,49,AIRBORNE AUXILIARY POWER (APU),AIRBUS,A330-200,KRİTİK,YOK,Satınalma,32.0,12,3.0,1.33,15.8,0.95,2.0,4.0,7.0,4.0,8.0,0.083,1.3,42.3,False
PN-100727,23,COMMUNICATIONS,AIRBUS,A320neo,KRİTİK DEĞİL,YOK,Satınalma,30.0,29,7.25,2.59,74.1,0.9,4.0,5.0,13.0,11.0,30.0,0.103,7.7,42.3,False
PN-101415,73,ENGINE FUEL AND CONTROL,AIRBUS,A321-200,KRİTİK,YOK,Yurtdışı tamir,40.0,28,7.0,0.69,19.1,0.95,3.0,7.0,14.0,6.0,11.0,0.143,2.7,42.3,False
PN-104973,73,ENGINE FUEL AND CONTROL,AIRBUS,A321neo,KRİTİK DEĞİL,YOK,Yurtdışı tamir,27.0,19,4.75,2.96,55.3,0.9,3.0,4.0,9.0,8.0,22.0,0.0,0.0,42.3,False
PN-103879,22,AUTO FLIGHT,AIRBUS,A321neo,KRİTİK DEĞİL,YOK,Satınalma,42.0,5,1.25,2.96,14.2,0.9,2.0,2.0,4.0,4.0,8.0,0.2,2.8,42.3,False
PN-100592,27,FLIGHT CONTROLS,BOEING,737 MAX 8,KRİTİK DEĞİL,YOK,Satınalma,20.0,3,0.65,3.81,9.8,0.9,1.0,2.0,3.0,2.0,5.0,0.0,0.0,42.3,False
PN-100903,76,ENGINE CONTROLS,BOEING,777-300ER,KRİTİK,YOK,Satınalma,15.0,23,5.75,1.67,37.1,0.95,3.0,3.0,9.0,5.0,15.0,0.0,0.0,42.3,False
PN-103139,34,NAVIGATION,AIRBUS,A330-300,KRİTİK,YOK,Yurtdışı tamir,37.0,18,4.5,1.11,19.6,0.95,3.0,5.0,10.0,5.0,10.0,0.0,0.0,42.3,False
PN-102989,32,LANDING GEAR,BOEING,737-800,KRİTİK,YOK,Satınalma,45.0,12,3.0,0.56,6.6,0.95,2.0,5.0,8.0,3.0,5.0,0.0,0.0,42.3,False
PN-102838,26,FIRE PROTECTION,BOEING,737 MAX 8,KRİTİK DEĞİL,YOK,Satınalma,10.0,10,2.5,3.81,37.4,0.9,2.0,2.0,5.0,4.0,14.0,0.0,0.0,42.3,False
PN-102734,32,LANDING GEAR,BOEING,737-800,KRİTİK,YOK,Satınalma,39.0,40,10.0,0.56,22.1,0.95,3.0,9.0,19.0,6.0,12.0,0.225,5.0,42.3,False
PN-102201,21,AIR CONDITIONING,AIRBUS,A321neo,KRİTİK,VAR,Yurtiçi tamir,10.0,20,5.0,2.96,58.3,0.95,3.0,3.0,8.0,5.0,20.0,0.2,11.7,42.3,False
PN-100131,36,PNEUMATIC,AIRBUS,A330-200,KRİTİK,YOK,Yurtdışı tamir,26.0,24,6.0,1.33,31.2,0.95,3.0,5.0,11.0,6.0,14.0,0.125,3.9,42.2,False
PN-102709,76,ENGINE CONTROLS,AIRBUS,A320-200,KRİTİK,YOK,Satınalma,38.0,38,9.5,0.64,24.1,0.95,3.0,8.0,18.0,6.0,13.0,0.158,3.8,42.2,False
PN-104116,21,AIR CONDITIONING,AIRBUS,A321neo,KRİTİK DEĞİL,YOK,Yurtdışı tamir,28.0,18,4.5,2.96,51.6,0.9,3.0,4.0,9.0,7.0,20.0,0.167,8.6,42.2,False
PN-101044,71,POWER PLANT,AIRBUS,A321-200,KRİTİK,YOK,Satınalma,43.0,16,4.0,0.69,10.9,0.95,2.0,5.0,9.0,4.0,7.0,0.062,0.7,42.2,False
PN-102314,26,FIRE PROTECTION,AIRBUS,A321neo,KRİTİK DEĞİL,YOK,Satınalma,18.0,27,6.75,2.96,77.6,0.9,3.0,4.0,11.0,7.0,27.0,0.037,2.9,42.2,False
PN-102156,32,LANDING GEAR,BOEING,777-300ER,AOG KRİTİK,VAR,Yurtiçi tamir,7.0,9,2.39,1.67,15.6,0.98,2.0,2.0,5.0,3.0,7.0,0.222,3.5,42.2,False
PN-104409,29,HYDRAULIC POWER,AIRBUS,A321-200,KRİTİK,YOK,Yurtdışı tamir,45.0,8,2.0,0.69,5.3,0.95,2.0,3.0,5.0,3.0,5.0,0.0,0.0,42.2,False
PN-100272,24,ELECTRICAL POWER,BOEING,777-300ER,AOG KRİTİK,VAR,Yurtiçi tamir,9.0,6,1.5,1.67,9.7,0.98,2.0,2.0,4.0,3.0,6.0,0.0,0.0,42.2,False
PN-100064,31,INDICATING / RECORDING SYSTEMS,AIRBUS,A350-900,KRİTİK DEĞİL,YOK,Satınalma,17.0,6,1.5,3.75,21.9,0.9,2.0,2.0,4.0,4.0,10.0,0.0,0.0,42.2,False
PN-104903,71,POWER PLANT,AIRBUS,A330-200,KRİTİK,YOK,Yurtdışı tamir,32.0,11,2.75,1.33,14.4,0.95,2.0,3.0,6.0,4.0,8.0,0.364,5.3,42.1,False
PN-100394,71,POWER PLANT,BOEING,787-9,KRİTİK DEĞİL,YOK,Satınalma,18.0,7,1.2,3.75,17.7,0.9,2.0,2.0,4.0,3.0,8.0,0.0,0.0,42.1,False
PN-100227,49,AIRBORNE AUXILIARY POWER (APU),AIRBUS,A320-200,KRİTİK,YOK,Yurtdışı tamir,45.0,10,1.74,0.64,4.3,0.95,2.0,3.0,5.0,3.0,5.0,0.1,0.4,42.1,False
PN-102091,29,HYDRAULIC POWER,AIRBUS,A330-200,KRİTİK,YOK,Yurtdışı tamir,31.0,13,3.25,1.33,16.6,0.95,2.0,4.0,8.0,4.0,9.0,0.385,6.4,42.1,False
PN-100522,25,EQUIPMENT / FURNISHINGS,AIRBUS,A321neo,KRİTİK DEĞİL,YOK,Satınalma,21.0,24,6.0,2.96,69.1,0.9,3.0,4.0,10.0,7.0,25.0,0.25,17.3,42.1,False
PN-102174,27,FLIGHT CONTROLS,BOEING,737-800,KRİTİK,YOK,Yurtdışı tamir,46.0,4,0.74,0.56,1.6,0.95,1.0,3.0,4.0,2.0,3.0,0.25,0.4,42.1,False
PN-103376,35,OXYGEN,AIRBUS,A350-900,KRİTİK,VAR,Yurtiçi tamir,3.0,4,1.1,3.75,16.5,0.95,1.0,2.0,4.0,2.0,7.0,0.0,0.0,42.1,False
PN-102308,29,HYDRAULIC POWER,AIRBUS,A321neo,KRİTİK,VAR,Yurtiçi tamir,7.0,22,5.5,2.96,63.2,0.95,2.0,3.0,9.0,4.0,20.0,0.045,2.9,42.0,False
PN-103308,21,AIR CONDITIONING,AIRBUS,A320-200,KRİTİK,YOK,Yurtdışı tamir,40.0,26,6.5,0.64,16.2,0.95,3.0,6.0,13.0,5.0,10.0,0.038,0.6,42.0,False
PN-104424,29,HYDRAULIC POWER,AIRBUS,A321-200,KRİTİK,YOK,Satınalma,40.0,24,6.0,0.69,16.3,0.95,3.0,6.0,12.0,5.0,10.0,0.042,0.7,42.0,False
PN-102622,23,COMMUNICATIONS,AIRBUS,A321neo,KRİTİK,VAR,Yurtiçi tamir,12.0,17,4.25,2.96,49.6,0.95,3.0,3.0,8.0,5.0,18.0,0.0,0.0,42.0,False
PN-104350,49,AIRBORNE AUXILIARY POWER (APU),BOEING,787-9,KRİTİK DEĞİL,YOK,Satınalma,12.0,9,2.25,3.75,32.7,0.9,2.0,2.0,5.0,4.0,13.0,0.111,3.6,42.0,False
PN-104112,24,ELECTRICAL POWER,AIRBUS,A330-200,AOG KRİTİK,VAR,Yurtiçi tamir,7.0,29,7.25,1.33,38.0,0.98,2.0,3.0,11.0,3.0,13.0,0.0,0.0,42.0,False
PN-102738,34,NAVIGATION,AIRBUS,A321neo,KRİTİK DEĞİL,YOK,Satınalma,32.0,13,3.25,2.96,38.0,0.9,3.0,4.0,8.0,7.0,17.0,0.154,5.8,42.0,False
PN-101290,27,FLIGHT CONTROLS,AIRBUS,A320neo,KRİTİK DEĞİL,YOK,Yurtdışı tamir,50.0,2,1.7,2.59,17.5,0.9,2.0,3.0,5.0,5.0,10.0,0.0,0.0,42.0,False
PN-100112,36,PNEUMATIC,AIRBUS,A330-200,KRİTİK,YOK,Yurtdışı tamir,30.0,14,3.5,1.33,18.3,0.95,3.0,4.0,8.0,5.0,10.0,0.0,0.0,42.0,False
PN-104610,23,COMMUNICATIONS,BOEING,777-F,KRİTİK DEĞİL,YOK,Satınalma,20.0,96,24.0,2.5,236.7,0.9,5.0,9.0,33.0,18.0,78.0,0.146,34.5,42.0,False
PN-100550,73,ENGINE FUEL AND CONTROL,BOEING,777-300ER,KRİTİK,YOK,Satınalma,21.0,11,2.75,1.67,17.6,0.95,2.0,3.0,6.0,4.0,9.0,0.0,0.0,42.0,False
PN-103338,76,ENGINE CONTROLS,AIRBUS,A321neo,KRİTİK DEĞİL,YOK,Satınalma,33.0,11,3.06,2.96,35.7,0.9,3.0,4.0,8.0,7.0,16.0,0.091,3.2,42.0,False
PN-101968,74,IGNITION,BOEING,787-9,KRİTİK DEĞİL,YOK,Satınalma,24.0,0,0.0,3.75,0.0,0.9,0.0,0.0,0.0,0.0,0.0,0.0,0.0,41.9,False
PN-103480,73,ENGINE FUEL AND CONTROL,AIRBUS,A330-200,KRİTİK,YOK,Yurtdışı tamir,35.0,4,0.79,1.33,4.1,0.95,2.0,2.0,3.0,3.0,5.0,0.25,1.0,41.9,False
PN-103322,73,ENGINE FUEL AND CONTROL,BOEING,737-800,KRİTİK,YOK,Yurtdışı tamir,32.0,68,17.0,0.56,36.6,0.95,3.0,11.0,28.0,7.0,17.0,0.059,2.2,41.9,False
PN-100965,49,AIRBORNE AUXILIARY POWER (APU),BOEING,737-900ER,KRİTİK,YOK,Satınalma,40.0,16,4.0,1.0,15.4,0.95,3.0,5.0,9.0,5.0,9.0,0.0,0.0,41.9,False
PN-102615,56,WINDOWS,BOEING,777-300ER,KRİTİK,YOK,Yurtdışı tamir,27.0,0,0.0,1.67,0.0,0.95,0.0,0.0,0.0,0.0,0.0,0.0,0.0,41.9,False
PN-100918,27,FLIGHT CONTROLS,AIRBUS,A319-100,KRİTİK,YOK,Yurtdışı tamir,43.0,13,3.25,0.56,7.1,0.95,2.0,5.0,9.0,3.0,5.0,0.077,0.5,41.9,False
PN-102920,29,HYDRAULIC POWER,AIRBUS,A321-200,KRİTİK,YOK,Satınalma,43.0,11,2.75,0.69,7.5,0.95,2.0,4.0,7.0,3.0,5.0,0.0,0.0,41.9,False
PN-100724,73,ENGINE FUEL AND CONTROL,AIRBUS,A320-200,KRİTİK,YOK,Satınalma,29.0,71,17.75,0.64,44.6,0.95,4.0,10.0,28.0,8.0,20.0,0.042,1.9,41.9,False
PN-104812,35,OXYGEN,AIRBUS,A321neo,KRİTİK DEĞİL,YOK,Yurtdışı tamir,42.0,3,0.85,2.96,9.9,0.9,2.0,2.0,3.0,4.0,7.0,0.0,0.0,41.9,True
PN-101531,21,AIR CONDITIONING,AIRBUS,A321-200,KRİTİK,YOK,Satınalma,43.0,11,2.75,0.69,7.6,0.95,2.0,4.0,7.0,3.0,5.0,0.273,2.1,41.9,False
PN-103637,34,NAVIGATION,AIRBUS,A320neo,KRİTİK DEĞİL,YOK,Satınalma,25.0,33,8.25,2.59,83.7,0.9,4.0,5.0,14.0,10.0,31.0,0.061,5.1,41.9,False
PN-101760,31,INDICATING / RECORDING SYSTEMS,BOEING,777-F,KRİTİK DEĞİL,YOK,Satınalma,53.0,6,1.6,2.5,15.4,0.9,2.0,3.0,5.0,5.0,9.0,0.167,2.6,41.9,False
PN-101226,23,COMMUNICATIONS,BOEING,787-9,KRİTİK DEĞİL,YOK,Satınalma,21.0,2,0.5,3.75,7.2,0.9,1.0,2.0,3.0,2.0,4.0,0.5,3.6,41.9,False
PN-100528,77,ENGINE INDICATING,AIRBUS,A350-900,KRİTİK DEĞİL,YOK,Yurtdışı tamir,17.0,7,1.15,3.75,16.9,0.9,2.0,2.0,4.0,3.0,8.0,0.0,0.0,41.8,False
PN-104379,79,OIL,AIRBUS,A320-200,KRİTİK,YOK,Yurtdışı tamir,44.0,6,1.5,0.64,3.7,0.95,2.0,3.0,5.0,3.0,4.0,0.167,0.6,41.8,False
PN-104524,73,ENGINE FUEL AND CONTROL,AIRBUS,A320-200,KRİTİK,YOK,Yurtdışı tamir,42.0,15,3.75,0.64,9.4,0.95,2.0,5.0,9.0,4.0,7.0,0.133,1.2,41.8,False
PN-101602,74,IGNITION,AIRBUS,A330-300,KRİTİK,YOK,Satınalma,36.0,16,4.0,1.11,17.2,0.95,3.0,5.0,9.0,5.0,10.0,0.062,1.1,41.8,False
PN-101781,29,HYDRAULIC POWER,AIRBUS,A321-200,KRİTİK,YOK,Yurtdışı tamir,43.0,9,2.25,0.69,6.1,0.95,2.0,4.0,7.0,3.0,5.0,0.0,0.0,41.8,False
PN-102356,31,INDICATING / RECORDING SYSTEMS,AIRBUS,A321neo,KRİTİK DEĞİL,YOK,Yurtdışı tamir,43.0,2,0.53,2.96,6.3,0.9,2.0,2.0,3.0,3.0,5.0,0.5,3.1,41.8,False
PN-104567,71,POWER PLANT,BOEING,777-F,KRİTİK DEĞİL,YOK,Yurtdışı tamir,19.0,50,12.5,2.5,122.9,0.9,4.0,6.0,19.0,11.0,42.0,0.04,4.9,41.8,False
PN-103285,34,NAVIGATION,BOEING,737-800,KRİTİK,YOK,Yurtdışı tamir,38.0,36,9.0,0.56,19.4,0.95,3.0,8.0,17.0,6.0,11.0,0.083,1.6,41.8,False
PN-101590,72,ENGINE,AIRBUS,A320-200,KRİTİK,YOK,Satınalma,41.0,19,4.75,0.64,11.9,0.95,2.0,6.0,11.0,4.0,7.0,0.105,1.2,41.8,False
PN-101107,77,ENGINE INDICATING,AIRBUS,A320neo,KRİTİK DEĞİL,YOK,Satınalma,39.0,18,4.5,2.59,45.5,0.9,3.0,4.0,9.0,8.0,20.0,0.167,7.6,41.8,False
PN-102638,24,ELECTRICAL POWER,AIRBUS,A320neo,KRİTİK,VAR,Yurtiçi tamir,9.0,33,8.25,2.59,83.6,0.95,3.0,3.0,12.0,6.0,27.0,0.152,12.7,41.8,False
PN-104981,79,OIL,BOEING,777-300ER,KRİTİK,YOK,Yurtdışı tamir,24.0,5,0.91,1.67,6.1,0.95,2.0,2.0,3.0,3.0,5.0,0.2,1.2,41.7,False
PN-103623,32,LANDING GEAR,AIRBUS,A321-200,KRİTİK,YOK,Yurtdışı tamir,36.0,35,8.75,0.69,24.0,0.95,3.0,8.0,17.0,6.0,12.0,0.057,1.4,41.7,False
PN-101701,25,EQUIPMENT / FURNISHINGS,BOEING,737-900ER,KRİTİK,YOK,Yurtdışı tamir,44.0,3,0.57,1.0,2.2,0.95,1.0,2.0,3.0,2.0,3.0,0.0,0.0,41.7,False
PN-100459,23,COMMUNICATIONS,BOEING,777-300ER,KRİTİK,YOK,Yurtdışı tamir,21.0,9,2.25,1.67,14.9,0.95,2.0,3.0,6.0,3.0,7.0,0.0,0.0,41.7,False
PN-100529,77,ENGINE INDICATING,AIRBUS,A321-200,KRİTİK,YOK,Yurtdışı tamir,40.0,20,5.0,0.69,13.8,0.95,3.0,6.0,11.0,5.0,9.0,0.1,1.4,41.7,False
PN-100018,74,IGNITION,AIRBUS,A330-300,KRİTİK,YOK,Satınalma,19.0,57,14.25,1.11,61.9,0.95,3.0,6.0,21.0,7.0,23.0,0.07,4.3,41.7,False
PN-103718,56,WINDOWS,AIRBUS,A320neo,KRİTİK DEĞİL,YOK,Satınalma,16.0,88,22.0,2.59,223.8,0.9,5.0,7.0,29.0,15.0,71.0,0.08,17.8,41.7,False
PN-101160,49,AIRBORNE AUXILIARY POWER (APU),AIRBUS,A320neo,KRİTİK DEĞİL,YOK,Yurtdışı tamir,54.0,1,0.42,2.59,4.2,0.9,2.0,2.0,3.0,3.0,5.0,0.0,0.0,41.7,False
PN-104020,24,ELECTRICAL POWER,BOEING,787-9,KRİTİK,VAR,Yurtiçi tamir,5.0,2,0.42,3.75,6.3,0.95,1.0,2.0,3.0,2.0,4.0,0.5,3.2,41.7,False
PN-100611,34,NAVIGATION,AIRBUS,A320neo,KRİTİK DEĞİL,YOK,Yurtdışı tamir,46.0,10,2.5,2.59,25.6,0.9,3.0,4.0,7.0,7.0,14.0,0.3,7.7,41.7,False
PN-103022,31,INDICATING / RECORDING SYSTEMS,AIRBUS,A321neo,KRİTİK DEĞİL,YOK,Satınalma,29.0,15,3.75,2.96,43.5,0.9,3.0,4.0,8.0,7.0,18.0,0.267,11.6,41.7,False
PN-102189,49,AIRBORNE AUXILIARY POWER (APU),BOEING,737-800,KRİTİK,YOK,Yurtdışı tamir,41.0,20,5.0,0.56,10.9,0.95,2.0,6.0,11.0,4.0,7.0,0.1,1.1,41.7,False
PN-102876,56,WINDOWS,AIRBUS,A320neo,KRİTİK DEĞİL,YOK,Yurtdışı tamir,16.0,74,18.5,2.59,186.1,0.9,4.0,7.0,26.0,13.0,60.0,0.149,27.7,41.7,False
PN-101753,31,INDICATING / RECORDING SYSTEMS,AIRBUS,A330-200,KRİTİK,YOK,Yurtdışı tamir,34.0,3,0.57,1.33,3.0,0.95,1.0,2.0,3.0,2.0,3.0,0.0,0.0,41.6,False
PN-100427,73,ENGINE FUEL AND CONTROL,AIRBUS,A330-300,KRİTİK,YOK,Yurtdışı tamir,40.0,5,0.81,1.11,3.7,0.95,2.0,2.0,3.0,3.0,4.0,0.4,1.5,41.6,False
PN-101010,27,FLIGHT CONTROLS,BOEING,777-F,KRİTİK,VAR,Yurtiçi tamir,20.0,24,6.0,2.5,59.0,0.95,3.0,4.0,10.0,7.0,22.0,0.083,4.9,41.6,False
PN-104502,80,STARTING,AIRBUS,A330-300,KRİTİK,YOK,Satınalma,18.0,58,14.5,1.11,63.5,0.95,3.0,6.0,21.0,7.0,23.0,0.052,3.3,41.6,False
PN-100568,52,DOORS,BOEING,737-800,KRİTİK,YOK,Satınalma,38.0,32,8.0,0.56,17.7,0.95,3.0,8.0,16.0,5.0,10.0,0.062,1.1,41.6,False
PN-104076,80,STARTING,AIRBUS,A321neo,KRİTİK DEĞİL,YOK,Yurtdışı tamir,41.0,3,0.85,2.96,9.7,0.9,2.0,2.0,3.0,4.0,7.0,0.0,0.0,41.6,True
PN-102847,31,INDICATING / RECORDING SYSTEMS,BOEING,737-800,KRİTİK,YOK,Yurtdışı tamir,42.0,14,2.97,0.56,6.4,0.95,2.0,4.0,7.0,3.0,5.0,0.143,0.9,41.6,False
PN-101658,74,IGNITION,AIRBUS,A321neo,KRİTİK DEĞİL,YOK,Yurtdışı tamir,42.0,3,0.65,2.96,7.4,0.9,2.0,2.0,3.0,3.0,5.0,0.0,0.0,41.6,False
PN-102370,22,AUTO FLIGHT,AIRBUS,A321neo,KRİTİK DEĞİL,YOK,Yurtdışı tamir,38.0,4,1.57,2.96,18.2,0.9,2.0,3.0,5.0,4.0,9.0,0.25,4.5,41.6,False
PN-100691,73,ENGINE FUEL AND CONTROL,AIRBUS,A319-100,KRİTİK,YOK,Yurtdışı tamir,42.0,13,3.25,0.56,7.0,0.95,2.0,5.0,9.0,3.0,5.0,0.077,0.5,41.6,False
PN-102280,72,ENGINE,AIRBUS,A321-200,KRİTİK,YOK,Satınalma,37.0,29,7.25,0.69,19.5,0.95,3.0,6.0,14.0,5.0,10.0,0.0,0.0,41.5,False
PN-104611,29,HYDRAULIC POWER,AIRBUS,A330-300,KRİTİK,YOK,Yurtdışı tamir,37.0,10,2.5,1.11,11.0,0.95,2.0,4.0,7.0,4.0,7.0,0.0,0.0,41.5,False
PN-101974,36,PNEUMATIC,AIRBUS,A330-200,KRİTİK,YOK,Satınalma,26.0,18,4.5,1.33,23.9,0.95,3.0,4.0,9.0,5.0,11.0,0.056,1.3,41.5,False
PN-103600,32,LANDING GEAR,AIRBUS,A330-300,KRİTİK,YOK,Satınalma,39.0,5,1.25,1.11,5.3,0.95,2.0,3.0,5.0,3.0,5.0,0.4,2.1,41.5,False
PN-103505,77,ENGINE INDICATING,AIRBUS,A330-200,KRİTİK,YOK,Satınalma,28.0,14,3.5,1.33,18.2,0.95,2.0,4.0,8.0,4.0,9.0,0.429,7.8,41.5,False
PN-101028,36,PNEUMATIC,BOEING,737 MAX 8,KRİTİK DEĞİL,YOK,Satınalma,14.0,5,1.25,3.81,18.3,0.9,2.0,2.0,4.0,3.0,8.0,0.0,0.0,41.5,False
PN-101373,31,INDICATING / RECORDING SYSTEMS,AIRBUS,A320-200,KRİTİK,YOK,Satınalma,43.0,4,1.03,0.64,2.6,0.95,1.0,3.0,5.0,2.0,3.0,0.0,0.0,41.5,False
PN-100435,24,ELECTRICAL POWER,AIRBUS,A321neo,KRİTİK DEĞİL,YOK,Yurtdışı tamir,29.0,14,3.5,2.96,40.6,0.9,3.0,4.0,8.0,7.0,18.0,0.0,0.0,41.5,False
PN-100337,29,HYDRAULIC POWER,AIRBUS,A320neo,KRİTİK DEĞİL,YOK,Yurtdışı tamir,38.0,18,4.5,2.59,45.0,0.9,3.0,4.0,9.0,8.0,20.0,0.056,2.5,41.5,False
PN-101620,27,FLIGHT CONTROLS,BOEING,777-F,KRİTİK DEĞİL,YOK,Satınalma,22.0,39,9.75,2.5,95.0,0.9,4.0,5.0,15.0,10.0,34.0,0.077,7.3,41.5,False
PN-100535,24,ELECTRICAL POWER,BOEING,737-800,KRİTİK,YOK,Yurtdışı tamir,38.0,30,7.5,0.56,16.3,0.95,3.0,7.0,15.0,5.0,10.0,0.033,0.5,41.5,False
PN-103264,35,OXYGEN,AIRBUS,A321neo,KRİTİK,VAR,Yurtiçi tamir,18.0,10,2.5,2.96,28.4,0.95,2.0,3.0,6.0,4.0,12.0,0.0,0.0,41.5,False
PN-100917,73,ENGINE FUEL AND CONTROL,BOEING,737-900ER,KRİTİK,YOK,Satınalma,39.0,14,3.5,1.0,13.5,0.95,2.0,5.0,9.0,4.0,8.0,0.0,0.0,41.5,False
PN-102944,74,IGNITION,BOEING,787-9,KRİTİK DEĞİL,YOK,Satınalma,12.0,7,1.75,3.75,26.5,0.9,2.0,2.0,4.0,3.0,10.0,0.0,0.0,41.4,False
PN-101198,73,ENGINE FUEL AND CONTROL,AIRBUS,A319-100,KRİTİK,YOK,Satınalma,43.0,5,0.81,0.56,1.8,0.95,1.0,3.0,4.0,2.0,3.0,0.2,0.4,41.4,False
PN-103561,25,EQUIPMENT / FURNISHINGS,AIRBUS,A321neo,KRİTİK DEĞİL,YOK,Satınalma,41.0,3,0.72,2.96,8.2,0.9,2.0,2.0,3.0,3.0,6.0,0.0,0.0,41.4,False
PN-101994,72,ENGINE,AIRBUS,A320neo,KRİTİK DEĞİL,YOK,Yurtdışı tamir,52.0,3,0.57,2.59,5.8,0.9,2.0,2.0,3.0,3.0,5.0,0.0,0.0,41.4,False
PN-100730,71,POWER PLANT,AIRBUS,A321neo,KRİTİK DEĞİL,YOK,Satınalma,19.0,23,5.75,2.96,67.0,0.9,3.0,4.0,10.0,7.0,24.0,0.217,14.6,41.4,False
PN-104937,49,AIRBORNE AUXILIARY POWER (APU),AIRBUS,A321-200,KRİTİK,YOK,Yurtdışı tamir,38.0,22,5.5,0.69,14.9,0.95,3.0,6.0,12.0,5.0,9.0,0.091,1.4,41.3,False
PN-103697,31,INDICATING / RECORDING SYSTEMS,AIRBUS,A320-200,KRİTİK,YOK,Yurtdışı tamir,42.0,8,1.52,0.64,3.9,0.95,2.0,3.0,5.0,3.0,4.0,0.25,1.0,41.3,False
PN-104828,77,ENGINE INDICATING,AIRBUS,A320neo,KRİTİK DEĞİL,YOK,Satınalma,29.0,26,6.5,2.59,66.3,0.9,3.0,5.0,12.0,9.0,26.0,0.038,2.6,41.3,False
PN-102140,71,POWER PLANT,AIRBUS,A320neo,KRİTİK DEĞİL,YOK,Yurtdışı tamir,35.0,20,5.0,2.59,50.7,0.9,3.0,4.0,9.0,8.0,21.0,0.0,0.0,41.3,False
PN-103708,34,NAVIGATION,AIRBUS,A319-100,KRİTİK,YOK,Yurtdışı tamir,31.0,62,15.5,0.56,33.6,0.95,3.0,10.0,26.0,6.0,15.0,0.081,2.7,41.3,False
PN-103299,73,ENGINE FUEL AND CONTROL,AIRBUS,A321-200,KRİTİK,YOK,Satınalma,37.0,26,6.5,0.69,17.6,0.95,3.0,6.0,13.0,5.0,10.0,0.154,2.7,41.3,False
PN-103368,32,LANDING GEAR,AIRBUS,A320-200,KRİTİK,YOK,Satınalma,33.0,44,11.0,0.64,27.6,0.95,3.0,8.0,19.0,6.0,13.0,0.091,2.5,41.3,False
PN-103053,30,ICE & RAIN PROTECTION,AIRBUS,A320-200,KRİTİK,YOK,Satınalma,31.0,53,13.25,0.64,33.5,0.95,3.0,9.0,23.0,6.0,15.0,0.094,3.2,41.3,False
PN-102665,35,OXYGEN,BOEING,737-800,KRİTİK,YOK,Yurtdışı tamir,43.0,1,0.28,0.56,0.6,0.95,1.0,2.0,3.0,2.0,3.0,1.0,0.6,41.3,False
PN-101501,27,FLIGHT CONTROLS,AIRBUS,A321-200,KRİTİK,YOK,Satınalma,38.0,20,5.0,0.69,13.7,0.95,2.0,6.0,11.0,4.0,8.0,0.1,1.4,41.2,False
PN-104833,27,FLIGHT CONTROLS,BOEING,737-800,KRİTİK,YOK,Yurtdışı tamir,38.0,24,6.0,0.56,13.1,0.95,2.0,6.0,12.0,4.0,8.0,0.25,3.3,41.2,False
PN-104159,21,AIR CONDITIONING,AIRBUS,A321neo,KRİTİK,VAR,Yurtiçi tamir,9.0,17,4.25,2.96,49.8,0.95,2.0,3.0,8.0,4.0,17.0,0.235,11.7,41.2,False
PN-102190,30,ICE & RAIN PROTECTION,AIRBUS,A321neo,KRİTİK DEĞİL,YOK,Satınalma,15.0,26,6.5,2.96,75.2,0.9,3.0,4.0,11.0,7.0,26.0,0.154,11.6,41.2,False
PN-102184,52,DOORS,BOEING,787-9,KRİTİK DEĞİL,YOK,Satınalma,18.0,2,0.57,3.75,8.5,0.9,1.0,2.0,3.0,2.0,5.0,0.5,4.2,41.2,False
PN-104705,27,FLIGHT CONTROLS,AIRBUS,A321neo,KRİTİK,VAR,Yurtiçi tamir,4.0,22,5.5,2.96,63.4,0.95,2.0,2.0,8.0,3.0,19.0,0.227,14.4,41.2,False
PN-101035,72,ENGINE,BOEING,737-900ER,KRİTİK,YOK,Yurtdışı tamir,34.0,25,6.25,1.0,24.5,0.95,3.0,6.0,13.0,6.0,13.0,0.2,4.9,41.2,False
PN-102851,31,INDICATING / RECORDING SYSTEMS,BOEING,737-800,KRİTİK,YOK,Yurtdışı tamir,41.0,10,2.5,0.56,5.6,0.95,2.0,4.0,7.0,3.0,5.0,0.2,1.1,41.2,False
PN-101814,76,ENGINE CONTROLS,AIRBUS,A319-100,KRİTİK,YOK,Satınalma,38.0,25,6.25,0.56,13.6,0.95,2.0,6.0,13.0,4.0,8.0,0.0,0.0,41.2,False
PN-100098,52,DOORS,BOEING,777-F,KRİTİK DEĞİL,YOK,Satınalma,38.0,20,5.0,2.5,48.9,0.9,3.0,5.0,10.0,9.0,22.0,0.15,7.3,41.2,False
PN-101466,52,DOORS,AIRBUS,A330-200,KRİTİK,YOK,Satınalma,27.0,13,3.25,1.33,16.8,0.95,2.0,3.0,7.0,4.0,9.0,0.077,1.3,41.1,False
PN-102167,74,IGNITION,AIRBUS,A321-200,KRİTİK,YOK,Satınalma,41.0,7,1.75,0.69,4.8,0.95,2.0,3.0,5.0,3.0,5.0,0.0,0.0,41.1,False
PN-100841,56,WINDOWS,BOEING,737 MAX 8,KRİTİK DEĞİL,YOK,Satınalma,11.0,6,1.5,3.81,22.2,0.9,2.0,2.0,4.0,3.0,9.0,0.333,7.4,41.1,False
PN-102246,36,PNEUMATIC,AIRBUS,A321neo,KRİTİK DEĞİL,YOK,Satınalma,30.0,12,3.0,2.96,34.5,0.9,3.0,3.0,6.0,6.0,15.0,0.167,5.8,41.1,False
PN-104030,36,PNEUMATIC,AIRBUS,A320neo,KRİTİK DEĞİL,YOK,Yurtdışı tamir,40.0,14,3.5,2.59,35.4,0.9,3.0,4.0,8.0,7.0,16.0,0.143,5.1,41.1,False
PN-101703,26,FIRE PROTECTION,AIRBUS,A350-900,KRİTİK DEĞİL,YOK,Satınalma,17.0,4,0.69,3.75,10.1,0.9,1.0,2.0,3.0,2.0,5.0,0.0,0.0,41.1,False
PN-103703,77,ENGINE INDICATING,AIRBUS,A320-200,KRİTİK,YOK,Yurtdışı tamir,37.0,23,5.75,0.64,14.4,0.95,2.0,6.0,12.0,4.0,8.0,0.13,1.9,41.0,False
PN-100759,71,POWER PLANT,AIRBUS,A319-100,KRİTİK,YOK,Satınalma,30.0,62,15.5,0.56,33.2,0.95,3.0,10.0,26.0,6.0,15.0,0.097,3.2,41.0,False
PN-101384,31,INDICATING / RECORDING SYSTEMS,BOEING,787-9,KRİTİK DEĞİL,YOK,Satınalma,17.0,2,0.65,3.75,9.4,0.9,1.0,2.0,3.0,2.0,5.0,0.5,4.7,41.0,False
PN-101795,26,FIRE PROTECTION,AIRBUS,A321neo,KRİTİK DEĞİL,YOK,Yurtdışı tamir,24.0,17,4.25,2.96,49.2,0.9,3.0,4.0,9.0,7.0,20.0,0.059,2.9,41.0,False
PN-101435,23,COMMUNICATIONS,AIRBUS,A320neo,KRİTİK DEĞİL,YOK,Yurtdışı tamir,52.0,1,0.21,2.59,2.1,0.9,1.0,2.0,3.0,2.0,3.0,0.0,0.0,41.0,False
PN-104358,56,WINDOWS,AIRBUS,A320neo,KRİTİK DEĞİL,YOK,Satınalma,22.0,32,8.0,2.59,82.0,0.9,3.0,4.0,12.0,8.0,29.0,0.062,5.1,41.0,False
PN-100618,22,AUTO FLIGHT,AIRBUS,A320neo,KRİTİK DEĞİL,YOK,Satınalma,36.0,9,4.34,2.59,44.5,0.9,3.0,4.0,9.0,8.0,20.0,0.222,9.9,41.0,False
PN-100875,35,OXYGEN,AIRBUS,A321neo,KRİTİK DEĞİL,YOK,Satınalma,26.0,15,3.75,2.96,43.5,0.9,3.0,4.0,8.0,7.0,18.0,0.267,11.6,41.0,False
PN-101976,79,OIL,AIRBUS,A330-200,KRİTİK,YOK,Satınalma,22.0,22,5.5,1.33,28.8,0.95,3.0,4.0,10.0,5.0,13.0,0.091,2.6,41.0,False
PN-101707,77,ENGINE INDICATING,AIRBUS,A320-200,KRİTİK,YOK,Yurtdışı tamir,26.0,70,17.5,0.64,43.7,0.95,3.0,9.0,27.0,7.0,18.0,0.186,8.1,41.0,False
PN-103064,71,POWER PLANT,BOEING,777-300ER,AOG KRİTİK,VAR,Yurtiçi tamir,7.0,2,0.35,1.67,2.3,0.98,1.0,2.0,3.0,2.0,3.0,1.0,2.3,41.0,False
PN-100747,29,HYDRAULIC POWER,BOEING,737-900ER,KRİTİK,YOK,Satınalma,26.0,44,11.0,1.0,43.1,0.95,3.0,7.0,18.0,7.0,18.0,0.023,1.0,41.0,False
PN-101527,24,ELECTRICAL POWER,BOEING,737-800,KRİTİK,YOK,Yurtdışı tamir,41.0,6,1.5,0.56,3.2,0.95,1.0,3.0,5.0,2.0,3.0,0.333,1.1,41.0,False
PN-104396,28,FUEL,BOEING,777-300ER,AOG KRİTİK,VAR,Yurtiçi tamir,6.0,3,0.85,1.67,5.6,0.98,1.0,2.0,3.0,2.0,4.0,0.0,0.0,41.0,False
PN-103989,34,NAVIGATION,BOEING,787-9,KRİTİK DEĞİL,YOK,Satınalma,19.0,1,0.28,3.75,4.1,0.9,1.0,2.0,3.0,2.0,4.0,0.0,0.0,41.0,False
PN-100302,21,AIR CONDITIONING,AIRBUS,A320-200,KRİTİK,YOK,Satınalma,36.0,27,6.75,0.64,17.0,0.95,3.0,6.0,13.0,5.0,10.0,0.074,1.3,41.0,False
PN-102362,80,STARTING,AIRBUS,A320neo,KRİTİK DEĞİL,YOK,Yurtdışı tamir,32.0,22,5.5,2.59,55.5,0.9,3.0,4.0,10.0,8.0,22.0,0.0,0.0,41.0,False
PN-100085,71,POWER PLANT,AIRBUS,A321neo,KRİTİK,VAR,Yurtiçi tamir,10.0,15,3.75,2.96,44.1,0.95,2.0,3.0,7.0,4.0,16.0,0.067,2.9,40.9,False
PN-100334,32,LANDING GEAR,BOEING,737-800,KRİTİK,YOK,Yurtdışı tamir,41.0,3,0.85,0.56,1.9,0.95,1.0,3.0,4.0,2.0,3.0,0.0,0.0,40.9,False
PN-100305,24,ELECTRICAL POWER,AIRBUS,A320neo,KRİTİK,VAR,Yurtiçi tamir,6.0,32,8.0,2.59,82.1,0.95,2.0,3.0,11.0,4.0,25.0,0.094,7.7,40.9,False
PN-103731,76,ENGINE CONTROLS,AIRBUS,A321neo,KRİTİK DEĞİL,YOK,Yurtdışı tamir,31.0,10,2.5,2.96,29.3,0.9,3.0,3.0,6.0,6.0,14.0,0.0,0.0,40.9,False
PN-104018,25,EQUIPMENT / FURNISHINGS,AIRBUS,A320neo,KRİTİK DEĞİL,YOK,Satınalma,37.0,16,4.0,2.59,40.5,0.9,3.0,4.0,8.0,8.0,19.0,0.0,0.0,40.9,False
PN-103080,32,LANDING GEAR,BOEING,737-800,KRİTİK,YOK,Satınalma,39.0,13,3.5,0.56,7.6,0.95,2.0,5.0,9.0,3.0,5.0,0.0,0.0,40.9,False
PN-103596,29,HYDRAULIC POWER,AIRBUS,A320-200,KRİTİK,YOK,Satınalma,38.0,17,4.25,0.64,10.5,0.95,2.0,5.0,10.0,4.0,7.0,0.0,0.0,40.9,False
PN-102854,71,POWER PLANT,BOEING,777-300ER,KRİTİK,YOK,Satınalma,20.0,7,1.36,1.67,8.8,0.95,2.0,2.0,4.0,3.0,6.0,0.143,1.3,40.9,False
PN-103711,80,STARTING,BOEING,737-800,KRİTİK,YOK,Yurtdışı tamir,33.0,43,10.75,0.56,23.3,0.95,3.0,8.0,19.0,6.0,12.0,0.047,1.1,40.9,False
PN-103729,52,DOORS,AIRBUS,A321neo,KRİTİK DEĞİL,YOK,Satınalma,35.0,7,1.63,2.96,18.8,0.9,2.0,3.0,5.0,4.0,9.0,0.286,5.4,40.9,False
PN-101059,29,HYDRAULIC POWER,AIRBUS,A330-200,AOG KRİTİK,VAR,Yurtiçi tamir,8.0,17,4.25,1.33,22.4,0.98,2.0,3.0,8.0,3.0,9.0,0.0,0.0,40.8,False
PN-103658,29,HYDRAULIC POWER,AIRBUS,A319-100,KRİTİK,YOK,Yurtdışı tamir,23.0,89,22.25,0.56,49.0,0.95,3.0,10.0,33.0,7.0,20.0,0.146,7.2,40.8,False
PN-103857,21,AIR CONDITIONING,BOEING,777-F,KRİTİK DEĞİL,YOK,Yurtdışı tamir,35.0,21,5.25,2.5,52.3,0.9,3.0,5.0,11.0,9.0,23.0,0.095,5.0,40.8,False
PN-104591,22,AUTO FLIGHT,AIRBUS,A330-300,KRİTİK,YOK,Satınalma,34.0,11,2.75,1.11,11.8,0.95,2.0,4.0,7.0,4.0,7.0,0.091,1.1,40.8,False
PN-100176,71,POWER PLANT,AIRBUS,A321neo,KRİTİK DEĞİL,YOK,Yurtdışı tamir,35.0,8,1.53,2.96,17.9,0.9,2.0,2.0,4.0,4.0,9.0,0.0,0.0,40.8,False
PN-104093,32,LANDING GEAR,BOEING,737-900ER,AOG KRİTİK,VAR,Yurtiçi tamir,8.0,49,12.25,1.0,48.1,0.98,3.0,5.0,18.0,5.0,18.0,0.061,2.9,40.8,False
PN-101858,35,OXYGEN,AIRBUS,A321neo,KRİTİK DEĞİL,YOK,Yurtdışı tamir,34.0,7,1.75,2.96,19.9,0.9,2.0,3.0,5.0,4.0,9.0,0.143,2.8,40.8,False
PN-104665,74,IGNITION,AIRBUS,A321neo,KRİTİK DEĞİL,YOK,Satınalma,17.0,23,5.75,2.96,66.0,0.9,3.0,4.0,10.0,7.0,24.0,0.217,14.4,40.8,False
PN-104208,26,FIRE PROTECTION,AIRBUS,A350-900,KRİTİK DEĞİL,YOK,Yurtdışı tamir,17.0,3,0.46,3.75,6.6,0.9,1.0,2.0,3.0,2.0,4.0,0.0,0.0,40.8,False
PN-104014,28,FUEL,AIRBUS,A320-200,KRİTİK,YOK,Yurtdışı tamir,40.0,4,1.27,0.64,3.3,0.95,1.0,3.0,5.0,2.0,3.0,0.0,0.0,40.8,False
PN-104965,23,COMMUNICATIONS,AIRBUS,A319-100,KRİTİK,YOK,Satınalma,39.0,10,2.8,0.56,6.2,0.95,2.0,4.0,7.0,3.0,5.0,0.2,1.2,40.8,False
PN-101225,80,STARTING,BOEING,737-900ER,KRİTİK,YOK,Satınalma,33.0,23,5.75,1.0,22.6,0.95,3.0,6.0,12.0,6.0,12.0,0.043,1.0,40.8,False
PN-101207,71,POWER PLANT,BOEING,737-800,KRİTİK,YOK,Yurtdışı tamir,39.0,10,2.5,0.56,5.3,0.95,2.0,4.0,7.0,3.0,5.0,0.2,1.1,40.7,False
PN-102017,71,POWER PLANT,AIRBUS,A321-200,KRİTİK,YOK,Satınalma,36.0,20,5.0,0.69,13.8,0.95,2.0,5.0,10.0,4.0,8.0,0.2,2.8,40.7,False
PN-103905,72,ENGINE,BOEING,737-800,KRİTİK,YOK,Yurtdışı tamir,39.0,10,2.5,0.56,5.4,0.95,2.0,4.0,7.0,3.0,5.0,0.2,1.1,40.7,False
PN-101588,76,ENGINE CONTROLS,AIRBUS,A320-200,KRİTİK,YOK,Yurtdışı tamir,37.0,17,4.25,0.64,10.6,0.95,2.0,5.0,10.0,4.0,7.0,0.118,1.2,40.7,False
PN-100635,56,WINDOWS,BOEING,737-900ER,KRİTİK,YOK,Yurtdışı tamir,41.0,0,0.0,1.0,0.0,0.95,0.0,0.0,0.0,0.0,0.0,0.0,0.0,40.7,False
PN-100400,80,STARTING,AIRBUS,A321-200,KRİTİK,YOK,Satınalma,40.0,2,0.85,0.69,2.3,0.95,1.0,3.0,4.0,2.0,3.0,0.0,0.0,40.7,False
PN-104658,31,INDICATING / RECORDING SYSTEMS,AIRBUS,A320neo,KRİTİK DEĞİL,YOK,Satınalma,29.0,24,6.0,2.59,60.1,0.9,3.0,4.0,10.0,8.0,24.0,0.125,7.5,40.7,False
PN-104421,80,STARTING,BOEING,737-900ER,KRİTİK,YOK,Satınalma,26.0,41,10.25,1.0,40.7,0.95,3.0,6.0,17.0,6.0,17.0,0.024,1.0,40.7,False
PN-100426,76,ENGINE CONTROLS,BOEING,737-800,KRİTİK,YOK,Satınalma,37.0,19,4.75,0.56,10.4,0.95,2.0,5.0,10.0,4.0,7.0,0.053,0.5,40.7,False
PN-102263,35,OXYGEN,AIRBUS,A330-200,KRİTİK,YOK,Satınalma,30.0,4,1.0,1.33,5.1,0.95,2.0,2.0,3.0,3.0,5.0,0.0,0.0,40.7,False
PN-101601,72,ENGINE,BOEING,737-800,KRİTİK,YOK,Satınalma,35.0,31,7.75,0.56,16.7,0.95,3.0,6.0,14.0,5.0,10.0,0.387,6.5,40.7,False
PN-103838,79,OIL,AIRBUS,A320-200,KRİTİK,YOK,Satınalma,37.0,17,4.25,0.64,10.9,0.95,2.0,5.0,10.0,4.0,7.0,0.294,3.2,40.7,False
PN-101461,29,HYDRAULIC POWER,AIRBUS,A320-200,KRİTİK,YOK,Satınalma,33.0,33,8.25,0.64,20.9,0.95,3.0,6.0,15.0,5.0,11.0,0.03,0.6,40.6,False
PN-102118,36,PNEUMATIC,AIRBUS,A321neo,KRİTİK,VAR,Yurtiçi tamir,18.0,6,1.62,2.96,18.8,0.95,2.0,2.0,4.0,3.0,8.0,0.0,0.0,40.6,False
PN-103695,52,DOORS,AIRBUS,A321neo,KRİTİK DEĞİL,YOK,Satınalma,31.0,9,2.25,2.96,25.8,0.9,2.0,3.0,6.0,5.0,12.0,0.0,0.0,40.6,False
PN-104622,74,IGNITION,BOEING,777-F,KRİTİK DEĞİL,YOK,Yurtdışı tamir,41.0,14,3.5,2.5,33.6,0.9,3.0,4.0,8.0,7.0,16.0,0.071,2.4,40.6,False
PN-102339,23,COMMUNICATIONS,AIRBUS,A320-200,AOG KRİTİK,VAR,Yurtiçi tamir,7.0,76,19.0,0.64,47.9,0.98,2.0,5.0,24.0,3.0,15.0,0.092,4.4,40.6,False
PN-103431,73,ENGINE FUEL AND CONTROL,AIRBUS,A320neo,KRİTİK DEĞİL,YOK,Satınalma,46.0,7,1.38,2.59,13.7,0.9,2.0,3.0,5.0,4.0,8.0,0.0,0.0,40.6,False
PN-104077,49,AIRBORNE AUXILIARY POWER (APU),BOEING,737-800,KRİTİK,YOK,Yurtdışı tamir,38.0,13,3.25,0.56,7.1,0.95,2.0,4.0,8.0,3.0,5.0,0.0,0.0,40.6,False
PN-100507,27,FLIGHT CONTROLS,AIRBUS,A320-200,KRİTİK,YOK,Satınalma,37.0,15,3.75,0.64,9.3,0.95,2.0,5.0,9.0,3.0,6.0,0.267,2.5,40.6,False
PN-101555,25,EQUIPMENT / FURNISHINGS,BOEING,737 MAX 8,KRİTİK DEĞİL,VAR,Yurtiçi tamir,17.0,37,9.25,3.81,140.0,0.9,4.0,4.0,14.0,11.0,47.0,0.243,34.1,40.6,False
PN-100988,27,FLIGHT CONTROLS,AIRBUS,A320neo,KRİTİK DEĞİL,YOK,Satınalma,32.0,20,5.0,2.59,51.0,0.9,3.0,4.0,9.0,8.0,21.0,0.1,5.1,40.6,False
PN-102582,28,FUEL,AIRBUS,A321neo,KRİTİK,VAR,Yurtiçi tamir,8.0,16,4.0,2.96,46.3,0.95,2.0,2.0,6.0,4.0,16.0,0.0,0.0,40.6,False
PN-100839,77,ENGINE INDICATING,AIRBUS,A330-200,KRİTİK,YOK,Satınalma,24.0,14,3.5,1.33,18.8,0.95,2.0,3.0,7.0,4.0,9.0,0.214,4.0,40.5,False
PN-102369,25,EQUIPMENT / FURNISHINGS,AIRBUS,A350-900,KRİTİK DEĞİL,YOK,Satınalma,16.0,2,0.42,3.75,6.1,0.9,1.0,2.0,3.0,2.0,4.0,0.0,0.0,40.5,False
PN-101898,72,ENGINE,AIRBUS,A320-200,AOG KRİTİK,VAR,Yurtiçi tamir,10.0,63,15.75,0.64,39.1,0.98,3.0,5.0,21.0,5.0,15.0,0.159,6.2,40.5,False
PN-101890,25,EQUIPMENT / FURNISHINGS,AIRBUS,A320neo,KRİTİK DEĞİL,YOK,Yurtdışı tamir,43.0,5,1.96,2.59,20.3,0.9,2.0,3.0,5.0,5.0,11.0,0.4,8.1,40.5,False
PN-103897,21,AIR CONDITIONING,AIRBUS,A320-200,AOG KRİTİK,VAR,Yurtiçi tamir,7.0,76,19.0,0.64,47.3,0.98,2.0,5.0,24.0,3.0,15.0,0.0,0.0,40.5,False
PN-102376,76,ENGINE CONTROLS,AIRBUS,A320neo,KRİTİK DEĞİL,YOK,Yurtdışı tamir,21.0,31,7.75,2.59,80.2,0.9,3.0,4.0,12.0,8.0,29.0,0.194,15.5,40.5,False
PN-103124,32,LANDING GEAR,AIRBUS,A319-100,KRİTİK,YOK,Yurtdışı tamir,38.0,15,2.78,0.56,6.1,0.95,2.0,4.0,7.0,3.0,5.0,0.133,0.8,40.5,False
PN-103339,76,ENGINE CONTROLS,AIRBUS,A320neo,KRİTİK DEĞİL,YOK,Yurtdışı tamir,26.0,26,6.5,2.59,66.3,0.9,3.0,4.0,11.0,8.0,25.0,0.115,7.7,40.5,False
PN-100102,73,ENGINE FUEL AND CONTROL,AIRBUS,A321neo,KRİTİK DEĞİL,YOK,Yurtdışı tamir,35.0,7,1.2,2.96,14.4,0.9,2.0,2.0,4.0,4.0,8.0,0.143,2.1,40.5,False
PN-102038,80,STARTING,AIRBUS,A320-200,KRİTİK,YOK,Satınalma,36.0,18,4.5,0.64,11.2,0.95,2.0,5.0,10.0,4.0,7.0,0.111,1.2,40.5,False
PN-102652,80,STARTING,AIRBUS,A321neo,KRİTİK DEĞİL,YOK,Yurtdışı tamir,24.0,15,3.75,2.96,43.7,0.9,3.0,3.0,7.0,6.0,17.0,0.133,5.8,40.5,False
PN-102217,80,STARTING,AIRBUS,A330-300,KRİTİK,YOK,Satınalma,34.0,4,2.04,1.11,8.7,0.95,2.0,3.0,6.0,3.0,6.0,1.0,8.7,40.5,False
PN-103205,56,WINDOWS,AIRBUS,A321neo,KRİTİK DEĞİL,YOK,Yurtdışı tamir,33.0,7,1.75,2.96,20.1,0.9,2.0,3.0,5.0,4.0,10.0,0.143,2.9,40.5,False
PN-102519,80,STARTING,AIRBUS,A321neo,KRİTİK DEĞİL,YOK,Yurtdışı tamir,35.0,5,1.25,2.96,14.4,0.9,2.0,2.0,4.0,4.0,8.0,0.0,0.0,40.5,False
PN-102307,24,ELECTRICAL POWER,AIRBUS,A330-300,KRİTİK,YOK,Satınalma,31.0,15,3.75,1.11,16.5,0.95,2.0,4.0,8.0,4.0,9.0,0.067,1.1,40.5,False
PN-104635,72,ENGINE,BOEING,737-800,KRİTİK,YOK,Satınalma,37.0,11,3.62,0.56,7.9,0.95,2.0,4.0,8.0,3.0,5.0,0.0,0.0,40.4,False
PN-104190,32,LANDING GEAR,AIRBUS,A321neo,KRİTİK,VAR,Yurtiçi tamir,6.0,17,4.25,2.96,49.4,0.95,2.0,2.0,7.0,3.0,16.0,0.059,2.9,40.4,False
PN-102964,72,ENGINE,AIRBUS,A319-100,KRİTİK,YOK,Satınalma,30.0,49,12.25,0.56,26.4,0.95,3.0,9.0,22.0,6.0,13.0,0.061,1.6,40.4,False
PN-100357,77,ENGINE INDICATING,AIRBUS,A321neo,KRİTİK DEĞİL,YOK,Satınalma,25.0,14,3.5,2.96,40.0,0.9,3.0,3.0,7.0,6.0,17.0,0.0,0.0,40.4,False
PN-100353,32,LANDING GEAR,AIRBUS,A321-200,AOG KRİTİK,VAR,Yurtiçi tamir,11.0,52,13.0,0.69,35.5,0.98,3.0,5.0,18.0,5.0,14.0,0.058,2.0,40.4,False
PN-103072,27,FLIGHT CONTROLS,AIRBUS,A330-200,AOG KRİTİK,VAR,Yurtiçi tamir,9.0,12,3.0,1.33,15.5,0.98,2.0,3.0,6.0,3.0,7.0,0.083,1.3,40.4,False
PN-102242,32,LANDING GEAR,BOEING,737-900ER,KRİTİK,YOK,Yurtdışı tamir,33.0,19,4.75,1.0,18.4,0.95,3.0,5.0,10.0,5.0,10.0,0.0,0.0,40.4,False
PN-103781,26,FIRE PROTECTION,AIRBUS,A320neo,KRİTİK DEĞİL,YOK,Satınalma,43.0,6,1.94,2.59,19.3,0.9,2.0,3.0,5.0,5.0,10.0,0.167,3.2,40.4,False
PN-102730,79,OIL,BOEING,737-900ER,KRİTİK,YOK,Yurtdışı tamir,38.0,3,1.11,1.0,4.5,0.95,2.0,3.0,5.0,3.0,5.0,0.667,3.0,40.4,False
PN-100344,77,ENGINE INDICATING,AIRBUS,A320neo,KRİTİK DEĞİL,YOK,Satınalma,38.0,13,3.25,2.59,33.1,0.9,3.0,4.0,8.0,7.0,16.0,0.154,5.1,40.4,False
PN-102651,76,ENGINE CONTROLS,AIRBUS,A320-200,KRİTİK,YOK,Yurtdışı tamir,37.0,12,3.0,0.64,7.5,0.95,2.0,4.0,7.0,3.0,5.0,0.167,1.3,40.4,False
PN-101073,35,OXYGEN,AIRBUS,A321neo,KRİTİK DEĞİL,YOK,Yurtdışı tamir,32.0,7,1.75,2.96,20.3,0.9,2.0,3.0,5.0,4.0,10.0,0.143,2.9,40.3,False
PN-100715,73,ENGINE FUEL AND CONTROL,BOEING,737-800,AOG KRİTİK,VAR,Yurtiçi tamir,18.0,29,7.25,0.56,15.5,0.98,2.0,5.0,13.0,3.0,7.0,0.103,1.6,40.3,False
PN-103148,80,STARTING,AIRBUS,A321neo,KRİTİK DEĞİL,YOK,Satınalma,20.0,18,4.5,2.96,52.2,0.9,3.0,3.0,8.0,6.0,20.0,0.333,17.4,40.3,False
PN-103215,27,FLIGHT CONTROLS,AIRBUS,A320neo,KRİTİK,VAR,Yurtiçi tamir,6.0,30,7.5,2.59,75.6,0.95,2.0,3.0,11.0,4.0,23.0,0.067,5.0,40.3,False
PN-103298,36,PNEUMATIC,BOEING,737-800,KRİTİK,YOK,Satınalma,39.0,2,0.65,0.56,1.4,0.95,1.0,2.0,3.0,2.0,3.0,0.0,0.0,40.3,False
PN-103947,30,ICE & RAIN PROTECTION,AIRBUS,A321neo,KRİTİK DEĞİL,YOK,Satınalma,30.0,9,2.25,2.96,25.8,0.9,2.0,3.0,6.0,5.0,12.0,0.0,0.0,40.3,False
PN-104264,49,AIRBORNE AUXILIARY POWER (APU),AIRBUS,A321-200,KRİTİK,YOK,Satınalma,35.0,18,4.5,0.69,12.3,0.95,2.0,5.0,10.0,4.0,8.0,0.056,0.7,40.3,False
PN-101439,79,OIL,AIRBUS,A320-200,KRİTİK,YOK,Satınalma,33.0,28,7.0,0.64,17.4,0.95,3.0,6.0,13.0,5.0,10.0,0.071,1.2,40.3,False
PN-101980,56,WINDOWS,AIRBUS,A321neo,KRİTİK,VAR,Yurtiçi tamir,16.0,8,1.83,2.96,21.2,0.95,2.0,2.0,4.0,3.0,9.0,0.125,2.7,40.3,False
PN-104171,27,FLIGHT CONTROLS,AIRBUS,A321-200,KRİTİK,YOK,Satınalma,38.0,4,1.36,0.69,3.8,0.95,2.0,3.0,5.0,3.0,4.0,0.0,0.0,40.3,False
PN-100010,35,OXYGEN,AIRBUS,A321neo,KRİTİK DEĞİL,YOK,Satınalma,21.0,17,4.25,2.96,49.8,0.9,3.0,3.0,8.0,6.0,19.0,0.235,11.7,40.3,False
PN-101835,24,ELECTRICAL POWER,AIRBUS,A320-200,KRİTİK,YOK,Yurtdışı tamir,37.0,11,2.75,0.64,6.9,0.95,2.0,4.0,7.0,3.0,5.0,0.273,1.9,40.3,False
PN-103640,71,POWER PLANT,AIRBUS,A320-200,KRİTİK,YOK,Satınalma,22.0,72,18.0,0.64,45.8,0.95,3.0,9.0,27.0,6.0,18.0,0.083,3.8,40.2,False
PN-102045,80,STARTING,AIRBUS,A320neo,KRİTİK DEĞİL,YOK,Yurtdışı tamir,43.0,7,1.75,2.59,17.8,0.9,2.0,3.0,5.0,5.0,10.0,0.286,5.1,40.2,False
PN-104639,77,ENGINE INDICATING,AIRBUS,A320-200,KRİTİK,YOK,Satınalma,34.0,22,5.5,0.64,13.9,0.95,2.0,6.0,12.0,4.0,8.0,0.227,3.2,40.2,False
PN-104148,76,ENGINE CONTROLS,BOEING,777-300ER,KRİTİK,YOK,Satınalma,17.0,6,1.37,1.67,9.2,0.95,2.0,2.0,4.0,3.0,6.0,0.0,0.0,40.2,False
PN-104151,35,OXYGEN,BOEING,787-9,KRİTİK DEĞİL,YOK,Satınalma,14.0,3,0.6,3.75,8.9,0.9,1.0,2.0,3.0,2.0,5.0,0.333,3.0,40.2,False
PN-102714,35,OXYGEN,AIRBUS,A321neo,KRİTİK DEĞİL,YOK,Yurtdışı tamir,26.0,12,3.0,2.96,35.1,0.9,3.0,3.0,6.0,6.0,15.0,0.167,5.9,40.2,False
PN-101318,32,LANDING GEAR,BOEING,737-800,AOG KRİTİK,VAR,Yurtiçi tamir,12.0,57,14.25,0.56,31.1,0.98,3.0,5.0,20.0,5.0,13.0,0.053,1.6,40.2,False
PN-104142,25,EQUIPMENT / FURNISHINGS,AIRBUS,A320neo,KRİTİK DEĞİL,YOK,Yurtdışı tamir,25.0,26,6.5,2.59,66.0,0.9,3.0,4.0,11.0,8.0,25.0,0.154,10.1,40.2,False
PN-102906,52,DOORS,AIRBUS,A321-200,KRİTİK,YOK,Yurtdışı tamir,36.0,12,3.0,0.69,8.1,0.95,2.0,4.0,7.0,3.0,6.0,0.167,1.4,40.2,False
PN-103543,73,ENGINE FUEL AND CONTROL,BOEING,787-9,KRİTİK DEĞİL,YOK,Satınalma,14.0,3,0.57,3.75,8.4,0.9,1.0,2.0,3.0,2.0,5.0,0.0,0.0,40.2,False
PN-102261,80,STARTING,AIRBUS,A330-200,KRİTİK,YOK,Satınalma,21.0,18,4.5,1.33,23.5,0.95,2.0,4.0,9.0,4.0,10.0,0.0,0.0,40.2,False
PN-101759,49,AIRBORNE AUXILIARY POWER (APU),AIRBUS,A320neo,KRİTİK DEĞİL,YOK,Satınalma,36.0,14,3.5,2.59,35.7,0.9,3.0,4.0,8.0,7.0,16.0,0.214,7.7,40.1,False
PN-100751,24,ELECTRICAL POWER,AIRBUS,A330-300,KRİTİK,YOK,Satınalma,25.0,26,6.5,1.11,28.3,0.95,3.0,5.0,12.0,5.0,13.0,0.192,5.5,40.1,False
PN-100072,34,NAVIGATION,BOEING,737-800,KRİTİK,YOK,Yurtdışı tamir,36.0,13,3.25,0.56,6.9,0.95,2.0,4.0,8.0,3.0,5.0,0.077,0.5,40.1,False
PN-101790,49,AIRBORNE AUXILIARY POWER (APU),AIRBUS,A320-200,AOG KRİTİK,VAR,Yurtiçi tamir,17.0,25,6.25,0.64,15.6,0.98,2.0,5.0,12.0,3.0,7.0,0.12,1.9,40.1,False
PN-100318,79,OIL,AIRBUS,A321neo,KRİTİK DEĞİL,YOK,Yurtdışı tamir,29.0,9,2.25,2.96,26.0,0.9,2.0,3.0,6.0,5.0,12.0,0.0,0.0,40.1,False
PN-104897,49,AIRBORNE AUXILIARY POWER (APU),AIRBUS,A321-200,KRİTİK,YOK,Yurtdışı tamir,37.0,6,1.5,0.69,4.0,0.95,2.0,3.0,5.0,3.0,4.0,0.0,0.0,40.1,False
PN-101887,31,INDICATING / RECORDING SYSTEMS,AIRBUS,A320-200,KRİTİK,YOK,Satınalma,37.0,8,1.58,0.64,4.0,0.95,2.0,3.0,5.0,3.0,5.0,0.25,1.0,40.1,False
PN-101729,23,COMMUNICATIONS,AIRBUS,A320neo,KRİTİK DEĞİL,YOK,Satınalma,30.0,20,5.0,2.59,51.4,0.9,3.0,4.0,9.0,8.0,21.0,0.1,5.1,40.1,False
PN-100564,77,ENGINE INDICATING,AIRBUS,A321-200,KRİTİK,YOK,Satınalma,34.0,19,4.75,0.69,13.0,0.95,2.0,5.0,10.0,4.0,8.0,0.158,2.0,40.1,False
PN-103094,77,ENGINE INDICATING,AIRBUS,A330-300,KRİTİK,YOK,Satınalma,29.0,16,4.0,1.11,17.4,0.95,2.0,4.0,8.0,4.0,9.0,0.125,2.2,40.1,False
PN-100239,52,DOORS,AIRBUS,A330-300,KRİTİK,YOK,Satınalma,29.0,16,4.0,1.11,17.4,0.95,2.0,4.0,8.0,4.0,9.0,0.062,1.1,40.1,False
PN-101328,56,WINDOWS,BOEING,777-300ER,KRİTİK,YOK,Yurtdışı tamir,20.0,0,0.0,1.67,0.0,0.95,0.0,0.0,0.0,0.0,0.0,0.0,0.0,40.1,False
PN-100898,22,AUTO FLIGHT,BOEING,737-800,KRİTİK,YOK,Satınalma,38.0,1,0.85,0.56,1.8,0.95,1.0,2.0,3.0,2.0,3.0,0.0,0.0,40.1,False
PN-102221,25,EQUIPMENT / FURNISHINGS,AIRBUS,A330-300,KRİTİK,YOK,Yurtdışı tamir,33.0,8,1.64,1.11,7.1,0.95,2.0,3.0,5.0,3.0,5.0,0.0,0.0,40.1,False
PN-103112,22,AUTO FLIGHT,AIRBUS,A321-200,KRİTİK,YOK,Yurtdışı tamir,36.0,10,2.5,0.69,6.7,0.95,2.0,3.0,6.0,3.0,5.0,0.1,0.7,40.1,False
PN-103202,73,ENGINE FUEL AND CONTROL,AIRBUS,A320-200,KRİTİK,YOK,Satınalma,35.0,15,3.75,0.64,9.5,0.95,2.0,4.0,8.0,3.0,6.0,0.133,1.3,40.1,False
PN-100826,56,WINDOWS,AIRBUS,A321neo,KRİTİK DEĞİL,YOK,Satınalma,25.0,13,3.25,2.96,37.4,0.9,3.0,3.0,7.0,6.0,16.0,0.154,5.8,40.1,False
PN-100678,35,OXYGEN,AIRBUS,A319-100,KRİTİK,YOK,Yurtdışı tamir,38.0,1,0.85,0.56,1.8,0.95,1.0,2.0,3.0,2.0,3.0,0.0,0.0,40.1,False
PN-103003,79,OIL,AIRBUS,A350-900,KRİTİK DEĞİL,VAR,Yurtiçi tamir,19.0,27,6.75,3.75,99.8,0.9,3.0,4.0,11.0,9.0,34.0,0.185,18.5,40.1,False
PN-101215,23,COMMUNICATIONS,BOEING,737 MAX 8,KRİTİK DEĞİL,VAR,Yurtiçi tamir,15.0,32,8.0,3.81,118.9,0.9,3.0,4.0,12.0,8.0,38.0,0.25,29.7,40.1,False
PN-102316,23,COMMUNICATIONS,AIRBUS,A320neo,KRİTİK DEĞİL,YOK,Yurtdışı tamir,24.0,27,6.75,2.59,67.6,0.9,3.0,4.0,11.0,8.0,25.0,0.111,7.5,40.1,False
PN-103035,79,OIL,BOEING,737-800,KRİTİK,YOK,Satınalma,38.0,3,0.85,0.56,1.8,0.95,1.0,2.0,3.0,2.0,3.0,0.0,0.0,40.1,False
PN-103475,26,FIRE PROTECTION,AIRBUS,A320neo,KRİTİK DEĞİL,YOK,Yurtdışı tamir,34.0,16,4.0,2.59,41.1,0.9,3.0,4.0,8.0,7.0,18.0,0.0,0.0,40.1,False
PN-101981,52,DOORS,AIRBUS,A350-900,KRİTİK DEĞİL,YOK,Satınalma,10.0,5,1.28,3.75,18.7,0.9,1.0,2.0,4.0,2.0,7.0,0.2,3.7,40.1,False
PN-104775,22,AUTO FLIGHT,BOEING,737-800,KRİTİK,YOK,Satınalma,37.0,9,2.25,0.56,4.8,0.95,2.0,3.0,6.0,3.0,5.0,0.0,0.0,40.1,False
PN-103662,80,STARTING,AIRBUS,A321-200,KRİTİK,YOK,Yurtdışı tamir,36.0,8,2.45,0.69,6.6,0.95,2.0,3.0,6.0,3.0,5.0,0.125,0.8,40.0,False
PN-102576,28,FUEL,AIRBUS,A321neo,KRİTİK,VAR,Yurtiçi tamir,7.0,11,3.62,2.96,41.7,0.95,2.0,2.0,6.0,3.0,14.0,0.091,3.8,40.0,False
PN-100323,77,ENGINE INDICATING,BOEING,777-F,KRİTİK DEĞİL,YOK,Satınalma,42.0,9,2.5,2.5,24.8,0.9,3.0,4.0,7.0,6.0,13.0,0.0,0.0,40.0,False
PN-102617,22,AUTO FLIGHT,BOEING,737-900ER,KRİTİK,YOK,Yurtdışı tamir,36.0,9,1.6,1.0,6.4,0.95,2.0,3.0,5.0,3.0,5.0,0.111,0.7,40.0,False
PN-104845,72,ENGINE,AIRBUS,A330-200,AOG KRİTİK,VAR,Yurtiçi tamir,11.0,6,1.14,1.33,6.1,0.98,1.0,2.0,4.0,2.0,4.0,0.167,1.0,40.0,False
PN-100885,72,ENGINE,BOEING,737-800,KRİTİK,YOK,Satınalma,35.0,17,4.25,0.56,9.1,0.95,2.0,5.0,10.0,3.0,6.0,0.118,1.1,40.0,False
PN-100796,80,STARTING,BOEING,737-800,KRİTİK,YOK,Yurtdışı tamir,32.0,30,7.5,0.56,16.4,0.95,2.0,6.0,14.0,4.0,9.0,0.1,1.6,40.0,False
PN-104589,28,FUEL,AIRBUS,A321-200,KRİTİK,YOK,Yurtdışı tamir,34.0,17,4.25,0.69,11.5,0.95,2.0,5.0,10.0,4.0,7.0,0.235,2.7,40.0,False
PN-100964,79,OIL,BOEING,737-800,KRİTİK,YOK,Yurtdışı tamir,36.0,11,2.75,0.56,5.9,0.95,2.0,4.0,7.0,3.0,5.0,0.182,1.1,40.0,False
PN-104194,36,PNEUMATIC,AIRBUS,A321neo,KRİTİK DEĞİL,YOK,Satınalma,14.0,23,5.75,2.96,65.6,0.9,3.0,3.0,9.0,6.0,23.0,0.174,11.4,40.0,False
PN-104160,31,INDICATING / RECORDING SYSTEMS,AIRBUS,A321-200,KRİTİK,YOK,Satınalma,36.0,9,2.25,0.69,6.0,0.95,2.0,3.0,6.0,3.0,5.0,0.222,1.3,40.0,False
PN-100197,24,ELECTRICAL POWER,AIRBUS,A319-100,AOG KRİTİK,VAR,Yurtiçi tamir,18.0,23,5.75,0.56,12.5,0.98,2.0,5.0,11.0,3.0,7.0,0.261,3.3,40.0,False
PN-102557,76,ENGINE CONTROLS,AIRBUS,A330-300,KRİTİK,YOK,Satınalma,22.0,31,7.75,1.11,34.0,0.95,3.0,5.0,13.0,6.0,15.0,0.0,0.0,39.9,False
PN-104588,49,AIRBORNE AUXILIARY POWER (APU),AIRBUS,A320-200,KRİTİK,YOK,Yurtdışı tamir,33.0,21,5.25,0.64,13.4,0.95,2.0,5.0,11.0,4.0,8.0,0.143,1.9,39.9,False
PN-104755,49,AIRBORNE AUXILIARY POWER (APU),AIRBUS,A319-100,KRİTİK,YOK,Yurtdışı tamir,37.0,5,0.99,0.56,2.2,0.95,1.0,3.0,4.0,2.0,3.0,0.0,0.0,39.9,False
PN-103085,30,ICE & RAIN PROTECTION,BOEING,777-F,KRİTİK DEĞİL,YOK,Yurtdışı tamir,50.0,1,0.21,2.5,2.2,0.9,1.0,2.0,3.0,2.0,3.0,1.0,2.2,39.9,False
PN-102912,34,NAVIGATION,AIRBUS,A321-200,KRİTİK,YOK,Satınalma,37.0,4,0.69,0.69,1.9,0.95,1.0,2.0,3.0,2.0,3.0,0.25,0.5,39.9,False
PN-101772,30,ICE & RAIN PROTECTION,BOEING,737-900ER,KRİTİK,YOK,Yurtdışı tamir,37.0,3,0.65,1.0,2.6,0.95,1.0,2.0,3.0,2.0,3.0,0.0,0.0,39.9,False
PN-104236,79,OIL,AIRBUS,A319-100,KRİTİK,YOK,Satınalma,35.0,15,3.75,0.56,8.2,0.95,2.0,4.0,8.0,3.0,6.0,0.2,1.6,39.9,False
PN-100004,32,LANDING GEAR,AIRBUS,A320neo,KRİTİK DEĞİL,YOK,Yurtdışı tamir,36.0,15,3.25,2.59,32.8,0.9,3.0,4.0,8.0,7.0,16.0,0.067,2.2,39.9,False
PN-103532,22,AUTO FLIGHT,AIRBUS,A320-200,KRİTİK,YOK,Yurtdışı tamir,36.0,6,1.5,0.64,3.9,0.95,2.0,3.0,5.0,3.0,4.0,0.167,0.7,39.8,False
PN-100586,56,WINDOWS,AIRBUS,A320neo,KRİTİK DEĞİL,YOK,Satınalma,30.0,19,4.75,2.59,48.0,0.9,3.0,4.0,9.0,7.0,19.0,0.158,7.6,39.8,False
PN-104438,29,HYDRAULIC POWER,AIRBUS,A320-200,KRİTİK,YOK,Satınalma,36.0,7,1.75,0.64,4.5,0.95,2.0,3.0,5.0,3.0,5.0,0.143,0.6,39.8,False
PN-104357,27,FLIGHT CONTROLS,AIRBUS,A321-200,AOG KRİTİK,VAR,Yurtiçi tamir,8.0,56,14.0,0.69,37.5,0.98,2.0,5.0,19.0,3.0,13.0,0.089,3.4,39.8,False
PN-101706,80,STARTING,AIRBUS,A320neo,KRİTİK DEĞİL,YOK,Yurtdışı tamir,34.0,15,3.75,2.59,37.5,0.9,3.0,4.0,8.0,7.0,17.0,0.0,0.0,39.8,False
PN-101833,22,AUTO FLIGHT,AIRBUS,A321neo,KRİTİK DEĞİL,YOK,Satınalma,26.0,11,2.75,2.96,31.3,0.9,2.0,3.0,6.0,5.0,13.0,0.0,0.0,39.8,False
PN-104868,77,ENGINE INDICATING,BOEING,777-300ER,KRİTİK,YOK,Satınalma,16.0,5,1.26,1.67,8.0,0.95,1.0,2.0,4.0,2.0,5.0,0.0,0.0,39.8,False
PN-103673,21,AIR CONDITIONING,AIRBUS,A321neo,KRİTİK,VAR,Yurtiçi tamir,5.0,16,4.0,2.96,45.9,0.95,2.0,2.0,6.0,3.0,15.0,0.062,2.9,39.8,False
PN-104983,31,INDICATING / RECORDING SYSTEMS,BOEING,737-900ER,KRİTİK,YOK,Yurtdışı tamir,33.0,12,3.0,1.0,11.6,0.95,2.0,4.0,7.0,4.0,7.0,0.083,1.0,39.8,False
PN-102402,72,ENGINE,AIRBUS,A320-200,KRİTİK,YOK,Satınalma,34.0,15,3.75,0.64,9.5,0.95,2.0,4.0,8.0,3.0,6.0,0.0,0.0,39.8,False
PN-102668,22,AUTO FLIGHT,AIRBUS,A320-200,KRİTİK,YOK,Satınalma,35.0,11,2.75,0.64,7.0,0.95,2.0,4.0,7.0,3.0,5.0,0.0,0.0,39.8,False
PN-104742,32,LANDING GEAR,BOEING,737-800,AOG KRİTİK,VAR,Yurtiçi tamir,19.0,14,3.5,0.56,7.6,0.98,2.0,3.0,7.0,3.0,5.0,0.143,1.1,39.8,False
PN-100172,73,ENGINE FUEL AND CONTROL,AIRBUS,A321-200,KRİTİK,YOK,Satınalma,29.0,34,8.5,0.69,23.0,0.95,3.0,6.0,15.0,5.0,11.0,0.029,0.7,39.8,False
PN-102585,36,PNEUMATIC,AIRBUS,A321neo,KRİTİK DEĞİL,YOK,Satınalma,35.0,3,0.65,2.96,7.4,0.9,2.0,2.0,3.0,3.0,5.0,0.0,0.0,39.8,False
PN-101539,52,DOORS,BOEING,737 MAX 8,KRİTİK DEĞİL,VAR,Yurtiçi tamir,14.0,51,12.75,3.81,193.6,0.9,4.0,4.0,17.0,12.0,61.0,0.078,15.2,39.8,False
PN-104969,74,IGNITION,AIRBUS,A330-300,KRİTİK,YOK,Satınalma,33.0,2,0.53,1.11,2.3,0.95,1.0,2.0,3.0,2.0,3.0,0.0,0.0,39.7,False
PN-100413,24,ELECTRICAL POWER,BOEING,737-800,KRİTİK,YOK,Satınalma,30.0,34,8.5,0.56,18.7,0.95,3.0,6.0,15.0,5.0,10.0,0.029,0.6,39.7,False
PN-102276,26,FIRE PROTECTION,AIRBUS,A321neo,KRİTİK DEĞİL,YOK,Satınalma,33.0,4,1.0,2.96,11.4,0.9,2.0,2.0,3.0,4.0,7.0,0.0,0.0,39.7,True
PN-100683,79,OIL,AIRBUS,A320-200,KRİTİK,YOK,Yurtdışı tamir,33.0,17,4.25,0.64,10.6,0.95,2.0,5.0,10.0,3.0,6.0,0.059,0.6,39.7,False
PN-101743,21,AIR CONDITIONING,AIRBUS,A330-200,AOG KRİTİK,VAR,Yurtiçi tamir,4.0,17,4.25,1.33,21.9,0.98,2.0,2.0,7.0,3.0,9.0,0.118,2.6,39.7,False
PN-102673,25,EQUIPMENT / FURNISHINGS,AIRBUS,A319-100,KRİTİK,YOK,Satınalma,34.0,16,4.0,0.56,8.9,0.95,2.0,5.0,9.0,3.0,6.0,0.375,3.3,39.7,False
PN-103447,36,PNEUMATIC,BOEING,737-800,KRİTİK,YOK,Satınalma,35.0,15,2.53,0.56,5.5,0.95,2.0,3.0,6.0,3.0,5.0,0.2,1.1,39.7,False
PN-100342,52,DOORS,AIRBUS,A321neo,KRİTİK DEĞİL,YOK,Yurtdışı tamir,32.0,5,1.25,2.96,14.4,0.9,2.0,2.0,4.0,4.0,8.0,0.0,0.0,39.7,False
PN-104781,49,AIRBORNE AUXILIARY POWER (APU),AIRBUS,A320-200,KRİTİK,YOK,Satınalma,36.0,4,1.2,0.64,3.0,0.95,1.0,3.0,5.0,2.0,3.0,0.0,0.0,39.7,False
PN-101263,74,IGNITION,AIRBUS,A320neo,KRİTİK DEĞİL,YOK,Satınalma,26.0,23,5.75,2.59,58.3,0.9,3.0,4.0,10.0,8.0,23.0,0.174,10.1,39.7,False
PN-100392,30,ICE & RAIN PROTECTION,AIRBUS,A350-900,KRİTİK DEĞİL,YOK,Satınalma,12.0,3,0.57,3.75,8.4,0.9,1.0,2.0,3.0,2.0,5.0,0.333,2.8,39.7,False
PN-103733,79,OIL,AIRBUS,A320neo,KRİTİK,VAR,Yurtiçi tamir,10.0,23,5.75,2.59,58.7,0.95,3.0,3.0,9.0,5.0,20.0,0.0,0.0,39.7,False
PN-103815,22,AUTO FLIGHT,AIRBUS,A330-200,AOG KRİTİK,VAR,Yurtiçi tamir,11.0,3,0.57,1.33,2.9,0.98,1.0,2.0,3.0,2.0,3.0,0.0,0.0,39.7,False
PN-100278,22,AUTO FLIGHT,AIRBUS,A320neo,KRİTİK DEĞİL,YOK,Satınalma,36.0,12,3.0,2.59,30.2,0.9,3.0,4.0,7.0,6.0,14.0,0.25,7.6,39.6,False
PN-101287,27,FLIGHT CONTROLS,AIRBUS,A320-200,KRİTİK,YOK,Yurtdışı tamir,35.0,8,2.0,0.64,5.0,0.95,2.0,3.0,5.0,3.0,5.0,0.0,0.0,39.6,False
PN-101553,52,DOORS,AIRBUS,A321neo,KRİTİK DEĞİL,YOK,Satınalma,32.0,4,1.1,2.96,12.6,0.9,2.0,2.0,4.0,4.0,8.0,0.0,0.0,39.6,False
PN-101222,79,OIL,BOEING,737 MAX 8,KRİTİK DEĞİL,VAR,Yurtiçi tamir,13.0,66,16.5,3.81,245.0,0.9,4.0,5.0,22.0,13.0,75.0,0.182,44.6,39.6,False
PN-100653,73,ENGINE FUEL AND CONTROL,AIRBUS,A320-200,KRİTİK,YOK,Satınalma,35.0,7,1.75,0.64,4.4,0.95,2.0,3.0,5.0,3.0,5.0,0.429,1.9,39.6,False
PN-104426,27,FLIGHT CONTROLS,AIRBUS,A320neo,KRİTİK,VAR,Yurtiçi tamir,8.0,25,6.25,2.59,63.5,0.95,2.0,3.0,10.0,4.0,20.0,0.08,5.1,39.6,False
PN-101482,28,FUEL,AIRBUS,A330-300,KRİTİK,YOK,Satınalma,21.0,31,7.75,1.11,33.8,0.95,3.0,5.0,13.0,5.0,14.0,0.065,2.2,39.6,False
PN-104091,22,AUTO FLIGHT,BOEING,737-800,KRİTİK,YOK,Satınalma,36.0,3,0.64,0.56,1.4,0.95,1.0,2.0,3.0,2.0,3.0,0.0,0.0,39.6,False
PN-101536,24,ELECTRICAL POWER,AIRBUS,A321-200,AOG KRİTİK,VAR,Yurtiçi tamir,13.0,32,8.0,0.69,21.8,0.98,2.0,5.0,13.0,3.0,9.0,0.094,2.0,39.6,False
PN-100794,32,LANDING GEAR,AIRBUS,A321neo,KRİTİK,VAR,Yurtiçi tamir,6.0,14,3.5,2.96,40.8,0.95,2.0,2.0,6.0,3.0,14.0,0.143,5.8,39.6,False
PN-101811,52,DOORS,BOEING,737-900ER,KRİTİK,YOK,Yurtdışı tamir,34.0,8,1.96,1.0,7.5,0.95,2.0,3.0,5.0,3.0,5.0,0.25,1.9,39.6,False
PN-103289,25,EQUIPMENT / FURNISHINGS,AIRBUS,A321neo,KRİTİK DEĞİL,YOK,Yurtdışı tamir,27.0,9,2.25,2.96,26.4,0.9,2.0,3.0,6.0,4.0,11.0,0.111,2.9,39.6,False
PN-100888,21,AIR CONDITIONING,AIRBUS,A321neo,KRİTİK DEĞİL,YOK,Yurtdışı tamir,32.0,4,1.1,2.96,12.6,0.9,2.0,2.0,4.0,4.0,8.0,0.0,0.0,39.6,False
PN-102771,22,AUTO FLIGHT,BOEING,737 MAX 8,KRİTİK DEĞİL,VAR,Yurtiçi tamir,13.0,53,13.25,3.81,196.7,0.9,4.0,4.0,18.0,12.0,62.0,0.075,14.8,39.6,False
PN-104503,73,ENGINE FUEL AND CONTROL,AIRBUS,A330-200,KRİTİK,YOK,Satınalma,25.0,5,1.25,1.33,6.5,0.95,2.0,2.0,4.0,3.0,5.0,0.2,1.3,39.6,False
PN-100213,32,LANDING GEAR,AIRBUS,A320-200,AOG KRİTİK,VAR,Yurtiçi tamir,12.0,38,9.5,0.64,24.0,0.98,2.0,5.0,15.0,3.0,9.0,0.158,3.8,39.6,False
PN-102153,36,PNEUMATIC,AIRBUS,A320-200,KRİTİK,YOK,Satınalma,35.0,7,1.75,0.64,4.4,0.95,2.0,3.0,5.0,3.0,5.0,0.429,1.9,39.6,False
PN-104783,72,ENGINE,AIRBUS,A320-200,AOG KRİTİK,VAR,Yurtiçi tamir,9.0,51,12.75,0.64,31.9,0.98,2.0,5.0,18.0,3.0,11.0,0.176,5.6,39.6,False
PN-101874,31,INDICATING / RECORDING SYSTEMS,AIRBUS,A330-300,KRİTİK,YOK,Satınalma,24.0,23,5.75,1.11,25.3,0.95,3.0,5.0,11.0,5.0,12.0,0.087,2.2,39.5,False
PN-104105,32,LANDING GEAR,AIRBUS,A320-200,KRİTİK,YOK,Satınalma,29.0,32,8.0,0.64,20.2,0.95,3.0,6.0,14.0,5.0,11.0,0.188,3.8,39.5,False
PN-104143,32,LANDING GEAR,AIRBUS,A321-200,KRİTİK,YOK,Satınalma,32.0,18,4.5,0.69,12.1,0.95,2.0,5.0,10.0,4.0,8.0,0.111,1.3,39.5,False
PN-103769,29,HYDRAULIC POWER,AIRBUS,A319-100,KRİTİK,YOK,Satınalma,32.0,21,5.25,0.56,11.3,0.95,2.0,5.0,11.0,3.0,6.0,0.286,3.2,39.5,False
PN-100562,34,NAVIGATION,AIRBUS,A320neo,KRİTİK,VAR,Yurtiçi tamir,15.0,17,4.25,2.59,42.8,0.95,3.0,3.0,8.0,5.0,16.0,0.059,2.5,39.5,False
PN-100854,28,FUEL,AIRBUS,A330-200,KRİTİK,YOK,Satınalma,24.0,7,1.5,1.33,7.9,0.95,2.0,3.0,5.0,3.0,5.0,0.0,0.0,39.5,False
PN-103504,21,AIR CONDITIONING,AIRBUS,A320-200,KRİTİK,YOK,Yurtdışı tamir,34.0,10,2.5,0.64,6.2,0.95,2.0,3.0,6.0,3.0,5.0,0.2,1.2,39.5,False
PN-103221,27,FLIGHT CONTROLS,AIRBUS,A320-200,KRİTİK,YOK,Yurtdışı tamir,35.0,7,1.31,0.64,3.3,0.95,1.0,3.0,5.0,2.0,3.0,0.0,0.0,39.5,False
PN-101254,52,DOORS,AIRBUS,A321neo,KRİTİK DEĞİL,YOK,Satınalma,29.0,7,1.75,2.96,20.3,0.9,2.0,2.0,4.0,4.0,10.0,0.0,0.0,39.5,False
PN-100253,29,HYDRAULIC POWER,AIRBUS,A320-200,AOG KRİTİK,VAR,Yurtiçi tamir,10.0,46,11.5,0.64,28.5,0.98,2.0,5.0,17.0,3.0,11.0,0.065,1.9,39.5,False
PN-100726,71,POWER PLANT,BOEING,737-800,KRİTİK,YOK,Satınalma,30.0,28,7.0,0.56,15.4,0.95,2.0,6.0,13.0,4.0,8.0,0.071,1.1,39.4,False
PN-100612,73,ENGINE FUEL AND CONTROL,BOEING,737-800,KRİTİK,YOK,Yurtdışı tamir,34.0,9,2.25,0.56,4.9,0.95,2.0,3.0,6.0,3.0,5.0,0.111,0.5,39.4,False
PN-100851,73,ENGINE FUEL AND CONTROL,AIRBUS,A320-200,KRİTİK,YOK,Satınalma,33.0,12,3.0,0.64,7.6,0.95,2.0,4.0,7.0,3.0,5.0,0.083,0.6,39.4,False
PN-101330,32,LANDING GEAR,AIRBUS,A321neo,KRİTİK DEĞİL,YOK,Yurtdışı tamir,21.0,14,3.5,2.96,40.8,0.9,2.0,3.0,7.0,5.0,16.0,0.0,0.0,39.4,False
PN-100174,71,POWER PLANT,AIRBUS,A330-300,KRİTİK,YOK,Yurtdışı tamir,29.0,10,2.5,1.11,10.8,0.95,2.0,3.0,6.0,3.0,6.0,0.2,2.2,39.4,False
PN-103902,35,OXYGEN,AIRBUS,A319-100,KRİTİK,YOK,Satınalma,30.0,30,7.5,0.56,16.2,0.95,2.0,6.0,14.0,4.0,9.0,0.133,2.2,39.4,False
PN-104089,80,STARTING,AIRBUS,A330-200,KRİTİK,YOK,Satınalma,17.0,20,5.0,1.33,26.1,0.95,2.0,3.0,8.0,4.0,11.0,0.1,2.6,39.4,False
PN-103137,34,NAVIGATION,BOEING,737-800,KRİTİK,YOK,Yurtdışı tamir,34.0,9,2.25,0.56,4.8,0.95,2.0,3.0,6.0,3.0,5.0,0.222,1.1,39.4,False
PN-103145,36,PNEUMATIC,AIRBUS,A320neo,KRİTİK DEĞİL,YOK,Yurtdışı tamir,30.0,17,4.25,2.59,42.8,0.9,3.0,4.0,9.0,7.0,18.0,0.059,2.5,39.3,False
PN-101000,74,IGNITION,AIRBUS,A321neo,KRİTİK DEĞİL,YOK,Satınalma,24.0,11,2.75,2.96,31.7,0.9,2.0,3.0,6.0,5.0,13.0,0.0,0.0,39.3,False
PN-104927,49,AIRBORNE AUXILIARY POWER (APU),AIRBUS,A320-200,KRİTİK,YOK,Satınalma,32.0,16,4.0,0.64,9.9,0.95,2.0,4.0,8.0,3.0,6.0,0.312,3.1,39.3,False
PN-102701,73,ENGINE FUEL AND CONTROL,AIRBUS,A320-200,KRİTİK,YOK,Satınalma,31.0,20,5.0,0.64,12.5,0.95,2.0,5.0,10.0,4.0,8.0,0.2,2.5,39.3,False
PN-104990,52,DOORS,BOEING,777-F,KRİTİK DEĞİL,YOK,Satınalma,18.0,34,8.5,2.5,82.1,0.9,3.0,4.0,13.0,8.0,29.0,0.029,2.4,39.3,False
PN-101325,25,EQUIPMENT / FURNISHINGS,AIRBUS,A330-300,AOG KRİTİK,VAR,Yurtiçi tamir,10.0,17,4.25,1.11,18.7,0.98,2.0,3.0,8.0,3.0,8.0,0.0,0.0,39.3,False
PN-102094,25,EQUIPMENT / FURNISHINGS,AIRBUS,A320neo,KRİTİK DEĞİL,YOK,Satınalma,43.0,1,0.85,2.59,8.5,0.9,2.0,2.0,3.0,3.0,6.0,0.0,0.0,39.3,False
PN-102662,24,ELECTRICAL POWER,AIRBUS,A320-200,KRİTİK,YOK,Yurtdışı tamir,33.0,10,2.5,0.64,6.3,0.95,2.0,3.0,6.0,3.0,5.0,0.2,1.3,39.3,False
PN-103214,36,PNEUMATIC,AIRBUS,A320-200,KRİTİK,YOK,Yurtdışı tamir,35.0,3,0.6,0.64,1.5,0.95,1.0,2.0,3.0,2.0,3.0,0.0,0.0,39.3,False
PN-102000,76,ENGINE CONTROLS,AIRBUS,A319-100,KRİTİK,YOK,Satınalma,34.0,7,1.75,0.56,3.7,0.95,1.0,3.0,5.0,2.0,3.0,0.0,0.0,39.3,False
PN-100947,24,ELECTRICAL POWER,BOEING,737-800,KRİTİK,YOK,Satınalma,32.0,18,4.5,0.56,9.8,0.95,2.0,5.0,10.0,3.0,6.0,0.0,0.0,39.3,False
PN-100559,76,ENGINE CONTROLS,AIRBUS,A320neo,KRİTİK DEĞİL,YOK,Yurtdışı tamir,34.0,12,3.0,2.59,31.1,0.9,3.0,4.0,7.0,6.0,14.0,0.083,2.6,39.2,False
PN-100248,73,ENGINE FUEL AND CONTROL,AIRBUS,A330-200,KRİTİK,YOK,Satınalma,24.0,5,1.05,1.33,5.4,0.95,1.0,2.0,4.0,2.0,4.0,0.4,2.1,39.2,False
PN-102195,74,IGNITION,BOEING,737-800,KRİTİK,YOK,Satınalma,31.0,20,5.0,0.56,11.0,0.95,2.0,5.0,10.0,3.0,6.0,0.1,1.1,39.2,False
PN-100113,32,LANDING GEAR,BOEING,737-900ER,KRİTİK,YOK,Yurtdışı tamir,29.0,17,4.25,1.0,16.5,0.95,2.0,4.0,9.0,4.0,9.0,0.059,1.0,39.2,False
PN-101494,31,INDICATING / RECORDING SYSTEMS,AIRBUS,A320neo,KRİTİK DEĞİL,YOK,Satınalma,26.0,20,5.0,2.59,52.3,0.9,3.0,4.0,9.0,7.0,21.0,0.2,10.5,39.2,False
PN-104859,72,ENGINE,BOEING,737-800,AOG KRİTİK,VAR,Yurtiçi tamir,17.0,13,2.88,0.56,6.3,0.98,2.0,3.0,6.0,3.0,5.0,0.0,0.0,39.2,False
PN-101564,36,PNEUMATIC,AIRBUS,A320-200,KRİTİK,YOK,Yurtdışı tamir,33.0,8,2.0,0.64,4.9,0.95,2.0,3.0,5.0,3.0,5.0,0.375,1.8,39.1,False
PN-100361,77,ENGINE INDICATING,AIRBUS,A330-200,KRİTİK,YOK,Satınalma,21.0,9,2.25,1.33,11.6,0.95,2.0,3.0,6.0,3.0,6.0,0.222,2.6,39.1,False
PN-102124,72,ENGINE,AIRBUS,A320-200,AOG KRİTİK,VAR,Yurtiçi tamir,14.0,22,5.5,0.64,13.6,0.98,2.0,3.0,9.0,3.0,7.0,0.045,0.6,39.1,False
PN-103104,71,POWER PLANT,AIRBUS,A330-300,KRİTİK DEĞİL,YOK,Yurtdışı tamir,57.0,73,18.25,1.11,79.2,0.9,5.0,17.0,36.0,18.0,38.0,0.027,2.2,39.1,False
PN-103141,31,INDICATING / RECORDING SYSTEMS,BOEING,737-900ER,KRİTİK DEĞİL,YOK,Satınalma,81.0,23,5.75,1.0,22.9,0.9,3.0,9.0,15.0,9.0,15.0,0.174,4.0,39.1,False
PN-104256,29,HYDRAULIC POWER,BOEING,737-900ER,AOG KRİTİK,VAR,Yurtiçi tamir,12.0,20,5.0,1.0,19.5,0.98,2.0,3.0,8.0,3.0,8.0,0.15,2.9,39.1,False
PN-102030,36,PNEUMATIC,BOEING,737-900ER,KRİTİK,YOK,Yurtdışı tamir,30.0,13,3.25,1.0,12.8,0.95,2.0,4.0,8.0,4.0,8.0,0.0,0.0,39.1,False
PN-103010,30,ICE & RAIN PROTECTION,AIRBUS,A320-200,KRİTİK,YOK,Yurtdışı tamir,34.0,3,0.85,0.64,2.2,0.95,1.0,2.0,3.0,2.0,3.0,0.333,0.7,39.1,False
PN-101799,35,OXYGEN,BOEING,737-800,KRİTİK,YOK,Satınalma,31.0,18,4.5,0.56,10.1,0.95,2.0,5.0,10.0,3.0,6.0,0.0,0.0,39.1,False
PN-103065,36,PNEUMATIC,AIRBUS,A320neo,KRİTİK DEĞİL,YOK,Satınalma,42.0,3,0.85,2.59,8.5,0.9,2.0,2.0,3.0,3.0,6.0,0.0,0.0,39.1,False
PN-103269,80,STARTING,BOEING,737-800,KRİTİK,YOK,Satınalma,27.0,37,9.25,0.56,20.3,0.95,3.0,6.0,16.0,5.0,11.0,0.054,1.1,39.0,False
PN-102440,30,ICE & RAIN PROTECTION,BOEING,737 MAX 8,KRİTİK DEĞİL,VAR,Yurtiçi tamir,11.0,42,10.5,3.81,156.5,0.9,3.0,4.0,15.0,8.0,48.0,0.119,18.6,39.0,False
PN-100650,34,NAVIGATION,AIRBUS,A319-100,KRİTİK,YOK,Satınalma,34.0,2,0.53,0.56,1.1,0.95,1.0,2.0,3.0,2.0,3.0,0.0,0.0,39.0,False
PN-102696,24,ELECTRICAL POWER,AIRBUS,A321neo,KRİTİK,VAR,Yurtiçi tamir,7.0,11,2.75,2.96,31.3,0.95,2.0,2.0,5.0,3.0,11.0,0.364,11.4,39.0,False
PN-101243,34,NAVIGATION,AIRBUS,A330-200,KRİTİK,YOK,Yurtdışı tamir,22.0,8,1.59,1.33,8.4,0.95,2.0,3.0,5.0,3.0,6.0,0.125,1.0,39.0,False
PN-104557,76,ENGINE CONTROLS,AIRBUS,A320-200,KRİTİK,YOK,Satınalma,20.0,61,15.25,0.64,38.8,0.95,3.0,8.0,24.0,6.0,16.0,0.148,5.7,39.0,False
PN-102610,80,STARTING,AIRBUS,A320-200,KRİTİK,YOK,Satınalma,30.0,19,4.75,0.64,11.7,0.95,2.0,5.0,10.0,3.0,6.0,0.158,1.9,39.0,False
PN-103381,73,ENGINE FUEL AND CONTROL,AIRBUS,A320neo,KRİTİK DEĞİL,YOK,Yurtdışı tamir,24.0,22,5.5,2.59,56.4,0.9,3.0,4.0,10.0,7.0,22.0,0.045,2.6,39.0,False
PN-101777,25,EQUIPMENT / FURNISHINGS,BOEING,737 MAX 8,KRİTİK DEĞİL,VAR,Yurtiçi tamir,11.0,31,7.75,3.81,115.5,0.9,3.0,3.0,11.0,7.0,36.0,0.161,18.6,39.0,False
PN-102514,23,COMMUNICATIONS,AIRBUS,A320neo,KRİTİK DEĞİL,YOK,Satınalma,37.0,8,2.0,2.59,20.6,0.9,2.0,3.0,5.0,5.0,11.0,0.125,2.6,39.0,False
PN-103418,23,COMMUNICATIONS,BOEING,737 MAX 8,KRİTİK DEĞİL,VAR,Yurtiçi tamir,11.0,83,20.75,3.81,312.4,0.9,4.0,6.0,27.0,14.0,93.0,0.157,48.9,39.0,False
PN-102597,71,POWER PLANT,BOEING,737-800,KRİTİK,YOK,Yurtdışı tamir,31.0,16,4.0,0.56,8.8,0.95,2.0,4.0,8.0,3.0,6.0,0.062,0.5,39.0,False
PN-104869,71,POWER PLANT,BOEING,777-300ER,KRİTİK DEĞİL,YOK,Satınalma,38.0,54,13.5,1.67,87.5,0.9,4.0,10.0,24.0,14.0,36.0,0.111,9.7,39.0,False
PN-102033,56,WINDOWS,AIRBUS,A321neo,KRİTİK DEĞİL,YOK,Satınalma,30.0,6,1.03,2.96,12.2,0.9,2.0,2.0,4.0,4.0,8.0,0.0,0.0,39.0,False
PN-101524,49,AIRBORNE AUXILIARY POWER (APU),BOEING,737-900ER,KRİTİK,YOK,Satınalma,25.0,26,6.5,1.0,25.4,0.95,3.0,5.0,12.0,5.0,12.0,0.0,0.0,39.0,False
PN-103712,73,ENGINE FUEL AND CONTROL,AIRBUS,A321-200,KRİTİK,YOK,Satınalma,33.0,8,1.22,0.69,3.3,0.95,1.0,3.0,5.0,2.0,3.0,0.0,0.0,39.0,False
PN-101737,23,COMMUNICATIONS,BOEING,737 MAX 8,KRİTİK DEĞİL,YOK,Satınalma,11.0,0,0.0,3.81,0.0,0.9,0.0,0.0,0.0,0.0,0.0,0.0,0.0,39.0,False
PN-104298,21,AIR CONDITIONING,AIRBUS,A330-300,AOG KRİTİK,VAR,Yurtiçi tamir,12.0,9,2.25,1.11,9.9,0.98,2.0,3.0,6.0,3.0,6.0,0.0,0.0,39.0,False
PN-100049,73,ENGINE FUEL AND CONTROL,AIRBUS,A321-200,KRİTİK,YOK,Satınalma,31.0,13,3.25,0.69,8.8,0.95,2.0,4.0,8.0,3.0,6.0,0.077,0.7,39.0,False
PN-102840,32,LANDING GEAR,AIRBUS,A321-200,AOG KRİTİK,VAR,Yurtiçi tamir,6.0,49,12.25,0.69,33.4,0.98,2.0,3.0,16.0,3.0,12.0,0.041,1.4,38.9,False
PN-100399,29,HYDRAULIC POWER,AIRBUS,A321neo,KRİTİK,VAR,Yurtiçi tamir,8.0,9,2.46,2.96,28.3,0.95,2.0,2.0,5.0,3.0,11.0,0.222,6.3,38.9,False
PN-103744,27,FLIGHT CONTROLS,AIRBUS,A320-200,KRİTİK,YOK,Satınalma,29.0,22,5.5,0.64,13.8,0.95,2.0,5.0,11.0,4.0,8.0,0.136,1.9,38.9,False
PN-100122,56,WINDOWS,AIRBUS,A320neo,KRİTİK DEĞİL,YOK,Yurtdışı tamir,35.0,10,2.5,2.59,25.8,0.9,3.0,3.0,6.0,6.0,13.0,0.0,0.0,38.9,False
PN-103329,77,ENGINE INDICATING,BOEING,737-900ER,KRİTİK,YOK,Satınalma,28.0,17,4.25,1.0,16.4,0.95,2.0,4.0,9.0,4.0,9.0,0.059,1.0,38.9,False
PN-100859,73,ENGINE FUEL AND CONTROL,BOEING,737-800,KRİTİK,YOK,Yurtdışı tamir,32.0,10,2.28,0.56,4.9,0.95,2.0,3.0,6.0,3.0,5.0,0.1,0.5,38.9,False
PN-101280,72,ENGINE,AIRBUS,A320-200,KRİTİK,YOK,Satınalma,28.0,26,6.5,0.64,16.4,0.95,2.0,5.0,12.0,4.0,9.0,0.0,0.0,38.9,False
PN-102883,22,AUTO FLIGHT,AIRBUS,A320-200,KRİTİK,YOK,Yurtdışı tamir,32.0,8,2.0,0.64,5.0,0.95,2.0,3.0,5.0,3.0,5.0,0.125,0.6,38.9,False
PN-102988,77,ENGINE INDICATING,AIRBUS,A321neo,KRİTİK DEĞİL,YOK,Satınalma,24.0,9,2.25,2.96,26.8,0.9,2.0,2.0,5.0,4.0,11.0,0.111,3.0,38.9,False
PN-104953,24,ELECTRICAL POWER,AIRBUS,A350-900,KRİTİK DEĞİL,VAR,Yurtiçi tamir,12.0,35,8.75,3.75,127.3,0.9,3.0,4.0,13.0,8.0,40.0,0.057,7.3,38.9,False
PN-101734,76,ENGINE CONTROLS,AIRBUS,A320-200,KRİTİK,YOK,Yurtdışı tamir,33.0,4,1.05,0.64,2.6,0.95,1.0,3.0,5.0,2.0,3.0,0.0,0.0,38.9,False
PN-103682,26,FIRE PROTECTION,BOEING,737 MAX 8,KRİTİK DEĞİL,VAR,Yurtiçi tamir,10.0,49,12.25,3.81,183.6,0.9,3.0,4.0,17.0,9.0,55.0,0.061,11.2,38.8,False
PN-103363,74,IGNITION,BOEING,737-800,KRİTİK,YOK,Satınalma,27.0,32,8.0,0.56,17.2,0.95,2.0,6.0,14.0,4.0,9.0,0.0,0.0,38.8,False
PN-100058,72,ENGINE,AIRBUS,A321neo,KRİTİK,VAR,Yurtiçi tamir,9.0,8,2.0,2.96,23.8,0.95,2.0,2.0,4.0,3.0,9.0,0.5,11.9,38.8,False
PN-101586,74,IGNITION,AIRBUS,A330-200,KRİTİK,YOK,Satınalma,24.0,1,0.21,1.33,1.1,0.95,1.0,2.0,3.0,2.0,3.0,0.0,0.0,38.8,False
PN-104268,22,AUTO FLIGHT,BOEING,737 MAX 8,KRİTİK DEĞİL,VAR,Yurtiçi tamir,10.0,69,17.25,3.81,258.1,0.9,4.0,4.0,22.0,12.0,77.0,0.029,7.5,38.8,False
PN-102949,35,OXYGEN,AIRBUS,A321neo,KRİTİK DEĞİL,YOK,Satınalma,27.0,6,1.5,2.96,17.9,0.9,2.0,2.0,4.0,4.0,9.0,0.0,0.0,38.8,False
PN-103797,22,AUTO FLIGHT,BOEING,737-800,KRİTİK,YOK,Yurtdışı tamir,33.0,3,0.7,0.56,1.5,0.95,1.0,2.0,3.0,2.0,3.0,0.0,0.0,38.8,False
PN-104720,36,PNEUMATIC,AIRBUS,A320neo,KRİTİK DEĞİL,YOK,Yurtdışı tamir,16.0,30,7.5,2.59,75.7,0.9,3.0,4.0,12.0,7.0,26.0,0.233,17.7,38.8,False
PN-100874,71,POWER PLANT,AIRBUS,A330-200,KRİTİK,YOK,Satınalma,20.0,9,2.25,1.33,11.9,0.95,2.0,3.0,6.0,3.0,6.0,0.0,0.0,38.8,False
PN-103863,49,AIRBORNE AUXILIARY POWER (APU),AIRBUS,A320-200,KRİTİK DEĞİL,YOK,Yurtdışı tamir,73.0,66,16.5,0.64,41.5,0.9,4.0,19.0,36.0,13.0,24.0,0.076,3.1,38.8,False
PN-101783,79,OIL,AIRBUS,A320-200,KRİTİK,YOK,Satınalma,31.0,9,2.25,0.64,5.6,0.95,2.0,3.0,6.0,3.0,5.0,0.111,0.6,38.7,False
PN-104401,24,ELECTRICAL POWER,AIRBUS,A330-200,AOG KRİTİK,VAR,Yurtiçi tamir,6.0,7,1.1,1.33,5.8,0.98,1.0,2.0,4.0,2.0,4.0,0.143,0.8,38.7,False
PN-102904,52,DOORS,AIRBUS,A330-300,KRİTİK,YOK,Yurtdışı tamir,26.0,10,2.5,1.11,10.7,0.95,2.0,3.0,6.0,3.0,6.0,0.3,3.2,38.7,False
PN-102493,49,AIRBORNE AUXILIARY POWER (APU),AIRBUS,A321-200,KRİTİK,YOK,Yurtdışı tamir,28.0,20,5.0,0.69,13.6,0.95,2.0,5.0,10.0,4.0,8.0,0.05,0.7,38.7,False
PN-104786,36,PNEUMATIC,BOEING,737-900ER,KRİTİK,YOK,Yurtdışı tamir,27.0,17,4.25,1.0,16.5,0.95,2.0,4.0,9.0,4.0,9.0,0.059,1.0,38.7,False
PN-100707,36,PNEUMATIC,AIRBUS,A320-200,KRİTİK,YOK,Yurtdışı tamir,28.0,22,5.5,0.64,13.8,0.95,2.0,5.0,11.0,4.0,8.0,0.045,0.6,38.7,False
PN-104473,24,ELECTRICAL POWER,BOEING,777-F,KRİTİK,VAR,Yurtiçi tamir,6.0,27,6.75,2.5,65.8,0.95,2.0,3.0,10.0,4.0,21.0,0.111,7.3,38.7,False
PN-101167,31,INDICATING / RECORDING SYSTEMS,AIRBUS,A320-200,KRİTİK,YOK,Yurtdışı tamir,31.0,10,2.5,0.64,6.2,0.95,2.0,3.0,6.0,3.0,5.0,0.1,0.6,38.7,False
PN-100235,71,POWER PLANT,AIRBUS,A321neo,KRİTİK DEĞİL,YOK,Satınalma,16.0,16,4.0,2.96,46.1,0.9,2.0,3.0,7.0,5.0,17.0,0.062,2.9,38.7,False
PN-101152,32,LANDING GEAR,AIRBUS,A321-200,KRİTİK,YOK,Yurtdışı tamir,32.0,6,1.03,0.69,2.8,0.95,1.0,2.0,4.0,2.0,3.0,0.0,0.0,38.7,False
PN-102364,72,ENGINE,BOEING,737-800,KRİTİK,YOK,Satınalma,16.0,85,21.25,0.56,46.0,0.95,3.0,8.0,30.0,6.0,18.0,0.047,2.2,38.7,False
PN-101985,73,ENGINE FUEL AND CONTROL,AIRBUS,A321-200,KRİTİK,YOK,Satınalma,29.0,17,4.25,0.69,11.4,0.95,2.0,4.0,9.0,3.0,6.0,0.176,2.0,38.7,False
PN-104978,79,OIL,AIRBUS,A321neo,KRİTİK,VAR,Yurtiçi tamir,8.0,9,2.25,2.96,26.0,0.95,2.0,2.0,5.0,3.0,10.0,0.111,2.9,38.7,False
PN-104283,32,LANDING GEAR,AIRBUS,A320-200,KRİTİK,YOK,Satınalma,20.0,55,13.75,0.64,34.6,0.95,3.0,7.0,21.0,5.0,14.0,0.018,0.6,38.6,False
PN-104063,35,OXYGEN,BOEING,777-F,KRİTİK DEĞİL,YOK,Yurtdışı tamir,42.0,3,1.11,2.5,10.7,0.9,2.0,2.0,4.0,4.0,7.0,0.0,0.0,38.6,False
PN-104585,49,AIRBORNE AUXILIARY POWER (APU),BOEING,737-800,KRİTİK,YOK,Satınalma,25.0,38,9.5,0.56,20.5,0.95,2.0,6.0,16.0,4.0,10.0,0.026,0.5,38.6,False
PN-103330,49,AIRBORNE AUXILIARY POWER (APU),BOEING,737-800,KRİTİK,YOK,Satınalma,19.0,68,17.0,0.56,37.1,0.95,3.0,8.0,25.0,5.0,15.0,0.118,4.4,38.6,False
PN-100490,79,OIL,BOEING,737-900ER,KRİTİK,YOK,Satınalma,25.0,22,5.5,1.0,21.3,0.95,2.0,5.0,11.0,4.0,10.0,0.091,1.9,38.6,False
PN-102281,30,ICE & RAIN PROTECTION,BOEING,787-9,KRİTİK DEĞİL,VAR,Yurtiçi tamir,11.0,36,9.0,3.75,132.4,0.9,3.0,4.0,13.0,7.0,41.0,0.139,18.4,38.6,False
PN-102726,24,ELECTRICAL POWER,AIRBUS,A320-200,KRİTİK,YOK,Satınalma,20.0,54,13.5,0.64,34.1,0.95,3.0,6.0,20.0,5.0,14.0,0.296,10.1,38.6,False
PN-101306,27,FLIGHT CONTROLS,BOEING,737-800,AOG KRİTİK,VAR,Yurtiçi tamir,6.0,55,13.75,0.56,30.1,0.98,2.0,3.0,17.0,3.0,11.0,0.018,0.5,38.6,False
PN-101738,21,AIR CONDITIONING,AIRBUS,A330-200,KRİTİK DEĞİL,YOK,Satınalma,67.0,23,5.75,1.33,30.1,0.9,4.0,8.0,14.0,10.0,18.0,0.13,3.9,38.6,False
PN-102775,28,FUEL,BOEING,737-800,KRİTİK,YOK,Satınalma,32.0,4,0.79,0.56,1.7,0.95,1.0,2.0,3.0,2.0,3.0,0.5,0.8,38.6,False
PN-100034,77,ENGINE INDICATING,BOEING,777-F,KRİTİK DEĞİL,YOK,Yurtdışı tamir,32.0,15,3.75,2.5,36.7,0.9,3.0,4.0,8.0,7.0,17.0,0.0,0.0,38.6,False
PN-101199,52,DOORS,AIRBUS,A321neo,KRİTİK DEĞİL,YOK,Satınalma,18.0,14,3.5,2.96,39.8,0.9,2.0,3.0,7.0,4.0,14.0,0.0,0.0,38.6,False
PN-101360,23,COMMUNICATIONS,AIRBUS,A321neo,KRİTİK DEĞİL,YOK,Yurtdışı tamir,22.0,10,2.5,2.96,29.3,0.9,2.0,2.0,5.0,4.0,12.0,0.0,0.0,38.6,False
PN-102481,76,ENGINE CONTROLS,AIRBUS,A320neo,KRİTİK DEĞİL,YOK,Yurtdışı tamir,29.0,15,3.75,2.59,38.0,0.9,3.0,4.0,8.0,7.0,17.0,0.2,7.6,38.6,False
PN-100804,72,ENGINE,BOEING,737-800,AOG KRİTİK,VAR,Yurtiçi tamir,9.0,40,10.0,0.56,21.4,0.98,2.0,4.0,14.0,3.0,9.0,0.125,2.7,38.6,False
PN-103954,49,AIRBORNE AUXILIARY POWER (APU),BOEING,737-800,KRİTİK,YOK,Satınalma,27.0,29,7.25,0.56,15.5,0.95,2.0,6.0,14.0,4.0,8.0,0.034,0.5,38.6,False
PN-104837,22,AUTO FLIGHT,AIRBUS,A321neo,KRİTİK DEĞİL,YOK,Satınalma,30.0,3,0.7,2.96,8.0,0.9,2.0,2.0,3.0,3.0,5.0,0.0,0.0,38.6,False
PN-101120,21,AIR CONDITIONING,AIRBUS,A350-900,KRİTİK DEĞİL,VAR,Yurtiçi tamir,11.0,30,7.5,3.75,111.1,0.9,3.0,3.0,11.0,7.0,35.0,0.267,29.6,38.6,False
PN-100770,52,DOORS,BOEING,777-F,KRİTİK DEĞİL,YOK,Satınalma,39.0,7,1.88,2.5,18.2,0.9,2.0,3.0,5.0,4.0,9.0,0.286,5.2,38.6,False
PN-101315,28,FUEL,AIRBUS,A321-200,AOG KRİTİK,VAR,Yurtiçi tamir,12.0,18,4.5,0.69,12.2,0.98,2.0,3.0,8.0,3.0,7.0,0.056,0.7,38.5,False
PN-100251,34,NAVIGATION,BOEING,737-800,KRİTİK,YOK,Satınalma,31.0,6,1.5,0.56,3.3,0.95,1.0,3.0,5.0,2.0,3.0,0.0,0.0,38.5,False
PN-104509,80,STARTING,AIRBUS,A330-200,KRİTİK,YOK,Satınalma,19.0,9,2.25,1.33,11.5,0.95,2.0,3.0,6.0,3.0,6.0,0.0,0.0,38.5,False
PN-103827,36,PNEUMATIC,AIRBUS,A330-300,KRİTİK,YOK,Satınalma,18.0,28,7.0,1.11,30.7,0.95,3.0,4.0,11.0,5.0,13.0,0.179,5.5,38.5,False
PN-101349,49,AIRBORNE AUXILIARY POWER (APU),AIRBUS,A321-200,KRİTİK,YOK,Yurtdışı tamir,26.0,25,6.25,0.69,17.0,0.95,2.0,5.0,12.0,4.0,9.0,0.08,1.4,38.5,False
PN-101486,25,EQUIPMENT / FURNISHINGS,AIRBUS,A320neo,KRİTİK DEĞİL,YOK,Yurtdışı tamir,25.0,19,4.75,2.59,48.4,0.9,3.0,4.0,9.0,7.0,20.0,0.158,7.6,38.5,False
PN-101045,24,ELECTRICAL POWER,AIRBUS,A321neo,KRİTİK,VAR,Yurtiçi tamir,6.0,10,2.5,2.96,29.5,0.95,2.0,2.0,5.0,3.0,11.0,0.0,0.0,38.5,False
PN-100884,74,IGNITION,AIRBUS,A320neo,KRİTİK DEĞİL,YOK,Yurtdışı tamir,32.0,13,2.83,2.59,28.8,0.9,3.0,3.0,6.0,6.0,14.0,0.0,0.0,38.5,False
PN-100972,34,NAVIGATION,AIRBUS,A330-300,AOG KRİTİK,VAR,Yurtiçi tamir,5.0,22,5.5,1.11,23.7,0.98,2.0,3.0,9.0,3.0,9.0,0.091,2.2,38.5,False
PN-100879,52,DOORS,BOEING,777-F,KRİTİK DEĞİL,YOK,Yurtdışı tamir,25.0,22,5.5,2.5,54.0,0.9,3.0,4.0,10.0,7.0,21.0,0.136,7.4,38.4,False
PN-101186,24,ELECTRICAL POWER,AIRBUS,A321-200,KRİTİK,YOK,Satınalma,27.0,20,5.0,0.69,13.4,0.95,2.0,5.0,10.0,3.0,7.0,0.0,0.0,38.4,False
PN-104432,77,ENGINE INDICATING,AIRBUS,A330-300,KRİTİK,YOK,Yurtdışı tamir,28.0,2,0.5,1.11,2.1,0.95,1.0,2.0,3.0,2.0,3.0,0.0,0.0,38.4,False
PN-103642,79,OIL,AIRBUS,A320-200,KRİTİK,YOK,Satınalma,29.0,13,3.25,0.64,8.2,0.95,2.0,4.0,8.0,3.0,6.0,0.0,0.0,38.4,False
PN-102844,32,LANDING GEAR,AIRBUS,A321-200,AOG KRİTİK,VAR,Yurtiçi tamir,8.0,33,8.25,0.69,22.4,0.98,2.0,3.0,12.0,3.0,9.0,0.03,0.7,38.4,False
PN-100555,35,OXYGEN,AIRBUS,A330-200,KRİTİK,YOK,Satınalma,19.0,8,2.0,1.33,10.4,0.95,2.0,3.0,5.0,3.0,6.0,0.0,0.0,38.4,False
PN-100867,74,IGNITION,BOEING,737-800,KRİTİK,YOK,Satınalma,29.0,14,3.5,0.56,7.6,0.95,2.0,4.0,8.0,3.0,5.0,0.214,1.6,38.4,False
PN-103161,77,ENGINE INDICATING,AIRBUS,A319-100,KRİTİK,YOK,Yurtdışı tamir,32.0,1,0.21,0.56,0.5,0.95,1.0,2.0,3.0,2.0,3.0,1.0,0.5,38.4,False
PN-102441,21,AIR CONDITIONING,AIRBUS,A319-100,KRİTİK,YOK,Yurtdışı tamir,31.0,5,1.12,0.56,2.4,0.95,1.0,3.0,5.0,2.0,3.0,0.2,0.5,38.4,False
PN-104024,32,LANDING GEAR,AIRBUS,A321-200,AOG KRİTİK,VAR,Yurtiçi tamir,8.0,34,8.5,0.69,22.9,0.98,2.0,3.0,12.0,3.0,9.0,0.118,2.7,38.4,False
PN-101986,74,IGNITION,BOEING,737-900ER,KRİTİK,YOK,Satınalma,31.0,3,0.57,1.0,2.2,0.95,1.0,2.0,3.0,2.0,3.0,0.0,0.0,38.4,False
PN-104938,28,FUEL,AIRBUS,A320neo,KRİTİK,VAR,Yurtiçi tamir,7.0,21,5.25,2.59,53.0,0.95,2.0,3.0,9.0,4.0,18.0,0.143,7.6,38.4,False
PN-100486,29,HYDRAULIC POWER,AIRBUS,A320-200,KRİTİK,YOK,Satınalma,22.0,43,10.75,0.64,27.2,0.95,3.0,6.0,17.0,5.0,12.0,0.047,1.3,38.4,False
PN-100608,80,STARTING,AIRBUS,A320-200,KRİTİK,YOK,Satınalma,31.0,5,1.1,0.64,2.8,0.95,1.0,3.0,5.0,2.0,3.0,0.4,1.1,38.4,False
PN-101450,28,FUEL,AIRBUS,A321neo,KRİTİK DEĞİL,YOK,Yurtdışı tamir,18.0,13,3.25,2.96,37.0,0.9,2.0,3.0,7.0,4.0,14.0,0.077,2.8,38.3,False
PN-103617,31,INDICATING / RECORDING SYSTEMS,AIRBUS,A320-200,KRİTİK,YOK,Yurtdışı tamir,31.0,3,0.55,0.64,1.4,0.95,1.0,2.0,3.0,2.0,3.0,0.667,0.9,38.3,False
PN-102626,80,STARTING,AIRBUS,A321neo,KRİTİK DEĞİL,YOK,Yurtdışı tamir,28.0,2,0.85,2.96,10.0,0.9,2.0,2.0,3.0,3.0,6.0,0.0,0.0,38.3,False
PN-102653,30,ICE & RAIN PROTECTION,AIRBUS,A320neo,KRİTİK DEĞİL,YOK,Satınalma,38.0,6,1.06,2.59,10.8,0.9,2.0,2.0,4.0,4.0,7.0,0.333,3.6,38.3,False
PN-103213,80,STARTING,BOEING,737-800,KRİTİK,YOK,Yurtdışı tamir,28.0,17,4.25,0.56,9.3,0.95,2.0,4.0,9.0,3.0,6.0,0.0,0.0,38.3,False
PN-102409,21,AIR CONDITIONING,AIRBUS,A320neo,KRİTİK,VAR,Yurtiçi tamir,12.0,15,3.75,2.59,38.2,0.95,2.0,3.0,7.0,4.0,14.0,0.067,2.5,38.3,False
PN-101117,49,AIRBORNE AUXILIARY POWER (APU),AIRBUS,A320-200,AOG KRİTİK,VAR,Yurtiçi tamir,12.0,17,4.25,0.64,10.9,0.98,2.0,3.0,8.0,3.0,6.0,0.235,2.6,38.3,False
PN-102878,76,ENGINE CONTROLS,AIRBUS,A320neo,KRİTİK DEĞİL,YOK,Yurtdışı tamir,27.0,16,4.0,2.59,40.2,0.9,3.0,4.0,8.0,6.0,17.0,0.062,2.5,38.3,False
PN-104226,32,LANDING GEAR,AIRBUS,A319-100,AOG KRİTİK,VAR,Yurtiçi tamir,7.0,44,11.0,0.56,23.7,0.98,2.0,3.0,14.0,3.0,9.0,0.182,4.3,38.3,False
PN-102551,29,HYDRAULIC POWER,AIRBUS,A321neo,KRİTİK,VAR,Yurtiçi tamir,6.0,5,2.3,2.96,26.9,0.95,2.0,2.0,5.0,3.0,10.0,0.0,0.0,38.3,False
PN-104314,72,ENGINE,AIRBUS,A330-200,AOG KRİTİK,VAR,Yurtiçi tamir,5.0,4,0.85,1.33,4.5,0.98,1.0,2.0,3.0,2.0,4.0,0.0,0.0,38.3,False
PN-102786,28,FUEL,BOEING,737-900ER,KRİTİK,YOK,Satınalma,29.0,7,1.75,1.0,6.8,0.95,2.0,3.0,5.0,3.0,5.0,0.0,0.0,38.3,False
PN-102779,22,AUTO FLIGHT,BOEING,737-800,KRİTİK,YOK,Satınalma,27.0,22,5.5,0.56,11.9,0.95,2.0,5.0,11.0,3.0,6.0,0.045,0.5,38.3,False
PN-100430,23,COMMUNICATIONS,AIRBUS,A330-300,KRİTİK,YOK,Satınalma,24.0,11,2.73,1.11,11.9,0.95,2.0,3.0,6.0,3.0,6.0,0.0,0.0,38.3,False
PN-100230,34,NAVIGATION,AIRBUS,A319-100,KRİTİK,YOK,Satınalma,19.0,62,15.5,0.56,33.7,0.95,3.0,7.0,23.0,5.0,14.0,0.081,2.7,38.3,False
PN-103018,49,AIRBORNE AUXILIARY POWER (APU),AIRBUS,A320-200,KRİTİK,YOK,Satınalma,22.0,41,10.25,0.64,25.8,0.95,3.0,6.0,17.0,5.0,12.0,0.171,4.4,38.3,False
PN-104848,24,ELECTRICAL POWER,AIRBUS,A320neo,KRİTİK,VAR,Yurtiçi tamir,13.0,14,3.5,2.59,36.1,0.95,2.0,3.0,7.0,4.0,14.0,0.143,5.2,38.3,False
PN-100976,23,COMMUNICATIONS,BOEING,737 MAX 8,KRİTİK DEĞİL,VAR,Yurtiçi tamir,8.0,30,7.5,3.81,111.5,0.9,3.0,3.0,11.0,6.0,34.0,0.067,7.4,38.3,False
PN-100998,80,STARTING,AIRBUS,A321-200,KRİTİK,YOK,Satınalma,30.0,8,1.76,0.69,4.7,0.95,2.0,3.0,5.0,3.0,5.0,0.0,0.0,38.3,False
PN-102542,79,OIL,AIRBUS,A321-200,KRİTİK,YOK,Satınalma,28.0,14,3.36,0.69,9.2,0.95,2.0,4.0,8.0,3.0,6.0,0.286,2.6,38.3,False
PN-101158,30,ICE & RAIN PROTECTION,BOEING,737 MAX 8,KRİTİK DEĞİL,VAR,Yurtiçi tamir,8.0,31,7.75,3.81,113.6,0.9,3.0,3.0,11.0,6.0,35.0,0.258,29.3,38.3,False
PN-103676,30,ICE & RAIN PROTECTION,BOEING,737-800,KRİTİK,YOK,Satınalma,21.0,53,13.25,0.56,28.9,0.95,3.0,7.0,21.0,5.0,13.0,0.132,3.8,38.3,False
PN-103880,76,ENGINE CONTROLS,BOEING,737-800,AOG KRİTİK,VAR,Yurtiçi tamir,15.0,5,1.36,0.56,2.9,0.98,1.0,2.0,4.0,2.0,3.0,0.0,0.0,38.3,False
PN-103665,32,LANDING GEAR,BOEING,737-800,AOG KRİTİK,VAR,Yurtiçi tamir,9.0,32,8.0,0.56,17.5,0.98,2.0,3.0,11.0,3.0,8.0,0.125,2.2,38.2,False
PN-101063,71,POWER PLANT,AIRBUS,A320-200,AOG KRİTİK,VAR,Yurtiçi tamir,11.0,19,4.75,0.64,11.9,0.98,2.0,3.0,8.0,3.0,6.0,0.316,3.7,38.2,False
PN-101298,35,OXYGEN,AIRBUS,A321neo,KRİTİK DEĞİL,YOK,Satınalma,23.0,8,1.96,2.96,22.5,0.9,2.0,2.0,4.0,4.0,10.0,0.125,2.8,38.2,False
PN-102677,76,ENGINE CONTROLS,AIRBUS,A319-100,KRİTİK,YOK,Satınalma,30.0,3,1.44,0.56,3.1,0.95,1.0,3.0,5.0,2.0,3.0,0.0,0.0,38.2,False
PN-104992,80,STARTING,BOEING,737-900ER,KRİTİK,YOK,Satınalma,27.0,12,3.0,1.0,11.5,0.95,2.0,3.0,6.0,3.0,6.0,0.083,1.0,38.2,False
PN-102975,34,NAVIGATION,AIRBUS,A320-200,KRİTİK,YOK,Satınalma,25.0,26,6.5,0.64,16.5,0.95,2.0,5.0,12.0,4.0,9.0,0.038,0.6,38.2,False
PN-104936,79,OIL,AIRBUS,A320-200,AOG KRİTİK,VAR,Yurtiçi tamir,15.0,1,0.42,0.64,1.0,0.98,1.0,2.0,3.0,2.0,3.0,0.0,0.0,38.2,False
PN-101615,25,EQUIPMENT / FURNISHINGS,AIRBUS,A320neo,KRİTİK DEĞİL,YOK,Satınalma,18.0,25,6.25,2.59,63.8,0.9,3.0,4.0,11.0,7.0,23.0,0.0,0.0,38.2,False
PN-101257,36,PNEUMATIC,AIRBUS,A320neo,KRİTİK DEĞİL,YOK,Yurtdışı tamir,40.0,1,0.42,2.59,4.2,0.9,1.0,2.0,3.0,2.0,4.0,0.0,0.0,38.2,False
PN-103916,22,AUTO FLIGHT,AIRBUS,A321neo,KRİTİK,VAR,Yurtiçi tamir,9.0,7,1.56,2.96,18.0,0.95,2.0,2.0,4.0,3.0,8.0,0.429,7.7,38.2,False
PN-104847,23,COMMUNICATIONS,AIRBUS,A321neo,KRİTİK DEĞİL,YOK,Satınalma,27.0,5,0.97,2.96,11.3,0.9,2.0,2.0,3.0,3.0,6.0,0.0,0.0,38.2,False
PN-102577,32,LANDING GEAR,AIRBUS,A320-200,KRİTİK,YOK,Satınalma,28.0,13,3.25,0.64,8.2,0.95,2.0,3.0,7.0,3.0,6.0,0.077,0.6,38.2,False
PN-102222,21,AIR CONDITIONING,AIRBUS,A320neo,KRİTİK,VAR,Yurtiçi tamir,5.0,22,5.5,2.59,56.7,0.95,2.0,2.0,8.0,3.0,18.0,0.091,5.2,38.2,False
PN-102765,35,OXYGEN,AIRBUS,A319-100,KRİTİK,YOK,Satınalma,30.0,2,1.7,0.56,3.8,0.95,1.0,3.0,5.0,2.0,3.0,0.5,1.9,38.2,False
PN-104206,77,ENGINE INDICATING,AIRBUS,A320-200,KRİTİK,YOK,Yurtdışı tamir,29.0,10,2.5,0.64,6.4,0.95,2.0,3.0,6.0,3.0,5.0,0.1,0.6,38.2,False
PN-104147,76,ENGINE CONTROLS,AIRBUS,A319-100,KRİTİK,YOK,Satınalma,30.0,7,1.37,0.56,3.0,0.95,1.0,3.0,5.0,2.0,3.0,0.0,0.0,38.2,False
PN-101750,79,OIL,AIRBUS,A321-200,KRİTİK,YOK,Satınalma,26.0,21,5.25,0.69,14.1,0.95,2.0,5.0,11.0,4.0,8.0,0.143,2.0,38.2,False
PN-102503,23,COMMUNICATIONS,AIRBUS,A320-200,KRİTİK,YOK,Satınalma,28.0,12,3.0,0.64,7.7,0.95,2.0,3.0,6.0,3.0,5.0,0.25,1.9,38.1,False
PN-103722,72,ENGINE,AIRBUS,A330-300,KRİTİK,YOK,Satınalma,26.0,4,1.2,1.11,5.1,0.95,1.0,2.0,4.0,2.0,4.0,0.25,1.3,38.1,False
PN-100373,30,ICE & RAIN PROTECTION,AIRBUS,A320neo,KRİTİK DEĞİL,YOK,Satınalma,30.0,12,3.0,2.59,30.2,0.9,3.0,3.0,6.0,6.0,14.0,0.25,7.6,38.1,False
PN-102881,27,FLIGHT CONTROLS,BOEING,737-800,KRİTİK,YOK,Yurtdışı tamir,24.0,34,8.5,0.56,18.4,0.95,2.0,6.0,15.0,4.0,9.0,0.206,3.8,38.1,False
PN-100656,72,ENGINE,AIRBUS,A320-200,AOG KRİTİK,VAR,Yurtiçi tamir,7.0,35,8.75,0.64,22.2,0.98,2.0,3.0,12.0,3.0,9.0,0.143,3.2,38.1,False
PN-103058,31,INDICATING / RECORDING SYSTEMS,BOEING,737-800,KRİTİK,YOK,Yurtdışı tamir,29.0,9,2.25,0.56,5.0,0.95,2.0,3.0,6.0,3.0,5.0,0.0,0.0,38.1,False
PN-100014,71,POWER PLANT,AIRBUS,A320neo,KRİTİK,VAR,Yurtiçi tamir,6.0,21,5.25,2.59,52.8,0.95,2.0,2.0,8.0,3.0,17.0,0.143,7.5,38.1,False
PN-102813,80,STARTING,AIRBUS,A350-900,KRİTİK DEĞİL,VAR,Yurtiçi tamir,9.0,38,9.5,3.75,140.1,0.9,3.0,3.0,13.0,7.0,43.0,0.079,11.1,38.1,False
PN-103767,72,ENGINE,BOEING,737-900ER,AOG KRİTİK,VAR,Yurtiçi tamir,8.0,19,4.75,1.0,18.9,0.98,2.0,3.0,8.0,3.0,8.0,0.053,1.0,38.1,False
PN-102077,32,LANDING GEAR,AIRBUS,A320-200,AOG KRİTİK,VAR,Yurtiçi tamir,14.0,7,1.42,0.64,3.6,0.98,1.0,2.0,4.0,2.0,3.0,0.143,0.5,38.1,False
PN-102327,25,EQUIPMENT / FURNISHINGS,AIRBUS,A321neo,KRİTİK DEĞİL,YOK,Satınalma,22.0,8,2.0,2.96,23.2,0.9,2.0,2.0,4.0,4.0,10.0,0.0,0.0,38.0,False
PN-101855,76,ENGINE CONTROLS,BOEING,737-800,AOG KRİTİK,VAR,Yurtiçi tamir,13.0,9,2.25,0.56,4.9,0.98,1.0,3.0,6.0,2.0,4.0,0.0,0.0,38.0,False
PN-104950,29,HYDRAULIC POWER,AIRBUS,A320neo,KRİTİK,VAR,Yurtiçi tamir,12.0,14,3.5,2.59,35.0,0.95,2.0,3.0,7.0,4.0,13.0,0.0,0.0,38.0,False
PN-100237,32,LANDING GEAR,AIRBUS,A330-200,KRİTİK DEĞİL,YOK,Yurtdışı tamir,66.0,21,5.25,1.33,27.2,0.9,3.0,7.0,13.0,8.0,15.0,0.143,3.9,38.0,False
PN-102384,25,EQUIPMENT / FURNISHINGS,BOEING,737 MAX 8,KRİTİK DEĞİL,VAR,Yurtiçi tamir,7.0,45,11.25,3.81,168.0,0.9,3.0,3.0,15.0,7.0,49.0,0.267,44.8,38.0,False
PN-103839,79,OIL,BOEING,737-800,KRİTİK,YOK,Yurtdışı tamir,30.0,4,0.71,0.56,1.5,0.95,1.0,2.0,3.0,2.0,3.0,0.25,0.4,38.0,False
PN-103129,73,ENGINE FUEL AND CONTROL,AIRBUS,A321-200,KRİTİK,YOK,Yurtdışı tamir,29.0,6,1.59,0.69,4.2,0.95,1.0,3.0,5.0,2.0,4.0,0.0,0.0,38.0,False
PN-101607,49,AIRBORNE AUXILIARY POWER (APU),BOEING,737-800,AOG KRİTİK,VAR,Yurtiçi tamir,9.0,29,7.25,0.56,15.7,0.98,2.0,3.0,11.0,3.0,7.0,0.0,0.0,38.0,False
PN-101372,32,LANDING GEAR,AIRBUS,A320-200,AOG KRİTİK,VAR,Yurtiçi tamir,13.0,8,2.0,0.64,5.0,0.98,1.0,3.0,5.0,2.0,4.0,0.0,0.0,38.0,False
PN-103388,28,FUEL,BOEING,737 MAX 8,KRİTİK DEĞİL,VAR,Yurtiçi tamir,7.0,29,7.25,3.81,106.3,0.9,2.0,2.0,10.0,5.0,32.0,0.034,3.7,38.0,False
PN-100186,25,EQUIPMENT / FURNISHINGS,AIRBUS,A320neo,KRİTİK DEĞİL,YOK,Yurtdışı tamir,40.0,1,0.28,2.59,2.8,0.9,1.0,2.0,3.0,2.0,3.0,0.0,0.0,38.0,False
PN-101610,73,ENGINE FUEL AND CONTROL,AIRBUS,A321-200,KRİTİK,YOK,Satınalma,24.0,26,6.5,0.69,17.7,0.95,2.0,5.0,12.0,4.0,9.0,0.077,1.4,38.0,False
PN-101304,49,AIRBORNE AUXILIARY POWER (APU),AIRBUS,A319-100,KRİTİK,YOK,Yurtdışı tamir,27.0,17,4.25,0.56,9.2,0.95,2.0,4.0,9.0,3.0,6.0,0.118,1.1,38.0,False
PN-104296,32,LANDING GEAR,BOEING,737-900ER,AOG KRİTİK,VAR,Yurtiçi tamir,12.0,8,2.0,1.0,7.8,0.98,2.0,3.0,5.0,3.0,5.0,0.0,0.0,38.0,False
PN-104334,77,ENGINE INDICATING,AIRBUS,A321neo,KRİTİK DEĞİL,YOK,Yurtdışı tamir,27.0,5,0.81,2.96,9.6,0.9,2.0,2.0,3.0,3.0,6.0,0.2,1.9,38.0,False
PN-100689,73,ENGINE FUEL AND CONTROL,AIRBUS,A321-200,KRİTİK,YOK,Satınalma,26.0,18,4.5,0.69,12.2,0.95,2.0,4.0,9.0,3.0,7.0,0.167,2.0,38.0,False
PN-100986,52,DOORS,BOEING,737-800,KRİTİK,YOK,Satınalma,29.0,5,1.25,0.56,2.7,0.95,1.0,3.0,5.0,2.0,3.0,0.0,0.0,37.9,False
PN-102303,76,ENGINE CONTROLS,AIRBUS,A321neo,KRİTİK DEĞİL,YOK,Yurtdışı tamir,26.0,6,0.92,2.96,10.9,0.9,2.0,2.0,3.0,3.0,6.0,0.0,0.0,37.9,False
PN-103709,76,ENGINE CONTROLS,BOEING,737 MAX 8,KRİTİK DEĞİL,VAR,Yurtiçi tamir,11.0,25,6.25,3.81,93.8,0.9,3.0,3.0,10.0,6.0,30.0,0.04,3.8,37.9,False
PN-101299,21,AIR CONDITIONING,AIRBUS,A320neo,KRİTİK DEĞİL,YOK,Satınalma,17.0,25,6.25,2.59,63.6,0.9,3.0,4.0,11.0,6.0,22.0,0.04,2.5,37.9,False
PN-100366,34,NAVIGATION,AIRBUS,A321neo,KRİTİK DEĞİL,YOK,Satınalma,14.0,15,3.75,2.96,43.5,0.9,2.0,2.0,6.0,4.0,15.0,0.133,5.8,37.9,False
PN-102180,71,POWER PLANT,BOEING,777-F,KRİTİK DEĞİL,YOK,Satınalma,22.0,23,5.75,2.5,56.4,0.9,3.0,4.0,10.0,7.0,22.0,0.087,4.9,37.9,False
PN-102898,73,ENGINE FUEL AND CONTROL,BOEING,737-800,AOG KRİTİK,VAR,Yurtiçi tamir,9.0,27,6.75,0.56,14.8,0.98,2.0,3.0,10.0,3.0,7.0,0.111,1.6,37.9,False
PN-103365,72,ENGINE,AIRBUS,A321-200,KRİTİK,YOK,Satınalma,27.0,12,3.0,0.69,8.0,0.95,2.0,3.0,6.0,3.0,5.0,0.083,0.7,37.9,False
PN-104399,56,WINDOWS,BOEING,777-F,KRİTİK DEĞİL,YOK,Yurtdışı tamir,34.0,10,2.5,2.5,24.5,0.9,2.0,3.0,6.0,5.0,12.0,0.1,2.5,37.9,False
PN-104347,24,ELECTRICAL POWER,AIRBUS,A321neo,KRİTİK,VAR,Yurtiçi tamir,6.0,8,2.0,2.96,22.8,0.95,2.0,2.0,4.0,3.0,9.0,0.0,0.0,37.9,False
PN-102299,77,ENGINE INDICATING,BOEING,737-800,KRİTİK,YOK,Yurtdışı tamir,24.0,30,7.5,0.56,16.1,0.95,2.0,5.0,13.0,4.0,9.0,0.2,3.2,37.9,False
PN-104273,29,HYDRAULIC POWER,BOEING,787-9,KRİTİK DEĞİL,VAR,Yurtiçi tamir,8.0,52,13.0,3.75,189.5,0.9,3.0,4.0,17.0,8.0,56.0,0.269,51.0,37.9,False
PN-102139,31,INDICATING / RECORDING SYSTEMS,AIRBUS,A320neo,KRİTİK DEĞİL,YOK,Satınalma,19.0,23,5.75,2.59,58.1,0.9,3.0,4.0,10.0,7.0,22.0,0.043,2.5,37.9,False
PN-102562,56,WINDOWS,AIRBUS,A321-200,AOG KRİTİK,VAR,Yurtiçi tamir,14.0,1,0.21,0.69,0.6,0.98,1.0,2.0,3.0,2.0,3.0,0.0,0.0,37.9,False
PN-102549,24,ELECTRICAL POWER,BOEING,787-9,KRİTİK DEĞİL,VAR,Yurtiçi tamir,8.0,30,7.5,3.75,110.3,0.9,2.0,3.0,11.0,5.0,33.0,0.033,3.7,37.9,False
PN-101345,80,STARTING,AIRBUS,A330-200,KRİTİK,YOK,Satınalma,16.0,10,2.5,1.33,13.3,0.95,2.0,3.0,6.0,3.0,7.0,0.0,0.0,37.9,False
PN-101585,29,HYDRAULIC POWER,BOEING,777-300ER,KRİTİK DEĞİL,YOK,Satınalma,27.0,78,19.5,1.67,126.1,0.9,4.0,10.0,30.0,14.0,46.0,0.141,17.8,37.9,False
PN-101550,28,FUEL,BOEING,777-F,KRİTİK,VAR,Yurtiçi tamir,10.0,19,4.75,2.5,46.6,0.95,2.0,3.0,8.0,4.0,16.0,0.105,4.9,37.9,False
PN-103030,72,ENGINE,AIRBUS,A321-200,AOG KRİTİK,VAR,Yurtiçi tamir,11.0,13,3.25,0.69,8.9,0.98,2.0,3.0,7.0,3.0,6.0,0.077,0.7,37.9,False
PN-101174,21,AIR CONDITIONING,BOEING,737-900ER,KRİTİK,YOK,Yurtdışı tamir,27.0,8,2.0,1.0,7.9,0.95,2.0,3.0,5.0,3.0,5.0,0.5,3.9,37.9,False
PN-103150,71,POWER PLANT,BOEING,777-300ER,KRİTİK DEĞİL,YOK,Satınalma,52.0,23,5.75,1.67,37.4,0.9,3.0,7.0,13.0,9.0,19.0,0.13,4.9,37.8,False
PN-101380,80,STARTING,BOEING,737-800,KRİTİK,YOK,Satınalma,22.0,37,9.25,0.56,20.4,0.95,2.0,6.0,16.0,4.0,10.0,0.054,1.1,37.8,False
PN-101162,76,ENGINE CONTROLS,BOEING,777-300ER,KRİTİK DEĞİL,YOK,Satınalma,28.0,63,15.75,1.67,102.1,0.9,4.0,8.0,24.0,12.0,38.0,0.032,3.2,37.8,False
PN-103163,29,HYDRAULIC POWER,AIRBUS,A320-200,KRİTİK,YOK,Satınalma,26.0,13,3.73,0.64,9.5,0.95,2.0,4.0,8.0,3.0,6.0,0.154,1.5,37.8,False
PN-100463,31,INDICATING / RECORDING SYSTEMS,AIRBUS,A330-300,AOG KRİTİK,VAR,Yurtiçi tamir,8.0,7,1.75,1.11,7.6,0.98,1.0,2.0,4.0,2.0,4.0,0.286,2.2,37.8,False
PN-104376,29,HYDRAULIC POWER,AIRBUS,A319-100,AOG KRİTİK,VAR,Yurtiçi tamir,7.0,35,8.75,0.56,18.9,0.98,2.0,3.0,12.0,3.0,8.0,0.029,0.5,37.8,False
PN-104949,30,ICE & RAIN PROTECTION,AIRBUS,A321neo,KRİTİK,VAR,Yurtiçi tamir,10.0,6,0.98,2.96,11.2,0.95,1.0,2.0,3.0,2.0,5.0,0.167,1.9,37.8,False
PN-102335,36,PNEUMATIC,BOEING,737 MAX 8,KRİTİK DEĞİL,VAR,Yurtiçi tamir,6.0,39,9.75,3.81,143.2,0.9,2.0,3.0,13.0,5.0,41.0,0.179,25.7,37.8,False
PN-103284,31,INDICATING / RECORDING SYSTEMS,AIRBUS,A320neo,KRİTİK,VAR,Yurtiçi tamir,11.0,14,3.5,2.59,35.9,0.95,2.0,3.0,7.0,4.0,13.0,0.071,2.6,37.8,False
PN-101252,22,AUTO FLIGHT,AIRBUS,A321neo,KRİTİK DEĞİL,YOK,Satınalma,21.0,8,2.0,2.96,23.2,0.9,2.0,2.0,4.0,4.0,10.0,0.25,5.8,37.8,False
PN-102411,22,AUTO FLIGHT,AIRBUS,A321neo,KRİTİK DEĞİL,YOK,Yurtdışı tamir,20.0,10,2.31,2.96,26.7,0.9,2.0,2.0,5.0,4.0,11.0,0.0,0.0,37.8,False
PN-103917,76,ENGINE CONTROLS,AIRBUS,A320neo,KRİTİK DEĞİL,YOK,Yurtdışı tamir,40.0,0,0.0,2.59,0.0,0.9,0.0,0.0,0.0,0.0,0.0,0.0,0.0,37.8,False
PN-103615,32,LANDING GEAR,BOEING,737-900ER,AOG KRİTİK,VAR,Yurtiçi tamir,7.0,19,4.75,1.0,18.4,0.98,2.0,3.0,8.0,3.0,8.0,0.0,0.0,37.8,False
PN-103366,52,DOORS,BOEING,737 MAX 8,KRİTİK DEĞİL,VAR,Yurtiçi tamir,6.0,47,11.75,3.81,174.2,0.9,3.0,3.0,15.0,6.0,50.0,0.043,7.4,37.8,False
PN-104195,34,NAVIGATION,AIRBUS,A320neo,KRİTİK DEĞİL,YOK,Satınalma,22.0,19,4.75,2.59,48.4,0.9,3.0,4.0,9.0,6.0,19.0,0.0,0.0,37.8,False
PN-100868,32,LANDING GEAR,AIRBUS,A320-200,KRİTİK,YOK,Satınalma,24.0,24,6.0,0.64,15.2,0.95,2.0,5.0,11.0,3.0,7.0,0.208,3.2,37.8,False
PN-103229,74,IGNITION,AIRBUS,A321-200,KRİTİK,YOK,Yurtdışı tamir,29.0,4,0.69,0.69,1.8,0.95,1.0,2.0,3.0,2.0,3.0,0.0,0.0,37.8,False
PN-103176,49,AIRBORNE AUXILIARY POWER (APU),AIRBUS,A320-200,KRİTİK,YOK,Satınalma,26.0,14,3.5,0.64,8.7,0.95,2.0,3.0,7.0,3.0,6.0,0.071,0.6,37.7,False
PN-101434,29,HYDRAULIC POWER,AIRBUS,A330-200,KRİTİK DEĞİL,YOK,Yurtdışı tamir,74.0,2,0.42,1.33,2.3,0.9,1.0,2.0,3.0,2.0,3.0,0.0,0.0,37.7,False
PN-102133,31,INDICATING / RECORDING SYSTEMS,AIRBUS,A320neo,KRİTİK DEĞİL,YOK,Yurtdışı tamir,34.0,5,1.52,2.59,15.1,0.9,2.0,2.0,4.0,4.0,8.0,0.4,6.1,37.7,False
PN-101444,24,ELECTRICAL POWER,AIRBUS,A320-200,AOG KRİTİK,VAR,Yurtiçi tamir,8.0,23,5.75,0.64,14.5,0.98,2.0,3.0,9.0,3.0,7.0,0.043,0.6,37.7,False
PN-102016,31,INDICATING / RECORDING SYSTEMS,AIRBUS,A321neo,KRİTİK,VAR,Yurtiçi tamir,5.0,8,2.0,2.96,23.8,0.95,1.0,2.0,4.0,2.0,8.0,0.125,3.0,37.7,False
PN-103663,80,STARTING,AIRBUS,A330-300,KRİTİK,YOK,Satınalma,26.0,0,0.0,1.11,0.0,0.95,0.0,0.0,0.0,0.0,0.0,0.0,0.0,37.7,False
PN-101098,22,AUTO FLIGHT,BOEING,777-F,KRİTİK DEĞİL,YOK,Yurtdışı tamir,38.0,5,1.21,2.5,11.9,0.9,2.0,2.0,4.0,4.0,7.0,0.4,4.8,37.7,False
PN-103333,76,ENGINE CONTROLS,BOEING,737-800,KRİTİK,YOK,Satınalma,27.0,11,2.75,0.56,6.1,0.95,2.0,3.0,6.0,3.0,5.0,0.182,1.1,37.7,False
PN-101038,32,LANDING GEAR,AIRBUS,A320-200,AOG KRİTİK,VAR,Yurtiçi tamir,12.0,6,1.86,0.64,4.7,0.98,1.0,3.0,5.0,2.0,4.0,0.167,0.8,37.7,False
PN-100971,31,INDICATING / RECORDING SYSTEMS,AIRBUS,A321neo,KRİTİK,VAR,Yurtiçi tamir,10.0,3,0.85,2.96,9.9,0.95,1.0,2.0,3.0,2.0,5.0,0.0,0.0,37.7,False
PN-104717,80,STARTING,BOEING,737-800,AOG KRİTİK,VAR,Yurtiçi tamir,10.0,17,4.25,0.56,9.2,0.98,2.0,3.0,8.0,3.0,6.0,0.176,1.6,37.7,False
PN-102965,49,AIRBORNE AUXILIARY POWER (APU),BOEING,737-900ER,KRİTİK,YOK,Satınalma,24.0,15,3.75,1.0,14.5,0.95,2.0,3.0,7.0,3.0,7.0,0.0,0.0,37.7,False
PN-102535,80,STARTING,AIRBUS,A320neo,KRİTİK DEĞİL,YOK,Satınalma,26.0,14,3.5,2.59,35.6,0.9,3.0,3.0,7.0,6.0,15.0,0.214,7.6,37.6,False
PN-102695,30,ICE & RAIN PROTECTION,BOEING,787-9,KRİTİK DEĞİL,VAR,Yurtiçi tamir,12.0,25,6.25,3.75,91.5,0.9,3.0,3.0,10.0,7.0,30.0,0.2,18.3,37.6,False
PN-104452,34,NAVIGATION,AIRBUS,A320-200,KRİTİK,YOK,Satınalma,24.0,21,5.25,0.64,13.1,0.95,2.0,4.0,10.0,3.0,7.0,0.19,2.5,37.6,False
PN-101140,76,ENGINE CONTROLS,AIRBUS,A320neo,KRİTİK DEĞİL,YOK,Satınalma,19.0,22,5.5,2.59,55.1,0.9,3.0,4.0,10.0,6.0,20.0,0.045,2.5,37.6,False
PN-103668,32,LANDING GEAR,AIRBUS,A321-200,AOG KRİTİK,VAR,Yurtiçi tamir,11.0,9,2.25,0.69,6.0,0.98,1.0,3.0,6.0,2.0,4.0,0.111,0.7,37.6,False
PN-101478,26,FIRE PROTECTION,AIRBUS,A330-200,KRİTİK,YOK,Yurtdışı tamir,15.0,10,2.5,1.33,12.8,0.95,2.0,3.0,6.0,3.0,7.0,0.1,1.3,37.6,False
PN-101300,72,ENGINE,AIRBUS,A319-100,KRİTİK,YOK,Yurtdışı tamir,26.0,15,3.75,0.56,8.0,0.95,2.0,4.0,8.0,3.0,6.0,0.2,1.6,37.6,False
PN-100736,71,POWER PLANT,BOEING,777-F,KRİTİK,VAR,Yurtiçi tamir,8.0,20,5.0,2.5,48.5,0.95,2.0,3.0,8.0,4.0,17.0,0.35,17.0,37.6,False
PN-104137,27,FLIGHT CONTROLS,BOEING,737-800,AOG KRİTİK,VAR,Yurtiçi tamir,12.0,7,1.75,0.56,3.7,0.98,1.0,2.0,4.0,2.0,3.0,0.0,0.0,37.6,False
PN-102196,28,FUEL,AIRBUS,A321neo,KRİTİK,VAR,Yurtiçi tamir,9.0,4,0.97,2.96,11.5,0.95,1.0,2.0,3.0,2.0,5.0,0.25,2.9,37.6,False
PN-102892,30,ICE & RAIN PROTECTION,BOEING,787-9,KRİTİK DEĞİL,VAR,Yurtiçi tamir,7.0,51,12.75,3.75,189.5,0.9,3.0,3.0,16.0,7.0,55.0,0.078,14.9,37.6,False
PN-104681,25,EQUIPMENT / FURNISHINGS,AIRBUS,A321neo,KRİTİK DEĞİL,YOK,Yurtdışı tamir,21.0,6,1.78,2.96,20.7,0.9,2.0,2.0,4.0,4.0,10.0,0.167,3.4,37.5,False
PN-104222,74,IGNITION,AIRBUS,A321neo,KRİTİK DEĞİL,YOK,Yurtdışı tamir,26.0,3,0.57,2.96,6.6,0.9,1.0,2.0,3.0,2.0,4.0,0.0,0.0,37.5,False
PN-104920,80,STARTING,AIRBUS,A320-200,AOG KRİTİK,VAR,Yurtiçi tamir,12.0,4,0.74,0.64,2.0,0.98,1.0,2.0,3.0,2.0,3.0,0.0,0.0,37.5,False
PN-103803,21,AIR CONDITIONING,AIRBUS,A320-200,AOG KRİTİK,VAR,Yurtiçi tamir,8.0,20,5.0,0.64,12.7,0.98,2.0,3.0,8.0,3.0,7.0,0.25,3.2,37.5,False
PN-103981,23,COMMUNICATIONS,AIRBUS,A321neo,KRİTİK DEĞİL,YOK,Satınalma,20.0,8,2.0,2.96,23.4,0.9,2.0,2.0,4.0,4.0,10.0,0.125,2.9,37.5,False
PN-103511,49,AIRBORNE AUXILIARY POWER (APU),BOEING,737-800,AOG KRİTİK,VAR,Yurtiçi tamir,6.0,34,8.5,0.56,18.3,0.98,2.0,3.0,12.0,3.0,8.0,0.118,2.2,37.5,False
PN-100312,24,ELECTRICAL POWER,BOEING,737-800,KRİTİK,YOK,Yurtdışı tamir,28.0,3,0.85,0.56,1.8,0.95,1.0,2.0,3.0,2.0,3.0,0.0,0.0,37.5,False
PN-100781,52,DOORS,AIRBUS,A319-100,KRİTİK,YOK,Satınalma,27.0,6,1.7,0.56,3.7,0.95,1.0,3.0,5.0,2.0,3.0,0.0,0.0,37.5,False
PN-104751,24,ELECTRICAL POWER,AIRBUS,A330-200,KRİTİK,YOK,Satınalma,18.0,3,0.57,1.33,2.9,0.95,1.0,2.0,3.0,2.0,3.0,0.333,1.0,37.5,False
PN-100649,76,ENGINE CONTROLS,AIRBUS,A320-200,KRİTİK DEĞİL,YOK,Satınalma,72.0,48,12.0,0.64,30.4,0.9,4.0,14.0,26.0,11.0,19.0,0.25,7.6,37.5,False
PN-104323,27,FLIGHT CONTROLS,AIRBUS,A319-100,KRİTİK,YOK,Satınalma,24.0,22,5.5,0.56,11.9,0.95,2.0,4.0,10.0,3.0,6.0,0.0,0.0,37.5,False
PN-102241,56,WINDOWS,AIRBUS,A320neo,KRİTİK,VAR,Yurtiçi tamir,20.0,4,0.85,2.59,8.6,0.95,2.0,2.0,3.0,3.0,6.0,0.25,2.2,37.5,False
PN-102395,56,WINDOWS,AIRBUS,A321neo,KRİTİK DEĞİL,YOK,Satınalma,24.0,4,1.02,2.96,12.2,0.9,2.0,2.0,4.0,3.0,7.0,0.0,0.0,37.5,False
PN-102211,73,ENGINE FUEL AND CONTROL,AIRBUS,A320neo,KRİTİK DEĞİL,YOK,Satınalma,21.0,19,4.75,2.59,48.5,0.9,3.0,4.0,9.0,6.0,19.0,0.105,5.1,37.5,False
PN-103282,80,STARTING,AIRBUS,A321neo,KRİTİK DEĞİL,YOK,Satınalma,18.0,10,2.5,2.96,28.6,0.9,2.0,2.0,5.0,4.0,12.0,0.2,5.7,37.5,False
PN-100097,56,WINDOWS,AIRBUS,A321neo,KRİTİK DEĞİL,YOK,Satınalma,21.0,7,1.75,2.96,20.1,0.9,2.0,2.0,4.0,4.0,10.0,0.143,2.9,37.5,False
PN-102980,71,POWER PLANT,AIRBUS,A319-100,AOG KRİTİK,VAR,Yurtiçi tamir,8.0,23,5.75,0.56,12.5,0.98,2.0,3.0,9.0,3.0,7.0,0.13,1.6,37.5,False
PN-103424,49,AIRBORNE AUXILIARY POWER (APU),AIRBUS,A330-300,KRİTİK,YOK,Satınalma,24.0,4,0.91,1.11,4.0,0.95,1.0,2.0,3.0,2.0,3.0,0.0,0.0,37.5,False
PN-103684,80,STARTING,AIRBUS,A320neo,KRİTİK DEĞİL,YOK,Satınalma,20.0,20,5.0,2.59,50.0,0.9,3.0,4.0,9.0,6.0,19.0,0.2,10.0,37.4,False
PN-104150,29,HYDRAULIC POWER,BOEING,737-800,AOG KRİTİK,VAR,Yurtiçi tamir,10.0,12,3.0,0.56,6.5,0.98,1.0,3.0,6.0,2.0,4.0,0.083,0.5,37.4,False
PN-104952,73,ENGINE FUEL AND CONTROL,AIRBUS,A321neo,KRİTİK,VAR,Yurtiçi tamir,5.0,6,1.78,2.96,20.5,0.95,1.0,2.0,4.0,2.0,8.0,0.0,0.0,37.4,False
PN-104022,36,PNEUMATIC,AIRBUS,A319-100,KRİTİK,YOK,Satınalma,23.0,26,6.5,0.56,13.9,0.95,2.0,5.0,12.0,3.0,7.0,0.038,0.5,37.4,False
PN-102064,49,AIRBORNE AUXILIARY POWER (APU),AIRBUS,A320-200,KRİTİK,YOK,Satınalma,23.0,22,5.5,0.64,13.9,0.95,2.0,4.0,10.0,3.0,7.0,0.136,1.9,37.4,False
PN-104086,28,FUEL,AIRBUS,A319-100,AOG KRİTİK,VAR,Yurtiçi tamir,6.0,33,8.25,0.56,17.8,0.98,2.0,3.0,12.0,3.0,8.0,0.182,3.2,37.4,False
PN-100686,31,INDICATING / RECORDING SYSTEMS,BOEING,737-800,KRİTİK,YOK,Satınalma,22.0,31,7.75,0.56,16.7,0.95,2.0,5.0,13.0,4.0,9.0,0.0,0.0,37.4,False
PN-100297,32,LANDING GEAR,AIRBUS,A321-200,KRİTİK,YOK,Satınalma,16.0,48,12.0,0.69,32.8,0.95,2.0,6.0,18.0,4.0,13.0,0.146,4.8,37.4,False
PN-103912,25,EQUIPMENT / FURNISHINGS,AIRBUS,A321neo,KRİTİK,VAR,Yurtiçi tamir,8.0,6,1.03,2.96,11.7,0.95,1.0,2.0,4.0,2.0,5.0,0.5,5.9,37.4,False
PN-100153,28,FUEL,BOEING,737-800,KRİTİK,YOK,Yurtdışı tamir,26.0,13,2.7,0.56,5.8,0.95,2.0,3.0,6.0,3.0,5.0,0.308,1.8,37.4,False
PN-102349,35,OXYGEN,BOEING,737-900ER,KRİTİK,YOK,Satınalma,27.0,3,0.85,1.0,3.3,0.95,1.0,2.0,3.0,2.0,3.0,0.0,0.0,37.4,False
PN-102067,77,ENGINE INDICATING,AIRBUS,A319-100,KRİTİK,YOK,Yurtdışı tamir,25.0,15,3.75,0.56,8.1,0.95,2.0,4.0,8.0,3.0,6.0,0.0,0.0,37.4,False
PN-100130,36,PNEUMATIC,AIRBUS,A320-200,KRİTİK,YOK,Satınalma,20.0,34,8.5,0.64,21.5,0.95,2.0,5.0,14.0,4.0,10.0,0.147,3.2,37.4,False
PN-100734,26,FIRE PROTECTION,AIRBUS,A320-200,KRİTİK,YOK,Satınalma,24.0,17,4.25,0.64,10.6,0.95,2.0,4.0,9.0,3.0,6.0,0.118,1.3,37.4,False
PN-104267,79,OIL,AIRBUS,A321neo,KRİTİK DEĞİL,YOK,Yurtdışı tamir,23.0,5,1.25,2.96,14.2,0.9,2.0,2.0,4.0,3.0,7.0,0.0,0.0,37.4,False
PN-101562,27,FLIGHT CONTROLS,AIRBUS,A320-200,KRİTİK,YOK,Yurtdışı tamir,27.0,6,1.18,0.64,2.9,0.95,1.0,2.0,4.0,2.0,3.0,0.0,0.0,37.4,False
PN-101155,49,AIRBORNE AUXILIARY POWER (APU),AIRBUS,A320-200,KRİTİK,YOK,Satınalma,24.0,18,4.5,0.64,11.3,0.95,2.0,4.0,9.0,3.0,6.0,0.0,0.0,37.4,False
PN-104612,73,ENGINE FUEL AND CONTROL,BOEING,737-800,KRİTİK,YOK,Satınalma,26.0,10,2.5,0.56,5.6,0.95,2.0,3.0,6.0,3.0,5.0,0.0,0.0,37.4,False
PN-100169,21,AIR CONDITIONING,AIRBUS,A321neo,KRİTİK,VAR,Yurtiçi tamir,4.0,6,1.96,2.96,22.6,0.95,1.0,2.0,4.0,2.0,8.0,0.0,0.0,37.4,False
PN-104167,25,EQUIPMENT / FURNISHINGS,AIRBUS,A321neo,KRİTİK,VAR,Yurtiçi tamir,5.0,7,1.75,2.96,20.3,0.95,1.0,2.0,4.0,2.0,8.0,0.143,2.9,37.4,False
PN-100208,27,FLIGHT CONTROLS,AIRBUS,A320-200,KRİTİK,YOK,Yurtdışı tamir,24.0,17,4.25,0.64,10.7,0.95,2.0,4.0,9.0,3.0,6.0,0.118,1.3,37.4,False
PN-101909,79,OIL,AIRBUS,A320-200,KRİTİK,YOK,Satınalma,27.0,6,1.19,0.64,3.0,0.95,1.0,2.0,4.0,2.0,3.0,0.0,0.0,37.4,False
PN-101800,22,AUTO FLIGHT,AIRBUS,A321neo,KRİTİK,VAR,Yurtiçi tamir,10.0,2,0.57,2.96,6.9,0.95,1.0,2.0,3.0,2.0,4.0,0.0,0.0,37.4,False
PN-104534,21,AIR CONDITIONING,AIRBUS,A320-200,AOG KRİTİK,VAR,Yurtiçi tamir,10.0,8,2.0,0.64,5.2,0.98,1.0,2.0,4.0,2.0,4.0,0.125,0.6,37.3,False
PN-101436,32,LANDING GEAR,AIRBUS,A321-200,AOG KRİTİK,VAR,Yurtiçi tamir,6.0,24,6.0,0.69,16.3,0.98,2.0,3.0,9.0,3.0,8.0,0.083,1.4,37.3,False
PN-101036,77,ENGINE INDICATING,AIRBUS,A320neo,KRİTİK DEĞİL,YOK,Yurtdışı tamir,34.0,5,1.11,2.59,11.1,0.9,2.0,2.0,4.0,4.0,7.0,0.4,4.4,37.3,False
PN-100842,77,ENGINE INDICATING,AIRBUS,A320-200,AOG KRİTİK,VAR,Yurtiçi tamir,12.0,0,0.0,0.64,0.0,0.98,0.0,0.0,0.0,0.0,0.0,0.0,0.0,37.3,False
PN-100103,21,AIR CONDITIONING,BOEING,737-800,KRİTİK,YOK,Yurtdışı tamir,25.0,14,3.5,0.56,7.7,0.95,2.0,3.0,7.0,3.0,5.0,0.0,0.0,37.3,False
PN-100117,24,ELECTRICAL POWER,BOEING,737 MAX 8,KRİTİK DEĞİL,VAR,Yurtiçi tamir,4.0,81,20.25,3.81,308.0,0.9,3.0,3.0,24.0,7.0,84.0,0.21,64.6,37.3,False
PN-100666,35,OXYGEN,AIRBUS,A320-200,KRİTİK,YOK,Yurtdışı tamir,25.0,12,3.0,0.64,7.6,0.95,2.0,3.0,6.0,3.0,5.0,0.083,0.6,37.3,False
PN-101388,77,ENGINE INDICATING,BOEING,777-300ER,KRİTİK DEĞİL,YOK,Satınalma,41.0,38,9.5,1.67,61.8,0.9,4.0,8.0,18.0,11.0,27.0,0.132,8.1,37.3,False
PN-103747,80,STARTING,BOEING,787-9,KRİTİK DEĞİL,VAR,Yurtiçi tamir,6.0,172,43.0,3.75,627.9,0.9,5.0,6.0,49.0,16.0,173.0,0.14,87.6,37.3,False
PN-104073,79,OIL,AIRBUS,A350-900,KRİTİK DEĞİL,VAR,Yurtiçi tamir,11.0,25,6.25,3.75,91.8,0.9,3.0,3.0,10.0,6.0,29.0,0.08,7.3,37.3,False
PN-104203,24,ELECTRICAL POWER,AIRBUS,A320-200,AOG KRİTİK,VAR,Yurtiçi tamir,4.0,35,8.75,0.64,22.0,0.98,2.0,3.0,12.0,3.0,9.0,0.057,1.3,37.3,False
PN-100853,27,FLIGHT CONTROLS,AIRBUS,A321-200,KRİTİK,YOK,Satınalma,26.0,6,1.3,0.69,3.5,0.95,1.0,3.0,5.0,2.0,3.0,0.167,0.6,37.2,False
PN-102703,74,IGNITION,AIRBUS,A321neo,KRİTİK,VAR,Yurtiçi tamir,11.0,1,0.21,2.96,2.4,0.95,1.0,2.0,3.0,2.0,3.0,0.0,0.0,37.2,False
PN-102675,49,AIRBORNE AUXILIARY POWER (APU),AIRBUS,A319-100,AOG KRİTİK,VAR,Yurtiçi tamir,7.0,22,5.5,0.56,12.1,0.98,1.0,3.0,9.0,2.0,6.0,0.0,0.0,37.2,False
PN-102359,26,FIRE PROTECTION,AIRBUS,A320neo,KRİTİK DEĞİL,YOK,Satınalma,20.0,19,4.75,2.59,48.0,0.9,3.0,4.0,9.0,6.0,18.0,0.053,2.5,37.2,False
PN-104278,72,ENGINE,AIRBUS,A321-200,AOG KRİTİK,VAR,Yurtiçi tamir,9.0,10,2.5,0.69,6.8,0.98,1.0,3.0,6.0,2.0,4.0,0.1,0.7,37.2,False
PN-100409,21,AIR CONDITIONING,AIRBUS,A330-300,AOG KRİTİK,VAR,Yurtiçi tamir,4.0,11,2.75,1.11,11.9,0.98,1.0,2.0,5.0,2.0,5.0,0.182,2.2,37.2,False
PN-102753,52,DOORS,BOEING,737-900ER,AOG KRİTİK,VAR,Yurtiçi tamir,9.0,8,1.89,1.0,7.3,0.98,1.0,2.0,4.0,2.0,4.0,0.125,0.9,37.2,False
PN-104604,26,FIRE PROTECTION,AIRBUS,A320neo,KRİTİK DEĞİL,YOK,Satınalma,32.0,6,1.5,2.59,15.6,0.9,2.0,2.0,4.0,4.0,8.0,0.167,2.6,37.2,False
PN-100207,80,STARTING,AIRBUS,A320neo,KRİTİK,VAR,Yurtiçi tamir,7.0,16,4.0,2.59,40.5,0.95,2.0,2.0,6.0,3.0,14.0,0.0,0.0,37.2,False
PN-101196,71,POWER PLANT,AIRBUS,A321-200,KRİTİK,YOK,Satınalma,24.0,13,3.25,0.69,8.9,0.95,2.0,3.0,7.0,3.0,6.0,0.231,2.1,37.2,False
PN-102430,24,ELECTRICAL POWER,BOEING,737-800,AOG KRİTİK,VAR,Yurtiçi tamir,6.0,28,7.0,0.56,15.1,0.98,2.0,3.0,10.0,3.0,7.0,0.107,1.6,37.2,False
PN-100198,29,HYDRAULIC POWER,AIRBUS,A321-200,AOG KRİTİK,VAR,Yurtiçi tamir,7.0,19,4.75,0.69,13.0,0.98,2.0,3.0,8.0,3.0,7.0,0.053,0.7,37.2,False
PN-102084,24,ELECTRICAL POWER,BOEING,737-800,AOG KRİTİK,VAR,Yurtiçi tamir,10.0,8,2.0,0.56,4.3,0.98,1.0,2.0,4.0,2.0,4.0,0.125,0.5,37.2,False
PN-102216,32,LANDING GEAR,AIRBUS,A321-200,AOG KRİTİK,VAR,Yurtiçi tamir,9.0,9,2.46,0.69,6.7,0.98,1.0,3.0,6.0,2.0,4.0,0.111,0.7,37.2,False
PN-103049,71,POWER PLANT,AIRBUS,A321neo,KRİTİK,VAR,Yurtiçi tamir,6.0,5,1.29,2.96,15.2,0.95,1.0,2.0,4.0,2.0,6.0,0.4,6.1,37.2,False
PN-103932,71,POWER PLANT,AIRBUS,A320-200,KRİTİK,YOK,Satınalma,27.0,3,0.46,0.64,1.1,0.95,1.0,2.0,3.0,2.0,3.0,0.333,0.4,37.2,False
PN-100935,79,OIL,AIRBUS,A330-300,KRİTİK,YOK,Satınalma,20.0,10,2.5,1.11,11.0,0.95,2.0,3.0,6.0,3.0,6.0,0.3,3.3,37.2,False
PN-103957,72,ENGINE,BOEING,737-800,AOG KRİTİK,VAR,Yurtiçi tamir,9.0,13,3.25,0.56,7.1,0.98,1.0,3.0,7.0,2.0,4.0,0.231,1.6,37.2,False
PN-103588,52,DOORS,AIRBUS,A321-200,KRİTİK,YOK,Yurtdışı tamir,26.0,5,1.29,0.69,3.5,0.95,1.0,2.0,4.0,2.0,3.0,0.2,0.7,37.2,False
PN-101469,22,AUTO FLIGHT,AIRBUS,A320-200,AOG KRİTİK,VAR,Yurtiçi tamir,9.0,12,3.0,0.64,7.5,0.98,1.0,3.0,6.0,2.0,4.0,0.167,1.2,37.2,False
PN-101277,73,ENGINE FUEL AND CONTROL,AIRBUS,A320-200,KRİTİK,YOK,Satınalma,23.0,19,4.75,0.64,11.8,0.95,2.0,4.0,9.0,3.0,6.0,0.105,1.2,37.2,False
PN-104867,29,HYDRAULIC POWER,BOEING,737-900ER,AOG KRİTİK,VAR,Yurtiçi tamir,5.0,18,4.5,1.0,17.4,0.98,2.0,3.0,8.0,3.0,8.0,0.222,3.9,37.2,False
PN-103356,22,AUTO FLIGHT,AIRBUS,A330-300,AOG KRİTİK,VAR,Yurtiçi tamir,6.0,7,1.44,1.11,6.3,0.98,1.0,2.0,4.0,2.0,4.0,0.0,0.0,37.2,False
PN-103182,72,ENGINE,AIRBUS,A320-200,AOG KRİTİK,VAR,Yurtiçi tamir,9.0,12,3.0,0.64,7.5,0.98,1.0,3.0,6.0,2.0,4.0,0.0,0.0,37.2,False
PN-100369,73,ENGINE FUEL AND CONTROL,AIRBUS,A319-100,KRİTİK,YOK,Yurtdışı tamir,26.0,7,1.55,0.56,3.3,0.95,1.0,3.0,5.0,2.0,3.0,0.0,0.0,37.2,False
PN-103114,30,ICE & RAIN PROTECTION,AIRBUS,A350-900,KRİTİK DEĞİL,VAR,Yurtiçi tamir,5.0,40,10.0,3.75,146.8,0.9,2.0,2.0,12.0,5.0,42.0,0.05,7.3,37.1,False
PN-100821,56,WINDOWS,AIRBUS,A321neo,KRİTİK DEĞİL,YOK,Yurtdışı tamir,27.0,0,0.0,2.96,0.0,0.9,0.0,0.0,0.0,0.0,0.0,0.0,0.0,37.1,False
PN-100814,73,ENGINE FUEL AND CONTROL,AIRBUS,A321-200,KRİTİK,YOK,Yurtdışı tamir,26.0,6,1.07,0.69,2.9,0.95,1.0,2.0,4.0,2.0,3.0,0.0,0.0,37.1,False
PN-102895,35,OXYGEN,AIRBUS,A321neo,KRİTİK DEĞİL,YOK,Satınalma,24.0,2,0.65,2.96,7.7,0.9,1.0,2.0,3.0,2.0,4.0,0.0,0.0,37.1,False
PN-101484,31,INDICATING / RECORDING SYSTEMS,AIRBUS,A321-200,AOG KRİTİK,VAR,Yurtiçi tamir,9.0,9,2.25,0.69,6.1,0.98,1.0,2.0,5.0,2.0,4.0,0.222,1.4,37.1,False
PN-101857,49,AIRBORNE AUXILIARY POWER (APU),AIRBUS,A321-200,KRİTİK,YOK,Satınalma,21.0,23,5.75,0.69,15.5,0.95,2.0,4.0,10.0,3.0,7.0,0.174,2.7,37.1,False
PN-104517,22,AUTO FLIGHT,AIRBUS,A319-100,KRİTİK,YOK,Satınalma,23.0,20,5.0,0.56,10.8,0.95,2.0,4.0,9.0,3.0,6.0,0.0,0.0,37.1,False
PN-101804,24,ELECTRICAL POWER,AIRBUS,A319-100,AOG KRİTİK,VAR,Yurtiçi tamir,10.0,8,1.76,0.56,3.8,0.98,1.0,2.0,4.0,2.0,3.0,0.125,0.5,37.1,False
PN-101659,27,FLIGHT CONTROLS,AIRBUS,A320neo,KRİTİK DEĞİL,YOK,Yurtdışı tamir,33.0,5,1.12,2.59,11.7,0.9,2.0,2.0,4.0,4.0,7.0,0.4,4.7,37.1,False
PN-101495,32,LANDING GEAR,AIRBUS,A319-100,AOG KRİTİK,VAR,Yurtiçi tamir,8.0,16,4.0,0.56,8.6,0.98,1.0,3.0,7.0,2.0,5.0,0.125,1.1,37.1,False
PN-100314,27,FLIGHT CONTROLS,AIRBUS,A319-100,KRİTİK,YOK,Satınalma,26.0,5,1.21,0.56,2.6,0.95,1.0,2.0,4.0,2.0,3.0,0.4,1.0,37.1,False
PN-100280,28,FUEL,AIRBUS,A320-200,KRİTİK,YOK,Satınalma,26.0,5,0.99,0.64,2.5,0.95,1.0,2.0,3.0,2.0,3.0,0.2,0.5,37.1,False
PN-100209,73,ENGINE FUEL AND CONTROL,BOEING,737-800,KRİTİK,YOK,Yurtdışı tamir,26.0,5,1.25,0.56,2.7,0.95,1.0,2.0,4.0,2.0,3.0,0.0,0.0,37.1,False
PN-100760,25,EQUIPMENT / FURNISHINGS,AIRBUS,A320-200,KRİTİK,YOK,Satınalma,26.0,4,0.85,0.64,2.1,0.95,1.0,2.0,3.0,2.0,3.0,0.25,0.5,37.1,False
PN-102636,29,HYDRAULIC POWER,AIRBUS,A319-100,AOG KRİTİK,VAR,Yurtiçi tamir,6.0,27,6.75,0.56,14.6,0.98,2.0,3.0,10.0,3.0,7.0,0.111,1.6,37.1,False
PN-103455,76,ENGINE CONTROLS,BOEING,737-800,KRİTİK,YOK,Yurtdışı tamir,23.0,19,4.75,0.56,10.2,0.95,2.0,4.0,9.0,3.0,6.0,0.158,1.6,37.1,False
PN-100069,34,NAVIGATION,BOEING,787-9,KRİTİK DEĞİL,VAR,Yurtiçi tamir,5.0,44,11.0,3.75,162.8,0.9,2.0,2.0,13.0,5.0,46.0,0.205,33.3,37.1,False
PN-101910,22,AUTO FLIGHT,AIRBUS,A321-200,KRİTİK,YOK,Yurtdışı tamir,26.0,5,1.0,0.69,2.7,0.95,1.0,2.0,3.0,2.0,3.0,0.4,1.1,37.1,False
PN-103821,21,AIR CONDITIONING,AIRBUS,A321-200,KRİTİK,YOK,Satınalma,26.0,3,0.7,0.69,2.0,0.95,1.0,2.0,3.0,2.0,3.0,0.0,0.0,37.1,False
PN-103440,79,OIL,BOEING,737-800,KRİTİK,YOK,Satınalma,25.0,7,2.03,0.56,4.4,0.95,1.0,3.0,6.0,2.0,4.0,0.143,0.6,37.0,False
PN-100076,29,HYDRAULIC POWER,BOEING,737-800,AOG KRİTİK,VAR,Yurtiçi tamir,8.0,15,3.75,0.56,8.2,0.98,1.0,3.0,7.0,2.0,5.0,0.2,1.6,37.0,False
PN-100531,25,EQUIPMENT / FURNISHINGS,AIRBUS,A320-200,KRİTİK,YOK,Yurtdışı tamir,23.0,15,3.75,0.64,9.4,0.95,2.0,3.0,7.0,3.0,6.0,0.267,2.5,37.0,False
PN-100404,34,NAVIGATION,AIRBUS,A321-200,KRİTİK,YOK,Satınalma,26.0,3,0.57,0.69,1.6,0.95,1.0,2.0,3.0,2.0,3.0,0.0,0.0,37.0,False
PN-101376,80,STARTING,AIRBUS,A319-100,KRİTİK,YOK,Satınalma,25.0,7,1.69,0.56,3.7,0.95,1.0,3.0,5.0,2.0,3.0,0.0,0.0,37.0,False
PN-103779,32,LANDING GEAR,AIRBUS,A319-100,AOG KRİTİK,VAR,Yurtiçi tamir,8.0,15,3.75,0.56,8.2,0.98,1.0,3.0,7.0,2.0,5.0,0.067,0.5,37.0,False
PN-103536,21,AIR CONDITIONING,BOEING,777-300ER,KRİTİK,VAR,Yurtiçi tamir,8.0,118,29.5,1.67,193.0,0.95,4.0,6.0,36.0,9.0,58.0,0.085,16.4,37.0,False
PN-104864,76,ENGINE CONTROLS,AIRBUS,A320-200,KRİTİK,YOK,Satınalma,18.0,36,9.0,0.64,22.5,0.95,2.0,5.0,14.0,4.0,10.0,0.083,1.9,37.0,False
PN-102938,77,ENGINE INDICATING,BOEING,777-F,KRİTİK DEĞİL,YOK,Satınalma,18.0,24,6.0,2.5,58.3,0.9,3.0,4.0,10.0,6.0,21.0,0.0,0.0,37.0,False
PN-104062,52,DOORS,AIRBUS,A320-200,KRİTİK,YOK,Yurtdışı tamir,23.0,22,3.79,0.64,9.6,0.95,2.0,3.0,7.0,3.0,6.0,0.045,0.4,37.0,False
PN-100136,49,AIRBORNE AUXILIARY POWER (APU),AIRBUS,A321neo,KRİTİK,VAR,Yurtiçi tamir,7.0,5,0.93,2.96,10.7,0.95,1.0,2.0,3.0,2.0,5.0,0.0,0.0,37.0,False
PN-102262,21,AIR CONDITIONING,BOEING,777-300ER,KRİTİK,VAR,Yurtiçi tamir,8.0,86,21.5,1.67,140.7,0.95,3.0,5.0,27.0,7.0,43.0,0.174,24.5,37.0,False
PN-100777,24,ELECTRICAL POWER,AIRBUS,A330-200,KRİTİK DEĞİL,YOK,Yurtdışı tamir,61.0,23,5.75,1.33,30.3,0.9,3.0,7.0,13.0,9.0,17.0,0.174,5.3,37.0,False
PN-104385,71,POWER PLANT,BOEING,777-F,KRİTİK DEĞİL,YOK,Satınalma,34.0,6,1.54,2.5,14.9,0.9,2.0,2.0,4.0,4.0,8.0,0.0,0.0,37.0,False
PN-103759,36,PNEUMATIC,AIRBUS,A320neo,KRİTİK DEĞİL,YOK,Satınalma,24.0,14,3.5,2.59,35.0,0.9,2.0,3.0,7.0,5.0,14.0,0.143,5.0,37.0,False
PN-101571,30,ICE & RAIN PROTECTION,BOEING,737-800,KRİTİK,YOK,Satınalma,26.0,4,0.69,0.56,1.5,0.95,1.0,2.0,3.0,2.0,3.0,0.0,0.0,37.0,False
PN-104483,22,AUTO FLIGHT,BOEING,737-900ER,KRİTİK,YOK,Satınalma,23.0,8,2.0,1.0,8.0,0.95,2.0,3.0,5.0,3.0,5.0,0.0,0.0,36.9,False
PN-103224,49,AIRBORNE AUXILIARY POWER (APU),BOEING,737-900ER,KRİTİK,YOK,Yurtdışı tamir,22.0,11,2.75,1.0,10.6,0.95,2.0,3.0,6.0,3.0,6.0,0.182,1.9,36.9,False
PN-104354,34,NAVIGATION,AIRBUS,A320-200,KRİTİK,YOK,Yurtdışı tamir,24.0,9,2.25,0.64,5.5,0.95,1.0,3.0,6.0,2.0,4.0,0.0,0.0,36.9,False
PN-101644,24,ELECTRICAL POWER,AIRBUS,A321neo,KRİTİK,VAR,Yurtiçi tamir,8.0,3,0.6,2.96,7.0,0.95,1.0,2.0,3.0,2.0,4.0,0.667,4.7,36.9,False
PN-104010,30,ICE & RAIN PROTECTION,BOEING,737-900ER,KRİTİK,YOK,Yurtdışı tamir,23.0,9,2.25,1.0,8.7,0.95,2.0,3.0,6.0,3.0,6.0,0.444,3.9,36.9,False
PN-102032,23,COMMUNICATIONS,BOEING,737-800,KRİTİK,YOK,Yurtdışı tamir,24.0,10,2.5,0.56,5.4,0.95,1.0,3.0,6.0,2.0,4.0,0.0,0.0,36.9,False
PN-104389,49,AIRBORNE AUXILIARY POWER (APU),AIRBUS,A350-900,KRİTİK DEĞİL,VAR,Yurtiçi tamir,7.0,27,6.75,3.75,98.0,0.9,2.0,2.0,9.0,4.0,29.0,0.185,18.1,36.9,False
PN-102512,80,STARTING,AIRBUS,A320neo,KRİTİK DEĞİL,YOK,Satınalma,25.0,12,3.0,2.59,30.8,0.9,2.0,3.0,6.0,5.0,13.0,0.083,2.6,36.9,False
PN-103272,52,DOORS,AIRBUS,A320neo,KRİTİK DEĞİL,YOK,Satınalma,34.0,3,0.69,2.59,6.9,0.9,2.0,2.0,3.0,3.0,5.0,0.333,2.3,36.9,False
PN-100438,23,COMMUNICATIONS,AIRBUS,A320neo,KRİTİK DEĞİL,YOK,Satınalma,24.0,13,3.25,2.59,32.9,0.9,2.0,3.0,7.0,5.0,14.0,0.0,0.0,36.8,False
PN-104736,22,AUTO FLIGHT,AIRBUS,A321-200,KRİTİK,YOK,Satınalma,24.0,7,1.75,0.69,4.7,0.95,1.0,3.0,5.0,2.0,4.0,0.429,2.0,36.8,False
PN-102970,49,AIRBORNE AUXILIARY POWER (APU),AIRBUS,A350-900,KRİTİK DEĞİL,VAR,Yurtiçi tamir,6.0,27,6.75,3.75,100.0,0.9,2.0,2.0,9.0,4.0,30.0,0.0,0.0,36.8,False
PN-100933,52,DOORS,AIRBUS,A320neo,KRİTİK DEĞİL,YOK,Satınalma,21.0,16,4.0,2.59,40.7,0.9,2.0,3.0,7.0,5.0,16.0,0.0,0.0,36.8,False
PN-100957,52,DOORS,BOEING,777-300ER,KRİTİK,VAR,Yurtiçi tamir,7.0,100,25.0,1.67,163.9,0.95,3.0,5.0,30.0,7.0,48.0,0.09,14.7,36.8,False
PN-101055,80,STARTING,BOEING,737-900ER,AOG KRİTİK,VAR,Yurtiçi tamir,4.0,16,4.0,1.0,15.8,0.98,1.0,2.0,6.0,2.0,6.0,0.062,1.0,36.8,False
PN-102159,29,HYDRAULIC POWER,AIRBUS,A320-200,AOG KRİTİK,VAR,Yurtiçi tamir,8.0,9,2.25,0.64,5.7,0.98,1.0,2.0,5.0,2.0,4.0,0.0,0.0,36.8,False
PN-103120,52,DOORS,AIRBUS,A321neo,KRİTİK DEĞİL,YOK,Satınalma,23.0,4,0.69,2.96,8.1,0.9,1.0,2.0,3.0,2.0,5.0,0.0,0.0,36.8,False
PN-100276,34,NAVIGATION,BOEING,737-800,KRİTİK,YOK,Satınalma,15.0,53,13.25,0.56,28.9,0.95,2.0,6.0,20.0,4.0,12.0,0.057,1.6,36.8,False
PN-104265,80,STARTING,BOEING,737-800,KRİTİK,YOK,Satınalma,24.0,8,1.96,0.56,4.2,0.95,1.0,3.0,5.0,2.0,4.0,0.0,0.0,36.8,False
PN-100749,25,EQUIPMENT / FURNISHINGS,AIRBUS,A321neo,KRİTİK DEĞİL,YOK,Satınalma,16.0,9,2.25,2.96,26.2,0.9,2.0,2.0,5.0,4.0,11.0,0.111,2.9,36.8,False
PN-102888,24,ELECTRICAL POWER,AIRBUS,A321neo,KRİTİK,VAR,Yurtiçi tamir,6.0,4,1.0,2.96,11.6,0.95,1.0,2.0,3.0,2.0,5.0,0.0,0.0,36.8,False
PN-102731,35,OXYGEN,BOEING,777-300ER,KRİTİK DEĞİL,YOK,Satınalma,50.0,20,5.0,1.67,32.8,0.9,3.0,6.0,11.0,8.0,17.0,0.15,4.9,36.8,False
PN-104292,34,NAVIGATION,BOEING,737-800,AOG KRİTİK,VAR,Yurtiçi tamir,9.0,5,1.28,0.56,2.8,0.98,1.0,2.0,4.0,2.0,3.0,0.0,0.0,36.8,False
PN-103980,32,LANDING GEAR,BOEING,737-800,KRİTİK,YOK,Yurtdışı tamir,22.0,19,4.75,0.56,10.2,0.95,2.0,4.0,9.0,3.0,6.0,0.105,1.1,36.8,False
PN-102454,74,IGNITION,AIRBUS,A320neo,KRİTİK DEĞİL,YOK,Satınalma,33.0,1,0.85,2.59,8.5,0.9,2.0,2.0,3.0,3.0,6.0,1.0,8.5,36.8,False
PN-103020,30,ICE & RAIN PROTECTION,AIRBUS,A321neo,KRİTİK DEĞİL,YOK,Satınalma,22.0,3,0.85,2.96,9.9,0.9,1.0,2.0,3.0,2.0,5.0,0.0,0.0,36.8,False
PN-101421,80,STARTING,BOEING,737 MAX 8,KRİTİK DEĞİL,VAR,Yurtiçi tamir,8.0,24,6.0,3.81,89.9,0.9,2.0,2.0,8.0,4.0,27.0,0.042,3.7,36.8,False
PN-102837,77,ENGINE INDICATING,BOEING,737-800,KRİTİK,YOK,Satınalma,22.0,16,4.0,0.56,8.6,0.95,2.0,3.0,7.0,3.0,6.0,0.062,0.5,36.7,False
PN-100863,73,ENGINE FUEL AND CONTROL,AIRBUS,A330-300,KRİTİK,YOK,Satınalma,18.0,11,2.54,1.11,11.0,0.95,2.0,3.0,6.0,3.0,6.0,0.091,1.0,36.7,False
PN-101385,27,FLIGHT CONTROLS,AIRBUS,A319-100,AOG KRİTİK,VAR,Yurtiçi tamir,9.0,2,0.85,0.56,1.8,0.98,1.0,2.0,3.0,2.0,3.0,0.5,0.9,36.7,False
PN-102428,72,ENGINE,BOEING,737-800,KRİTİK,YOK,Yurtdışı tamir,17.0,41,10.25,0.56,22.4,0.95,2.0,5.0,16.0,4.0,10.0,0.22,4.9,36.7,False
PN-101312,73,ENGINE FUEL AND CONTROL,AIRBUS,A330-300,KRİTİK,YOK,Satınalma,20.0,6,1.46,1.11,6.4,0.95,1.0,2.0,4.0,2.0,4.0,0.167,1.1,36.7,False
PN-103083,27,FLIGHT CONTROLS,BOEING,737-800,KRİTİK,YOK,Satınalma,23.0,12,3.0,0.56,6.6,0.95,2.0,3.0,6.0,3.0,5.0,0.0,0.0,36.7,False
PN-101489,35,OXYGEN,BOEING,787-9,KRİTİK DEĞİL,VAR,Yurtiçi tamir,22.0,15,3.75,3.75,55.5,0.9,3.0,3.0,7.0,7.0,21.0,0.267,14.8,36.7,False
PN-101792,29,HYDRAULIC POWER,AIRBUS,A320-200,KRİTİK,YOK,Satınalma,24.0,5,1.62,0.64,4.0,0.95,1.0,3.0,5.0,2.0,4.0,0.0,0.0,36.7,False
PN-103937,34,NAVIGATION,AIRBUS,A321-200,AOG KRİTİK,VAR,Yurtiçi tamir,6.0,15,3.75,0.69,10.0,0.98,1.0,3.0,7.0,2.0,5.0,0.2,2.0,36.7,False
PN-104624,31,INDICATING / RECORDING SYSTEMS,AIRBUS,A321-200,KRİTİK,YOK,Satınalma,18.0,28,7.0,0.69,19.2,0.95,2.0,4.0,11.0,3.0,8.0,0.179,3.4,36.7,False
PN-102134,32,LANDING GEAR,BOEING,737-800,AOG KRİTİK,VAR,Yurtiçi tamir,8.0,9,1.97,0.56,4.2,0.98,1.0,2.0,4.0,2.0,4.0,0.222,0.9,36.7,False
PN-102450,74,IGNITION,AIRBUS,A320neo,KRİTİK DEĞİL,YOK,Yurtdışı tamir,31.0,5,1.28,2.59,13.3,0.9,2.0,2.0,4.0,4.0,8.0,0.0,0.0,36.7,False
PN-101077,25,EQUIPMENT / FURNISHINGS,AIRBUS,A320neo,KRİTİK DEĞİL,YOK,Yurtdışı tamir,31.0,5,1.25,2.59,12.6,0.9,2.0,2.0,4.0,4.0,8.0,0.0,0.0,36.7,False
PN-102092,73,ENGINE FUEL AND CONTROL,BOEING,737-800,KRİTİK,YOK,Yurtdışı tamir,24.0,3,1.44,0.56,3.2,0.95,1.0,3.0,5.0,2.0,3.0,0.0,0.0,36.7,False
PN-101100,34,NAVIGATION,AIRBUS,A321-200,KRİTİK,YOK,Satınalma,24.0,5,1.36,0.69,3.7,0.95,1.0,2.0,4.0,2.0,3.0,0.2,0.7,36.7,False
PN-102413,49,AIRBORNE AUXILIARY POWER (APU),BOEING,777-F,KRİTİK DEĞİL,YOK,Yurtdışı tamir,35.0,4,0.97,2.5,9.4,0.9,2.0,2.0,3.0,3.0,6.0,0.25,2.3,36.7,False
PN-104695,74,IGNITION,BOEING,777-F,KRİTİK DEĞİL,YOK,Satınalma,30.0,9,2.25,2.5,22.1,0.9,2.0,3.0,6.0,4.0,10.0,0.111,2.5,36.7,False
PN-104651,80,STARTING,BOEING,737-800,KRİTİK,YOK,Satınalma,21.0,19,4.75,0.56,10.3,0.95,2.0,4.0,9.0,3.0,6.0,0.211,2.2,36.6,False
PN-100525,29,HYDRAULIC POWER,AIRBUS,A320-200,KRİTİK,YOK,Yurtdışı tamir,22.0,12,3.0,0.64,7.5,0.95,2.0,3.0,6.0,3.0,5.0,0.167,1.2,36.6,False
PN-103835,71,POWER PLANT,AIRBUS,A321-200,KRİTİK,YOK,Satınalma,23.0,7,1.75,0.69,4.8,0.95,1.0,3.0,5.0,2.0,4.0,0.0,0.0,36.6,False
PN-103970,34,NAVIGATION,AIRBUS,A321neo,KRİTİK DEĞİL,YOK,Satınalma,21.0,3,0.9,2.96,10.8,0.9,2.0,2.0,3.0,3.0,6.0,0.0,0.0,36.6,False
PN-103818,52,DOORS,AIRBUS,A321neo,KRİTİK,VAR,Yurtiçi tamir,7.0,2,0.53,2.96,6.0,0.95,1.0,2.0,3.0,2.0,4.0,0.0,0.0,36.6,False
PN-100532,25,EQUIPMENT / FURNISHINGS,AIRBUS,A320neo,KRİTİK,VAR,Yurtiçi tamir,15.0,5,1.25,2.59,12.6,0.95,2.0,2.0,4.0,3.0,7.0,0.4,5.0,36.6,False
PN-104251,31,INDICATING / RECORDING SYSTEMS,AIRBUS,A320neo,KRİTİK DEĞİL,YOK,Yurtdışı tamir,21.0,15,3.75,2.59,38.2,0.9,2.0,3.0,7.0,5.0,15.0,0.0,0.0,36.6,False
PN-101109,22,AUTO FLIGHT,AIRBUS,A320neo,KRİTİK DEĞİL,YOK,Yurtdışı tamir,30.0,6,1.4,2.59,14.5,0.9,2.0,2.0,4.0,4.0,8.0,0.333,4.8,36.6,False
PN-103387,72,ENGINE,AIRBUS,A320-200,KRİTİK,YOK,Satınalma,23.0,8,2.0,0.64,5.1,0.95,1.0,3.0,5.0,2.0,4.0,0.125,0.6,36.6,False
PN-101643,49,AIRBORNE AUXILIARY POWER (APU),AIRBUS,A321-200,KRİTİK,YOK,Satınalma,23.0,10,2.09,0.69,5.8,0.95,1.0,3.0,6.0,2.0,4.0,0.1,0.6,36.6,False
PN-101311,30,ICE & RAIN PROTECTION,AIRBUS,A320-200,KRİTİK,YOK,Satınalma,23.0,8,2.0,0.64,5.1,0.95,1.0,3.0,5.0,2.0,4.0,0.375,1.9,36.6,False
PN-102214,23,COMMUNICATIONS,AIRBUS,A330-300,KRİTİK,YOK,Satınalma,21.0,3,0.64,1.11,2.7,0.95,1.0,2.0,3.0,2.0,3.0,1.0,2.7,36.6,False
PN-103602,25,EQUIPMENT / FURNISHINGS,BOEING,737 MAX 8,KRİTİK DEĞİL,VAR,Yurtiçi tamir,5.0,26,6.5,3.81,95.9,0.9,2.0,2.0,9.0,4.0,28.0,0.077,7.4,36.6,False
PN-101342,24,ELECTRICAL POWER,BOEING,737-800,AOG KRİTİK,VAR,Yurtiçi tamir,8.0,6,1.5,0.56,3.2,0.98,1.0,2.0,4.0,2.0,3.0,0.167,0.5,36.6,False
PN-100360,74,IGNITION,AIRBUS,A321neo,KRİTİK DEĞİL,YOK,Yurtdışı tamir,24.0,1,0.28,2.96,3.2,0.9,1.0,2.0,3.0,2.0,3.0,0.0,0.0,36.6,False
PN-101317,49,AIRBORNE AUXILIARY POWER (APU),AIRBUS,A320neo,KRİTİK DEĞİL,YOK,Satınalma,29.0,7,1.69,2.59,16.8,0.9,2.0,2.0,4.0,4.0,9.0,0.143,2.4,36.6,False
PN-101274,72,ENGINE,BOEING,737-900ER,AOG KRİTİK,VAR,Yurtiçi tamir,8.0,1,0.85,1.0,3.3,0.98,1.0,2.0,3.0,2.0,3.0,0.0,0.0,36.6,False
PN-102705,28,FUEL,AIRBUS,A319-100,KRİTİK,YOK,Satınalma,23.0,9,2.25,0.56,4.9,0.95,1.0,3.0,6.0,2.0,4.0,0.111,0.5,36.6,False
PN-101824,73,ENGINE FUEL AND CONTROL,AIRBUS,A320neo,KRİTİK DEĞİL,YOK,Yurtdışı tamir,35.0,0,0.0,2.59,0.0,0.9,0.0,0.0,0.0,0.0,0.0,0.0,0.0,36.5,False
PN-102305,23,COMMUNICATIONS,BOEING,737-800,KRİTİK,YOK,Satınalma,24.0,4,0.8,0.56,1.7,0.95,1.0,2.0,3.0,2.0,3.0,0.0,0.0,36.5,False
PN-102325,74,IGNITION,AIRBUS,A321neo,KRİTİK DEĞİL,YOK,Satınalma,15.0,9,2.25,2.96,26.4,0.9,2.0,2.0,5.0,4.0,11.0,0.0,0.0,36.5,False
PN-100682,79,OIL,AIRBUS,A330-200,KRİTİK,YOK,Satınalma,13.0,4,1.05,1.33,5.6,0.95,1.0,2.0,4.0,2.0,4.0,0.0,0.0,36.5,False
PN-104373,74,IGNITION,AIRBUS,A321-200,KRİTİK,YOK,Satınalma,15.0,38,9.5,0.69,25.9,0.95,2.0,5.0,15.0,4.0,11.0,0.026,0.7,36.5,False
PN-100343,35,OXYGEN,AIRBUS,A320neo,KRİTİK,VAR,Yurtiçi tamir,9.0,11,2.75,2.59,28.1,0.95,2.0,2.0,5.0,3.0,11.0,0.091,2.6,36.5,False
PN-101237,24,ELECTRICAL POWER,BOEING,737-800,AOG KRİTİK,VAR,Yurtiçi tamir,6.0,15,3.75,0.56,8.2,0.98,1.0,3.0,7.0,2.0,5.0,0.0,0.0,36.5,False
PN-104496,29,HYDRAULIC POWER,BOEING,737-800,AOG KRİTİK,VAR,Yurtiçi tamir,7.0,10,2.5,0.56,5.5,0.98,1.0,2.0,5.0,2.0,4.0,0.0,0.0,36.5,False
PN-101197,80,STARTING,AIRBUS,A319-100,KRİTİK,YOK,Yurtdışı tamir,21.0,18,4.5,0.56,9.6,0.95,2.0,4.0,9.0,3.0,6.0,0.111,1.1,36.5,False
PN-104134,80,STARTING,BOEING,737-900ER,KRİTİK,YOK,Satınalma,21.0,10,2.5,1.0,10.1,0.95,2.0,3.0,6.0,3.0,6.0,0.2,2.0,36.5,False
PN-101340,35,OXYGEN,BOEING,737-800,KRİTİK,YOK,Satınalma,23.0,7,1.75,0.56,3.8,0.95,1.0,3.0,5.0,2.0,3.0,0.0,0.0,36.5,False
PN-103631,36,PNEUMATIC,BOEING,737-800,KRİTİK,YOK,Yurtdışı tamir,22.0,13,3.25,0.56,7.1,0.95,2.0,3.0,7.0,3.0,5.0,0.154,1.1,36.5,False
PN-101463,22,AUTO FLIGHT,AIRBUS,A320neo,KRİTİK DEĞİL,YOK,Satınalma,19.0,17,4.25,2.59,43.6,0.9,2.0,3.0,8.0,5.0,16.0,0.0,0.0,36.5,False
PN-104055,30,ICE & RAIN PROTECTION,AIRBUS,A321-200,KRİTİK,YOK,Satınalma,22.0,3,2.55,0.69,7.0,0.95,2.0,3.0,6.0,3.0,5.0,0.0,0.0,36.5,False
PN-102394,34,NAVIGATION,BOEING,737-800,AOG KRİTİK,VAR,Yurtiçi tamir,8.0,3,0.57,0.56,1.2,0.98,1.0,2.0,3.0,2.0,3.0,0.0,0.0,36.4,False
PN-101454,36,PNEUMATIC,AIRBUS,A320-200,KRİTİK,YOK,Satınalma,22.0,9,2.25,0.64,5.6,0.95,1.0,3.0,6.0,2.0,4.0,0.0,0.0,36.4,False
PN-104829,34,NAVIGATION,AIRBUS,A321neo,KRİTİK,VAR,Yurtiçi tamir,5.0,3,0.85,2.96,10.1,0.95,1.0,2.0,3.0,2.0,5.0,0.0,0.0,36.4,False
PN-101639,28,FUEL,BOEING,737-900ER,KRİTİK,YOK,Satınalma,19.0,14,3.5,1.0,13.5,0.95,2.0,3.0,7.0,3.0,7.0,0.143,1.9,36.4,False
PN-103373,35,OXYGEN,AIRBUS,A320-200,KRİTİK,YOK,Satınalma,24.0,1,0.28,0.64,0.7,0.95,1.0,2.0,3.0,2.0,3.0,0.0,0.0,36.4,False
PN-101026,23,COMMUNICATIONS,AIRBUS,A320-200,KRİTİK,YOK,Satınalma,22.0,10,2.5,0.64,6.3,0.95,2.0,3.0,6.0,3.0,5.0,0.0,0.0,36.4,False
PN-100132,23,COMMUNICATIONS,BOEING,777-300ER,KRİTİK DEĞİL,YOK,Yurtdışı tamir,41.0,32,8.0,1.67,52.0,0.9,4.0,7.0,15.0,10.0,23.0,0.062,3.2,36.4,False
PN-102987,73,ENGINE FUEL AND CONTROL,AIRBUS,A320-200,KRİTİK,YOK,Satınalma,23.0,6,1.27,0.64,3.3,0.95,1.0,2.0,4.0,2.0,3.0,0.0,0.0,36.4,False
PN-101544,26,FIRE PROTECTION,AIRBUS,A321neo,KRİTİK DEĞİL,YOK,Satınalma,18.0,6,1.5,2.96,17.3,0.9,2.0,2.0,4.0,3.0,8.0,0.167,2.9,36.4,False
PN-102057,72,ENGINE,BOEING,737-800,AOG KRİTİK,VAR,Yurtiçi tamir,7.0,7,1.75,0.56,3.7,0.98,1.0,2.0,4.0,2.0,3.0,0.143,0.5,36.4,False
PN-101211,73,ENGINE FUEL AND CONTROL,BOEING,737-800,KRİTİK,YOK,Satınalma,22.0,10,2.5,0.56,5.5,0.95,1.0,3.0,6.0,2.0,4.0,0.2,1.1,36.4,False
PN-101881,27,FLIGHT CONTROLS,AIRBUS,A321-200,AOG KRİTİK,VAR,Yurtiçi tamir,7.0,6,1.5,0.69,4.1,0.98,1.0,2.0,4.0,2.0,4.0,0.0,0.0,36.4,False
PN-104497,31,INDICATING / RECORDING SYSTEMS,AIRBUS,A321-200,KRİTİK,YOK,Satınalma,19.0,20,5.0,0.69,13.6,0.95,2.0,4.0,9.0,3.0,7.0,0.0,0.0,36.4,False
PN-104661,49,AIRBORNE AUXILIARY POWER (APU),AIRBUS,A321neo,KRİTİK DEĞİL,YOK,Satınalma,13.0,10,2.5,2.96,28.9,0.9,2.0,2.0,5.0,4.0,12.0,0.2,5.8,36.3,False
PN-100688,32,LANDING GEAR,AIRBUS,A320-200,AOG KRİTİK,VAR,Yurtiçi tamir,5.0,13,3.25,0.64,8.2,0.98,1.0,2.0,6.0,2.0,5.0,0.231,1.9,36.3,False
PN-104596,77,ENGINE INDICATING,AIRBUS,A321neo,KRİTİK DEĞİL,YOK,Satınalma,19.0,5,1.12,2.96,12.8,0.9,2.0,2.0,4.0,3.0,7.0,0.4,5.1,36.3,False
PN-100524,29,HYDRAULIC POWER,AIRBUS,A321-200,AOG KRİTİK,VAR,Yurtiçi tamir,6.0,8,2.0,0.69,5.5,0.98,1.0,2.0,4.0,2.0,4.0,0.25,1.4,36.3,False
PN-101195,52,DOORS,AIRBUS,A321neo,KRİTİK DEĞİL,YOK,Satınalma,22.0,2,0.42,2.96,4.8,0.9,1.0,2.0,3.0,2.0,4.0,0.0,0.0,36.3,False
PN-103612,49,AIRBORNE AUXILIARY POWER (APU),AIRBUS,A320neo,KRİTİK DEĞİL,YOK,Yurtdışı tamir,27.0,7,1.88,2.59,18.9,0.9,2.0,2.0,4.0,4.0,9.0,0.0,0.0,36.3,False
PN-100644,73,ENGINE FUEL AND CONTROL,BOEING,737 MAX 8,KRİTİK DEĞİL,VAR,Yurtiçi tamir,12.0,20,5.0,3.81,73.4,0.9,2.0,3.0,8.0,5.0,24.0,0.15,11.0,36.3,False
PN-104413,71,POWER PLANT,BOEING,737-800,KRİTİK,YOK,Satınalma,23.0,6,0.93,0.56,2.0,0.95,1.0,2.0,3.0,2.0,3.0,0.167,0.3,36.3,False
PN-101755,29,HYDRAULIC POWER,AIRBUS,A320-200,KRİTİK,YOK,Satınalma,18.0,25,6.25,0.64,15.6,0.95,2.0,4.0,11.0,3.0,7.0,0.0,0.0,36.3,False
PN-102090,77,ENGINE INDICATING,AIRBUS,A320neo,KRİTİK DEĞİL,YOK,Satınalma,29.0,5,1.39,2.59,14.0,0.9,2.0,2.0,4.0,4.0,8.0,0.0,0.0,36.3,False
PN-100129,52,DOORS,AIRBUS,A320neo,KRİTİK DEĞİL,YOK,Yurtdışı tamir,33.0,1,0.28,2.59,2.8,0.9,1.0,2.0,3.0,2.0,3.0,0.0,0.0,36.3,False
PN-101027,28,FUEL,AIRBUS,A320-200,KRİTİK,YOK,Yurtdışı tamir,23.0,3,0.72,0.64,1.8,0.95,1.0,2.0,3.0,2.0,3.0,0.333,0.6,36.3,False
PN-103302,49,AIRBORNE AUXILIARY POWER (APU),BOEING,737-900ER,AOG KRİTİK,VAR,Yurtiçi tamir,6.0,6,1.5,1.0,5.8,0.98,1.0,2.0,4.0,2.0,4.0,0.0,0.0,36.3,False
PN-103798,21,AIR CONDITIONING,AIRBUS,A320neo,KRİTİK,VAR,Yurtiçi tamir,12.0,7,1.75,2.59,17.6,0.95,2.0,2.0,4.0,3.0,8.0,0.0,0.0,36.3,False
PN-100447,79,OIL,BOEING,737-900ER,AOG KRİTİK,VAR,Yurtiçi tamir,7.0,4,0.85,1.0,3.3,0.98,1.0,2.0,3.0,2.0,3.0,0.0,0.0,36.3,False
PN-101563,77,ENGINE INDICATING,AIRBUS,A330-300,KRİTİK,YOK,Satınalma,19.0,3,0.85,1.11,3.7,0.95,1.0,2.0,3.0,2.0,3.0,0.0,0.0,36.2,False
PN-104773,80,STARTING,AIRBUS,A320neo,KRİTİK DEĞİL,YOK,Yurtdışı tamir,29.0,4,1.27,2.59,12.6,0.9,2.0,2.0,4.0,4.0,8.0,0.0,0.0,36.2,False
PN-101205,77,ENGINE INDICATING,AIRBUS,A320-200,KRİTİK,YOK,Satınalma,22.0,6,1.47,0.64,3.6,0.95,1.0,2.0,4.0,2.0,3.0,0.167,0.6,36.2,False
PN-101937,36,PNEUMATIC,AIRBUS,A320neo,KRİTİK DEĞİL,YOK,Yurtdışı tamir,18.0,17,4.25,2.59,42.8,0.9,2.0,3.0,8.0,5.0,16.0,0.294,12.6,36.2,False
PN-101541,27,FLIGHT CONTROLS,BOEING,737-800,AOG KRİTİK,VAR,Yurtiçi tamir,7.0,1,0.85,0.56,1.8,0.98,1.0,2.0,3.0,2.0,3.0,0.0,0.0,36.2,False
PN-102575,29,HYDRAULIC POWER,AIRBUS,A320neo,KRİTİK DEĞİL,YOK,Yurtdışı tamir,20.0,15,3.75,2.59,37.5,0.9,2.0,3.0,7.0,5.0,15.0,0.067,2.5,36.2,False
PN-102177,34,NAVIGATION,AIRBUS,A320-200,AOG KRİTİK,VAR,Yurtiçi tamir,7.0,3,0.85,0.64,2.2,0.98,1.0,2.0,3.0,2.0,3.0,0.0,0.0,36.2,False
PN-101927,24,ELECTRICAL POWER,AIRBUS,A320-200,AOG KRİTİK,VAR,Yurtiçi tamir,7.0,4,0.79,0.64,1.9,0.98,1.0,2.0,3.0,2.0,3.0,0.25,0.5,36.2,False
PN-103128,35,OXYGEN,AIRBUS,A319-100,KRİTİK,YOK,Yurtdışı tamir,23.0,2,0.57,0.56,1.3,0.95,1.0,2.0,3.0,2.0,3.0,0.0,0.0,36.2,False
PN-104255,29,HYDRAULIC POWER,AIRBUS,A320-200,KRİTİK,YOK,Satınalma,20.0,15,3.75,0.64,9.4,0.95,2.0,3.0,7.0,3.0,6.0,0.2,1.9,36.2,False
PN-102560,49,AIRBORNE AUXILIARY POWER (APU),AIRBUS,A320-200,KRİTİK,YOK,Satınalma,23.0,1,0.28,0.64,0.7,0.95,1.0,2.0,3.0,2.0,3.0,0.0,0.0,36.2,False
PN-103794,77,ENGINE INDICATING,AIRBUS,A320-200,KRİTİK,YOK,Satınalma,16.0,32,8.0,0.64,20.3,0.95,2.0,4.0,12.0,3.0,9.0,0.156,3.2,36.2,False
PN-101039,74,IGNITION,AIRBUS,A321-200,KRİTİK,YOK,Yurtdışı tamir,21.0,8,2.3,0.69,6.3,0.95,1.0,3.0,6.0,2.0,4.0,0.0,0.0,36.2,False
PN-103526,24,ELECTRICAL POWER,AIRBUS,A320-200,KRİTİK,YOK,Yurtdışı tamir,20.0,12,3.0,0.64,7.6,0.95,2.0,3.0,6.0,3.0,5.0,0.083,0.6,36.1,False
PN-102947,34,NAVIGATION,AIRBUS,A321-200,KRİTİK,YOK,Satınalma,22.0,5,0.81,0.69,2.3,0.95,1.0,2.0,3.0,2.0,3.0,0.0,0.0,36.1,False
PN-101625,80,STARTING,AIRBUS,A320-200,AOG KRİTİK,VAR,Yurtiçi tamir,7.0,2,0.5,0.64,1.2,0.98,1.0,2.0,3.0,2.0,3.0,0.0,0.0,36.1,False
PN-104266,30,ICE & RAIN PROTECTION,BOEING,737 MAX 8,KRİTİK DEĞİL,VAR,Yurtiçi tamir,7.0,23,5.75,3.81,85.7,0.9,2.0,2.0,8.0,4.0,26.0,0.13,11.2,36.1,False
PN-100941,31,INDICATING / RECORDING SYSTEMS,AIRBUS,A320-200,KRİTİK,YOK,Satınalma,19.0,17,4.25,0.64,10.9,0.95,2.0,3.0,8.0,3.0,6.0,0.294,3.2,36.1,False
PN-103825,77,ENGINE INDICATING,AIRBUS,A320-200,KRİTİK,YOK,Yurtdışı tamir,21.0,8,2.0,0.64,5.1,0.95,1.0,3.0,5.0,2.0,4.0,0.125,0.6,36.1,False
PN-104679,22,AUTO FLIGHT,AIRBUS,A321-200,AOG KRİTİK,VAR,Yurtiçi tamir,5.0,9,2.25,0.69,6.2,0.98,1.0,2.0,5.0,2.0,4.0,0.111,0.7,36.1,False
PN-103569,27,FLIGHT CONTROLS,AIRBUS,A320-200,KRİTİK,YOK,Yurtdışı tamir,22.0,5,1.0,0.64,2.5,0.95,1.0,2.0,3.0,2.0,3.0,0.2,0.5,36.1,False
PN-103680,71,POWER PLANT,AIRBUS,A319-100,KRİTİK,YOK,Satınalma,20.0,14,3.5,0.56,7.5,0.95,2.0,3.0,7.0,3.0,5.0,0.071,0.5,36.1,False
PN-103406,30,ICE & RAIN PROTECTION,AIRBUS,A350-900,KRİTİK DEĞİL,VAR,Yurtiçi tamir,5.0,26,6.5,3.75,94.6,0.9,2.0,2.0,9.0,4.0,28.0,0.115,10.9,36.1,False
PN-101150,30,ICE & RAIN PROTECTION,AIRBUS,A321-200,KRİTİK,YOK,Yurtdışı tamir,20.0,12,3.0,0.69,8.1,0.95,2.0,3.0,6.0,3.0,6.0,0.0,0.0,36.1,False
PN-101194,35,OXYGEN,BOEING,737-800,KRİTİK,YOK,Satınalma,22.0,5,1.0,0.56,2.2,0.95,1.0,2.0,3.0,2.0,3.0,0.2,0.4,36.1,False
PN-102373,31,INDICATING / RECORDING SYSTEMS,AIRBUS,A330-300,KRİTİK,YOK,Satınalma,15.0,12,3.0,1.11,13.0,0.95,2.0,3.0,6.0,3.0,7.0,0.333,4.3,36.1,False
PN-100144,80,STARTING,AIRBUS,A321-200,KRİTİK,YOK,Satınalma,21.0,8,2.0,0.69,5.5,0.95,1.0,3.0,5.0,2.0,4.0,0.125,0.7,36.1,False
PN-104510,28,FUEL,AIRBUS,A320-200,KRİTİK,YOK,Satınalma,22.0,3,0.85,0.64,2.1,0.95,1.0,2.0,3.0,2.0,3.0,0.667,1.4,36.1,False
PN-102966,27,FLIGHT CONTROLS,BOEING,737-900ER,AOG KRİTİK,VAR,Yurtiçi tamir,6.0,4,0.97,1.0,3.9,0.98,1.0,2.0,3.0,2.0,3.0,0.0,0.0,36.1,False
PN-103006,49,AIRBORNE AUXILIARY POWER (APU),AIRBUS,A320-200,AOG KRİTİK,VAR,Yurtiçi tamir,6.0,5,1.44,0.64,3.6,0.98,1.0,2.0,4.0,2.0,3.0,0.4,1.4,36.1,False
PN-101473,26,FIRE PROTECTION,AIRBUS,A320neo,KRİTİK DEĞİL,YOK,Yurtdışı tamir,31.0,4,0.69,2.59,6.9,0.9,1.0,2.0,3.0,2.0,4.0,0.25,1.7,36.1,False
PN-102627,21,AIR CONDITIONING,AIRBUS,A320neo,KRİTİK DEĞİL,YOK,Satınalma,28.0,6,1.5,2.59,15.1,0.9,2.0,2.0,4.0,4.0,8.0,0.0,0.0,36.1,False
PN-101920,31,INDICATING / RECORDING SYSTEMS,AIRBUS,A321-200,KRİTİK,YOK,Satınalma,19.0,15,3.75,0.69,10.2,0.95,2.0,3.0,7.0,3.0,6.0,0.267,2.7,36.1,False
PN-102839,80,STARTING,AIRBUS,A320neo,KRİTİK DEĞİL,YOK,Satınalma,20.0,14,3.5,2.59,35.2,0.9,2.0,3.0,7.0,4.0,13.0,0.071,2.5,36.0,False
PN-101889,32,LANDING GEAR,AIRBUS,A330-300,KRİTİK,YOK,Satınalma,15.0,11,2.75,1.11,11.8,0.95,2.0,3.0,6.0,3.0,6.0,0.0,0.0,36.0,False
PN-104111,34,NAVIGATION,AIRBUS,A320neo,KRİTİK,VAR,Yurtiçi tamir,15.0,3,0.65,2.59,6.6,0.95,1.0,2.0,3.0,2.0,4.0,0.0,0.0,36.0,False
PN-102945,23,COMMUNICATIONS,AIRBUS,A320neo,KRİTİK DEĞİL,YOK,Satınalma,32.0,1,0.28,2.59,2.8,0.9,1.0,2.0,3.0,2.0,3.0,0.0,0.0,36.0,False
PN-104166,34,NAVIGATION,BOEING,737-900ER,KRİTİK,YOK,Satınalma,21.0,5,1.02,1.0,3.9,0.95,1.0,2.0,4.0,2.0,3.0,0.4,1.6,36.0,False
PN-104787,21,AIR CONDITIONING,AIRBUS,A320-200,AOG KRİTİK,VAR,Yurtiçi tamir,6.0,3,1.11,0.64,2.9,0.98,1.0,2.0,4.0,2.0,3.0,0.0,0.0,36.0,False
PN-101818,24,ELECTRICAL POWER,BOEING,737 MAX 8,KRİTİK DEĞİL,VAR,Yurtiçi tamir,8.0,22,5.5,3.81,81.2,0.9,2.0,2.0,8.0,4.0,25.0,0.045,3.7,36.0,False
PN-102826,30,ICE & RAIN PROTECTION,AIRBUS,A350-900,KRİTİK DEĞİL,VAR,Yurtiçi tamir,6.0,25,6.25,3.75,91.5,0.9,2.0,2.0,9.0,4.0,27.0,0.12,11.0,36.0,False
PN-100880,23,COMMUNICATIONS,AIRBUS,A321-200,KRİTİK,YOK,Satınalma,21.0,2,1.7,0.69,4.5,0.95,1.0,3.0,5.0,2.0,4.0,0.0,0.0,36.0,False
PN-104428,73,ENGINE FUEL AND CONTROL,AIRBUS,A321-200,KRİTİK,YOK,Satınalma,15.0,30,7.5,0.69,20.6,0.95,2.0,4.0,12.0,3.0,9.0,0.1,2.1,36.0,False
PN-103379,31,INDICATING / RECORDING SYSTEMS,AIRBUS,A321-200,KRİTİK,YOK,Yurtdışı tamir,19.0,14,3.5,0.69,9.6,0.95,2.0,3.0,7.0,3.0,6.0,0.143,1.4,36.0,False
PN-104648,28,FUEL,BOEING,737-800,KRİTİK,YOK,Yurtdışı tamir,21.0,9,1.95,0.56,4.2,0.95,1.0,3.0,5.0,2.0,4.0,0.0,0.0,36.0,False
PN-104240,29,HYDRAULIC POWER,AIRBUS,A330-300,KRİTİK,YOK,Satınalma,17.0,6,1.5,1.11,6.8,0.95,1.0,2.0,4.0,2.0,4.0,0.0,0.0,36.0,False
PN-104951,22,AUTO FLIGHT,AIRBUS,A321-200,AOG KRİTİK,VAR,Yurtiçi tamir,5.0,8,2.0,0.69,5.5,0.98,1.0,2.0,4.0,2.0,4.0,0.0,0.0,36.0,False
PN-102710,22,AUTO FLIGHT,AIRBUS,A321neo,KRİTİK DEĞİL,YOK,Yurtdışı tamir,21.0,2,0.42,2.96,5.0,0.9,1.0,2.0,3.0,2.0,4.0,0.0,0.0,36.0,False
PN-104731,56,WINDOWS,AIRBUS,A320neo,KRİTİK,VAR,Yurtiçi tamir,9.0,8,2.29,2.59,23.0,0.95,2.0,2.0,5.0,3.0,9.0,0.125,2.9,36.0,False
PN-104577,26,FIRE PROTECTION,BOEING,787-9,KRİTİK DEĞİL,VAR,Yurtiçi tamir,7.0,24,6.0,3.75,88.7,0.9,2.0,2.0,8.0,4.0,27.0,0.167,14.8,36.0,False
PN-103399,71,POWER PLANT,AIRBUS,A320-200,KRİTİK,YOK,Satınalma,19.0,14,3.5,0.64,8.8,0.95,2.0,3.0,7.0,3.0,6.0,0.0,0.0,35.9,False
PN-100997,30,ICE & RAIN PROTECTION,BOEING,737-800,KRİTİK,YOK,Yurtdışı tamir,18.0,21,5.25,0.56,11.4,0.95,2.0,4.0,10.0,3.0,6.0,0.048,0.5,35.9,False
PN-102154,71,POWER PLANT,AIRBUS,A321neo,KRİTİK DEĞİL,YOK,Satınalma,21.0,2,0.35,2.96,4.0,0.9,1.0,2.0,3.0,2.0,4.0,0.0,0.0,35.9,False
PN-102893,77,ENGINE INDICATING,AIRBUS,A321neo,KRİTİK DEĞİL,YOK,Satınalma,17.0,6,1.25,2.96,14.2,0.9,2.0,2.0,4.0,3.0,7.0,0.0,0.0,35.9,False
PN-101695,56,WINDOWS,AIRBUS,A330-200,KRİTİK DEĞİL,YOK,Satınalma,54.0,28,7.0,1.33,37.0,0.9,4.0,8.0,15.0,10.0,20.0,0.107,4.0,35.9,False
PN-104888,29,HYDRAULIC POWER,AIRBUS,A319-100,AOG KRİTİK,VAR,Yurtiçi tamir,6.0,1,0.42,0.56,0.9,0.98,1.0,2.0,3.0,2.0,3.0,0.0,0.0,35.9,False
PN-103613,22,AUTO FLIGHT,BOEING,777-F,KRİTİK DEĞİL,YOK,Yurtdışı tamir,25.0,11,2.75,2.5,27.4,0.9,2.0,3.0,6.0,4.0,11.0,0.091,2.5,35.9,False
PN-103386,73,ENGINE FUEL AND CONTROL,AIRBUS,A320neo,KRİTİK DEĞİL,YOK,Satınalma,25.0,8,2.0,2.59,20.4,0.9,2.0,2.0,4.0,4.0,10.0,0.125,2.6,35.9,False
PN-104033,28,FUEL,AIRBUS,A319-100,KRİTİK,YOK,Satınalma,18.0,20,5.0,0.56,10.9,0.95,2.0,3.0,8.0,3.0,6.0,0.05,0.5,35.9,False
PN-101955,31,INDICATING / RECORDING SYSTEMS,AIRBUS,A321-200,KRİTİK,YOK,Satınalma,20.0,9,2.25,0.69,6.2,0.95,1.0,3.0,6.0,2.0,4.0,0.0,0.0,35.9,False
PN-103966,73,ENGINE FUEL AND CONTROL,AIRBUS,A320neo,KRİTİK,VAR,Yurtiçi tamir,6.0,11,2.75,2.59,28.3,0.95,2.0,2.0,5.0,3.0,11.0,0.455,12.8,35.8,False
PN-102676,80,STARTING,AIRBUS,A320neo,KRİTİK,VAR,Yurtiçi tamir,14.0,3,0.72,2.59,7.4,0.95,1.0,2.0,3.0,2.0,4.0,0.0,0.0,35.8,False
PN-103403,80,STARTING,BOEING,737-900ER,KRİTİK,YOK,Satınalma,20.0,7,1.31,1.0,5.1,0.95,1.0,2.0,4.0,2.0,4.0,0.0,0.0,35.8,False
PN-102213,24,ELECTRICAL POWER,BOEING,777-300ER,KRİTİK DEĞİL,YOK,Satınalma,46.0,20,5.0,1.67,32.2,0.9,3.0,6.0,11.0,8.0,17.0,0.05,1.6,35.8,False
PN-100374,77,ENGINE INDICATING,AIRBUS,A320-200,KRİTİK,YOK,Satınalma,20.0,7,2.03,0.64,5.2,0.95,1.0,3.0,6.0,2.0,4.0,0.143,0.7,35.8,False
PN-103776,35,OXYGEN,AIRBUS,A320neo,KRİTİK DEĞİL,YOK,Yurtdışı tamir,29.0,1,0.85,2.59,8.5,0.9,2.0,2.0,3.0,3.0,6.0,0.0,0.0,35.8,False
PN-102555,23,COMMUNICATIONS,AIRBUS,A320neo,KRİTİK DEĞİL,YOK,Yurtdışı tamir,30.0,3,0.57,2.59,6.1,0.9,1.0,2.0,3.0,2.0,4.0,0.0,0.0,35.8,False
PN-100126,23,COMMUNICATIONS,AIRBUS,A330-300,KRİTİK,YOK,Satınalma,18.0,2,0.42,1.11,1.9,0.95,1.0,2.0,3.0,2.0,3.0,0.0,0.0,35.8,False
PN-100385,24,ELECTRICAL POWER,AIRBUS,A320neo,KRİTİK,VAR,Yurtiçi tamir,6.0,11,2.75,2.59,28.1,0.95,2.0,2.0,5.0,3.0,11.0,0.0,0.0,35.8,False
PN-103222,73,ENGINE FUEL AND CONTROL,AIRBUS,A320-200,KRİTİK,YOK,Satınalma,19.0,10,2.5,0.64,6.2,0.95,1.0,3.0,6.0,2.0,4.0,0.1,0.6,35.7,False
PN-102803,22,AUTO FLIGHT,AIRBUS,A321-200,KRİTİK DEĞİL,YOK,Yurtdışı tamir,53.0,93,23.25,0.69,63.1,0.9,4.0,19.0,43.0,14.0,30.0,0.065,4.1,35.7,False
PN-103500,22,AUTO FLIGHT,AIRBUS,A321neo,KRİTİK DEĞİL,YOK,Satınalma,15.0,6,1.5,2.96,17.7,0.9,2.0,2.0,4.0,3.0,8.0,0.0,0.0,35.7,False
PN-100569,36,PNEUMATIC,AIRBUS,A321neo,KRİTİK DEĞİL,YOK,Satınalma,18.0,2,0.85,2.96,9.7,0.9,1.0,2.0,3.0,2.0,5.0,0.5,4.8,35.7,False
PN-103193,25,EQUIPMENT / FURNISHINGS,BOEING,737 MAX 8,KRİTİK DEĞİL,VAR,Yurtiçi tamir,8.0,21,5.25,3.81,77.8,0.9,2.0,2.0,8.0,4.0,24.0,0.0,0.0,35.7,False
PN-102039,32,LANDING GEAR,AIRBUS,A321-200,KRİTİK,YOK,Satınalma,19.0,9,2.25,0.69,6.1,0.95,1.0,3.0,6.0,2.0,4.0,0.222,1.4,35.7,False
PN-102716,32,LANDING GEAR,AIRBUS,A321-200,KRİTİK,YOK,Yurtdışı tamir,18.0,14,3.5,0.69,9.3,0.95,2.0,3.0,7.0,3.0,6.0,0.0,0.0,35.7,False
PN-100802,35,OXYGEN,AIRBUS,A320neo,KRİTİK DEĞİL,YOK,Yurtdışı tamir,28.0,3,0.85,2.59,8.9,0.9,2.0,2.0,3.0,3.0,6.0,0.0,0.0,35.6,False
PN-104434,49,AIRBORNE AUXILIARY POWER (APU),BOEING,737-800,AOG KRİTİK,VAR,Yurtiçi tamir,5.0,2,0.42,0.56,0.9,0.98,1.0,2.0,3.0,2.0,3.0,0.0,0.0,35.6,False
PN-103454,74,IGNITION,AIRBUS,A321neo,KRİTİK DEĞİL,YOK,Satınalma,19.0,3,0.46,2.96,5.2,0.9,1.0,2.0,3.0,2.0,4.0,0.667,3.5,35.6,False
PN-102887,22,AUTO FLIGHT,AIRBUS,A320neo,KRİTİK DEĞİL,YOK,Yurtdışı tamir,26.0,6,1.5,2.59,15.1,0.9,2.0,2.0,4.0,4.0,8.0,0.0,0.0,35.6,False
PN-103414,49,AIRBORNE AUXILIARY POWER (APU),AIRBUS,A320neo,KRİTİK,VAR,Yurtiçi tamir,12.0,5,0.99,2.59,10.4,0.95,1.0,2.0,3.0,2.0,5.0,0.4,4.2,35.6,False
PN-100709,34,NAVIGATION,AIRBUS,A320-200,KRİTİK,YOK,Satınalma,19.0,8,2.0,0.64,5.0,0.95,1.0,3.0,5.0,2.0,4.0,0.125,0.6,35.6,False
PN-101351,31,INDICATING / RECORDING SYSTEMS,AIRBUS,A320neo,KRİTİK DEĞİL,YOK,Satınalma,22.0,10,2.5,2.59,25.1,0.9,2.0,2.0,5.0,4.0,11.0,0.0,0.0,35.6,False
PN-100945,24,ELECTRICAL POWER,AIRBUS,A321-200,AOG KRİTİK,VAR,Yurtiçi tamir,5.0,2,0.5,0.69,1.4,0.98,1.0,2.0,3.0,2.0,3.0,0.0,0.0,35.6,False
PN-103413,23,COMMUNICATIONS,AIRBUS,A320neo,KRİTİK,VAR,Yurtiçi tamir,7.0,9,2.25,2.59,23.3,0.95,2.0,2.0,5.0,3.0,9.0,0.333,7.8,35.6,False
PN-104743,29,HYDRAULIC POWER,BOEING,737 MAX 8,KRİTİK DEĞİL,VAR,Yurtiçi tamir,17.0,14,3.5,3.81,53.6,0.9,3.0,3.0,7.0,6.0,20.0,0.071,3.8,35.6,False
PN-102295,73,ENGINE FUEL AND CONTROL,AIRBUS,A320-200,KRİTİK,YOK,Satınalma,20.0,4,1.1,0.64,2.7,0.95,1.0,2.0,4.0,2.0,3.0,0.0,0.0,35.6,False
PN-102288,79,OIL,AIRBUS,A320-200,KRİTİK,YOK,Yurtdışı tamir,18.0,14,3.5,0.64,8.7,0.95,2.0,3.0,7.0,3.0,6.0,0.143,1.2,35.6,False
PN-100349,25,EQUIPMENT / FURNISHINGS,AIRBUS,A321-200,KRİTİK,YOK,Satınalma,18.0,8,2.46,0.69,6.6,0.95,1.0,3.0,6.0,2.0,4.0,0.25,1.7,35.5,False
PN-101766,35,OXYGEN,AIRBUS,A321neo,KRİTİK DEĞİL,YOK,Satınalma,11.0,9,2.25,2.96,26.0,0.9,2.0,2.0,5.0,3.0,10.0,0.222,5.8,35.5,False
PN-100434,32,LANDING GEAR,BOEING,737-800,AOG KRİTİK,VAR,Yurtiçi tamir,4.0,4,1.0,0.56,2.1,0.98,1.0,2.0,3.0,2.0,3.0,0.0,0.0,35.5,False
PN-103721,49,AIRBORNE AUXILIARY POWER (APU),AIRBUS,A320neo,KRİTİK,VAR,Yurtiçi tamir,7.0,7,2.28,2.59,22.9,0.95,2.0,2.0,5.0,3.0,9.0,0.0,0.0,35.5,False
PN-100921,36,PNEUMATIC,AIRBUS,A321-200,AOG KRİTİK,VAR,Yurtiçi tamir,4.0,5,0.97,0.69,2.7,0.98,1.0,2.0,3.0,2.0,3.0,0.2,0.5,35.5,False
PN-102203,29,HYDRAULIC POWER,AIRBUS,A321-200,KRİTİK,YOK,Yurtdışı tamir,16.0,19,4.75,0.69,13.0,0.95,2.0,3.0,8.0,3.0,7.0,0.0,0.0,35.5,False
PN-102540,28,FUEL,AIRBUS,A320neo,KRİTİK DEĞİL,YOK,Satınalma,24.0,10,1.86,2.59,18.9,0.9,2.0,2.0,4.0,4.0,9.0,0.2,3.8,35.5,False
PN-101520,76,ENGINE CONTROLS,AIRBUS,A320neo,KRİTİK DEĞİL,YOK,Satınalma,28.0,3,0.85,2.59,8.5,0.9,2.0,2.0,3.0,3.0,6.0,0.0,0.0,35.5,False
PN-101830,30,ICE & RAIN PROTECTION,AIRBUS,A320-200,KRİTİK,YOK,Satınalma,16.0,18,4.5,0.64,11.4,0.95,2.0,3.0,8.0,3.0,6.0,0.167,1.9,35.4,False
PN-101739,26,FIRE PROTECTION,BOEING,737-800,KRİTİK,YOK,Satınalma,17.0,16,4.0,0.56,8.6,0.95,2.0,3.0,7.0,3.0,6.0,0.0,0.0,35.4,False
PN-100685,73,ENGINE FUEL AND CONTROL,AIRBUS,A320-200,KRİTİK,YOK,Satınalma,14.0,27,6.75,0.64,17.2,0.95,2.0,4.0,11.0,3.0,8.0,0.185,3.2,35.4,False
PN-101832,49,AIRBORNE AUXILIARY POWER (APU),AIRBUS,A320-200,KRİTİK,YOK,Satınalma,17.0,13,3.25,0.64,8.3,0.95,2.0,3.0,7.0,3.0,6.0,0.154,1.3,35.4,False
PN-100646,32,LANDING GEAR,BOEING,737-800,AOG KRİTİK,VAR,Yurtiçi tamir,3.0,8,2.0,0.56,4.4,0.98,1.0,2.0,4.0,2.0,4.0,0.0,0.0,35.4,False
PN-102929,52,DOORS,AIRBUS,A350-900,KRİTİK DEĞİL,VAR,Yurtiçi tamir,6.0,23,5.75,3.75,85.4,0.9,2.0,2.0,8.0,4.0,26.0,0.043,3.7,35.4,False
PN-104618,52,DOORS,AIRBUS,A320neo,KRİTİK DEĞİL,YOK,Satınalma,28.0,3,0.69,2.59,7.2,0.9,1.0,2.0,3.0,2.0,4.0,0.0,0.0,35.4,False
PN-104554,71,POWER PLANT,AIRBUS,A320-200,AOG KRİTİK,VAR,Yurtiçi tamir,3.0,6,1.7,0.64,4.3,0.98,1.0,2.0,4.0,2.0,4.0,0.0,0.0,35.4,False
PN-102571,79,OIL,AIRBUS,A321-200,KRİTİK,YOK,Satınalma,18.0,9,2.25,0.69,6.1,0.95,1.0,3.0,6.0,2.0,4.0,0.222,1.4,35.4,False
PN-104723,22,AUTO FLIGHT,AIRBUS,A320-200,KRİTİK,YOK,Satınalma,19.0,4,0.74,0.64,1.9,0.95,1.0,2.0,3.0,2.0,3.0,0.0,0.0,35.3,False
PN-101190,31,INDICATING / RECORDING SYSTEMS,AIRBUS,A319-100,KRİTİK,YOK,Satınalma,18.0,10,2.5,0.56,5.4,0.95,1.0,3.0,6.0,2.0,4.0,0.1,0.5,35.3,False
PN-101261,79,OIL,AIRBUS,A321-200,KRİTİK,YOK,Satınalma,19.0,4,1.0,0.69,2.7,0.95,1.0,2.0,3.0,2.0,3.0,0.0,0.0,35.3,False
PN-102371,74,IGNITION,AIRBUS,A320neo,KRİTİK DEĞİL,YOK,Satınalma,19.0,12,3.0,2.59,30.4,0.9,2.0,3.0,6.0,4.0,12.0,0.083,2.5,35.3,False
PN-103331,76,ENGINE CONTROLS,AIRBUS,A321-200,KRİTİK,YOK,Satınalma,17.0,14,2.77,0.69,7.5,0.95,1.0,3.0,6.0,2.0,4.0,0.214,1.6,35.3,False
PN-100043,30,ICE & RAIN PROTECTION,AIRBUS,A320neo,KRİTİK DEĞİL,YOK,Satınalma,28.0,2,0.65,2.59,6.5,0.9,1.0,2.0,3.0,2.0,4.0,0.0,0.0,35.3,False
PN-100690,80,STARTING,AIRBUS,A320neo,KRİTİK DEĞİL,YOK,Satınalma,24.0,2,1.7,2.59,16.9,0.9,2.0,2.0,4.0,4.0,9.0,0.5,8.5,35.3,False
PN-100567,27,FLIGHT CONTROLS,AIRBUS,A320-200,KRİTİK,YOK,Satınalma,16.0,17,4.25,0.64,10.8,0.95,2.0,3.0,8.0,3.0,6.0,0.0,0.0,35.3,False
PN-104617,49,AIRBORNE AUXILIARY POWER (APU),BOEING,737-800,KRİTİK,YOK,Satınalma,18.0,7,2.19,0.56,4.8,0.95,1.0,3.0,6.0,2.0,4.0,0.429,2.0,35.3,False
PN-102215,31,INDICATING / RECORDING SYSTEMS,AIRBUS,A320neo,KRİTİK,VAR,Yurtiçi tamir,5.0,10,2.5,2.59,25.4,0.95,1.0,2.0,5.0,2.0,9.0,0.1,2.5,35.3,False
PN-103378,76,ENGINE CONTROLS,BOEING,737-800,KRİTİK,YOK,Satınalma,11.0,44,11.0,0.56,24.1,0.95,2.0,4.0,15.0,3.0,10.0,0.205,4.9,35.3,False
PN-104699,21,AIR CONDITIONING,BOEING,737-800,KRİTİK,YOK,Satınalma,19.0,3,1.1,0.56,2.5,0.95,1.0,2.0,4.0,2.0,3.0,0.667,1.6,35.3,False
PN-100327,21,AIR CONDITIONING,AIRBUS,A320neo,KRİTİK,VAR,Yurtiçi tamir,6.0,9,2.25,2.59,23.6,0.95,2.0,2.0,5.0,3.0,9.0,0.222,5.3,35.3,False
PN-102422,23,COMMUNICATIONS,AIRBUS,A320neo,KRİTİK DEĞİL,YOK,Satınalma,22.0,9,2.25,2.59,22.8,0.9,2.0,2.0,5.0,4.0,10.0,0.0,0.0,35.3,False
PN-101595,25,EQUIPMENT / FURNISHINGS,AIRBUS,A321-200,KRİTİK,YOK,Satınalma,16.0,15,3.75,0.69,10.0,0.95,2.0,3.0,7.0,3.0,6.0,0.0,0.0,35.3,False
PN-104219,25,EQUIPMENT / FURNISHINGS,AIRBUS,A321neo,KRİTİK DEĞİL,YOK,Satınalma,15.0,6,1.07,2.96,12.6,0.9,1.0,2.0,4.0,2.0,6.0,0.0,0.0,35.2,False
PN-104889,34,NAVIGATION,AIRBUS,A320neo,KRİTİK,VAR,Yurtiçi tamir,11.0,4,0.85,2.59,8.8,0.95,1.0,2.0,3.0,2.0,5.0,0.5,4.4,35.2,False
PN-103320,23,COMMUNICATIONS,BOEING,737-800,KRİTİK,YOK,Satınalma,18.0,7,1.72,0.56,3.7,0.95,1.0,2.0,4.0,2.0,3.0,0.0,0.0,35.2,False
PN-103453,30,ICE & RAIN PROTECTION,AIRBUS,A319-100,KRİTİK,YOK,Satınalma,14.0,27,6.75,0.56,14.9,0.95,2.0,4.0,11.0,3.0,7.0,0.074,1.1,35.2,False
PN-101690,73,ENGINE FUEL AND CONTROL,AIRBUS,A320-200,KRİTİK DEĞİL,YOK,Yurtdışı tamir,35.0,212,53.0,0.64,133.9,0.9,5.0,27.0,80.0,18.0,52.0,0.127,17.1,35.2,False
PN-103278,80,STARTING,BOEING,737-800,KRİTİK DEĞİL,YOK,Yurtdışı tamir,67.0,35,8.75,0.56,19.3,0.9,3.0,11.0,20.0,7.0,12.0,0.0,0.0,35.2,False
PN-100928,31,INDICATING / RECORDING SYSTEMS,BOEING,777-300ER,KRİTİK DEĞİL,YOK,Yurtdışı tamir,27.0,47,11.75,1.67,76.7,0.9,4.0,7.0,19.0,10.0,30.0,0.021,1.6,35.1,False
PN-104098,73,ENGINE FUEL AND CONTROL,AIRBUS,A320-200,KRİTİK,YOK,Satınalma,18.0,6,1.34,0.64,3.3,0.95,1.0,2.0,4.0,2.0,3.0,0.0,0.0,35.1,False
PN-100441,28,FUEL,AIRBUS,A320neo,KRİTİK DEĞİL,YOK,Satınalma,12.0,19,4.75,2.59,47.5,0.9,2.0,3.0,8.0,4.0,16.0,0.0,0.0,35.1,False
PN-104597,21,AIR CONDITIONING,AIRBUS,A321-200,AOG KRİTİK,VAR,Yurtiçi tamir,3.0,1,0.42,0.69,1.2,0.98,1.0,2.0,3.0,2.0,3.0,0.0,0.0,35.1,False
PN-104482,74,IGNITION,AIRBUS,A320neo,KRİTİK DEĞİL,YOK,Satınalma,24.0,6,1.5,2.59,14.9,0.9,2.0,2.0,4.0,3.0,7.0,0.333,5.0,35.1,False
PN-101042,31,INDICATING / RECORDING SYSTEMS,BOEING,777-300ER,KRİTİK DEĞİL,YOK,Satınalma,16.0,69,17.25,1.67,112.5,0.9,3.0,7.0,25.0,8.0,37.0,0.101,11.4,35.1,False
PN-104349,30,ICE & RAIN PROTECTION,BOEING,777-F,KRİTİK DEĞİL,YOK,Yurtdışı tamir,29.0,4,0.85,2.5,8.3,0.9,2.0,2.0,3.0,3.0,6.0,0.0,0.0,35.1,False
PN-101302,71,POWER PLANT,AIRBUS,A321-200,KRİTİK,YOK,Satınalma,19.0,0,0.0,0.69,0.0,0.95,0.0,0.0,0.0,0.0,0.0,0.0,0.0,35.1,False
PN-100038,28,FUEL,AIRBUS,A319-100,KRİTİK,YOK,Satınalma,14.0,24,6.0,0.56,13.1,0.95,2.0,3.0,9.0,3.0,7.0,0.25,3.3,35.1,False
PN-101892,76,ENGINE CONTROLS,AIRBUS,A330-200,KRİTİK DEĞİL,YOK,Yurtdışı tamir,51.0,28,7.0,1.33,36.5,0.9,3.0,7.0,14.0,9.0,19.0,0.214,7.8,35.1,False
PN-101126,76,ENGINE CONTROLS,BOEING,777-300ER,KRİTİK DEĞİL,YOK,Satınalma,37.0,30,7.5,1.67,48.7,0.9,3.0,7.0,15.0,8.0,21.0,0.1,4.9,35.0,False
PN-100714,77,ENGINE INDICATING,AIRBUS,A320-200,KRİTİK,YOK,Satınalma,15.0,16,4.0,0.64,10.0,0.95,2.0,3.0,7.0,3.0,6.0,0.188,1.9,35.0,False
PN-101515,79,OIL,AIRBUS,A330-300,KRİTİK,YOK,Satınalma,15.0,1,0.28,1.11,1.2,0.95,1.0,2.0,3.0,2.0,3.0,1.0,1.2,35.0,False
PN-103002,79,OIL,AIRBUS,A320-200,KRİTİK,YOK,Satınalma,15.0,15,3.75,0.64,9.5,0.95,2.0,3.0,7.0,3.0,6.0,0.133,1.3,35.0,False
PN-104572,34,NAVIGATION,AIRBUS,A321-200,KRİTİK,YOK,Satınalma,18.0,3,0.85,0.69,2.3,0.95,1.0,2.0,3.0,2.0,3.0,0.333,0.8,35.0,False
PN-100580,23,COMMUNICATIONS,AIRBUS,A320neo,KRİTİK DEĞİL,YOK,Yurtdışı tamir,28.0,1,0.28,2.59,3.0,0.9,1.0,2.0,3.0,2.0,3.0,0.0,0.0,35.0,False
PN-103582,26,FIRE PROTECTION,AIRBUS,A330-300,KRİTİK,YOK,Satınalma,14.0,6,0.98,1.11,4.2,0.95,1.0,2.0,3.0,2.0,4.0,0.333,1.4,35.0,False
PN-104491,26,FIRE PROTECTION,AIRBUS,A320neo,KRİTİK DEĞİL,YOK,Satınalma,19.0,11,2.75,2.59,27.6,0.9,2.0,2.0,5.0,4.0,11.0,0.0,0.0,35.0,False
PN-103742,79,OIL,AIRBUS,A319-100,KRİTİK,YOK,Satınalma,15.0,18,4.5,0.56,9.7,0.95,2.0,3.0,8.0,3.0,6.0,0.0,0.0,35.0,False
PN-100223,26,FIRE PROTECTION,AIRBUS,A321neo,KRİTİK DEĞİL,YOK,Satınalma,17.0,1,0.42,2.96,5.2,0.9,1.0,2.0,3.0,2.0,4.0,0.0,0.0,35.0,False
PN-102784,77,ENGINE INDICATING,AIRBUS,A320neo,KRİTİK DEĞİL,YOK,Yurtdışı tamir,25.0,5,1.05,2.59,11.0,0.9,2.0,2.0,4.0,3.0,6.0,0.2,2.2,35.0,False
PN-103317,31,INDICATING / RECORDING SYSTEMS,AIRBUS,A320neo,KRİTİK,VAR,Yurtiçi tamir,5.0,9,2.25,2.59,22.8,0.95,1.0,2.0,5.0,2.0,8.0,0.0,0.0,35.0,False
PN-103370,80,STARTING,AIRBUS,A350-900,KRİTİK DEĞİL,VAR,Yurtiçi tamir,4.0,23,5.75,3.75,85.9,0.9,2.0,2.0,8.0,3.0,25.0,0.087,7.5,35.0,False
PN-100533,28,FUEL,AIRBUS,A320neo,KRİTİK DEĞİL,YOK,Satınalma,25.0,6,1.14,2.59,11.4,0.9,2.0,2.0,4.0,3.0,6.0,0.167,1.9,35.0,False
PN-100211,71,POWER PLANT,AIRBUS,A320neo,KRİTİK DEĞİL,YOK,Satınalma,24.0,8,1.38,2.59,14.0,0.9,2.0,2.0,4.0,3.0,7.0,0.0,0.0,35.0,False
PN-103920,79,OIL,AIRBUS,A321-200,KRİTİK,YOK,Satınalma,15.0,13,3.25,0.69,9.0,0.95,2.0,3.0,7.0,3.0,6.0,0.308,2.8,34.9,False
PN-101877,77,ENGINE INDICATING,AIRBUS,A320neo,KRİTİK DEĞİL,YOK,Yurtdışı tamir,24.0,5,1.25,2.59,13.0,0.9,2.0,2.0,4.0,3.0,7.0,0.2,2.6,34.9,False
PN-103539,74,IGNITION,AIRBUS,A321neo,KRİTİK DEĞİL,YOK,Satınalma,12.0,3,1.44,2.96,17.6,0.9,1.0,2.0,4.0,2.0,7.0,0.0,0.0,34.9,False
PN-100298,28,FUEL,BOEING,737-800,KRİTİK,YOK,Satınalma,16.0,12,3.0,0.56,6.5,0.95,1.0,3.0,6.0,2.0,4.0,0.083,0.5,34.9,False
PN-103807,25,EQUIPMENT / FURNISHINGS,BOEING,737 MAX 8,KRİTİK DEĞİL,VAR,Yurtiçi tamir,20.0,10,2.5,3.81,37.1,0.9,2.0,2.0,5.0,5.0,15.0,0.2,7.4,34.9,False
PN-100692,79,OIL,AIRBUS,A330-300,KRİTİK,YOK,Satınalma,13.0,5,1.25,1.11,5.6,0.95,1.0,2.0,4.0,2.0,4.0,0.2,1.1,34.9,False
PN-104619,77,ENGINE INDICATING,BOEING,737-800,KRİTİK,YOK,Satınalma,17.0,6,1.7,0.56,3.8,0.95,1.0,2.0,4.0,2.0,3.0,0.167,0.6,34.9,False
PN-102058,31,INDICATING / RECORDING SYSTEMS,AIRBUS,A319-100,KRİTİK,YOK,Satınalma,15.0,17,4.25,0.56,9.3,0.95,2.0,3.0,8.0,3.0,6.0,0.118,1.1,34.9,False
PN-104598,79,OIL,AIRBUS,A320neo,KRİTİK,VAR,Yurtiçi tamir,6.0,7,1.75,2.59,17.6,0.95,1.0,2.0,4.0,2.0,7.0,0.0,0.0,34.8,False
PN-102004,73,ENGINE FUEL AND CONTROL,AIRBUS,A320-200,KRİTİK,YOK,Satınalma,18.0,0,0.0,0.64,0.0,0.95,0.0,0.0,0.0,0.0,0.0,0.0,0.0,34.8,False
PN-103564,73,ENGINE FUEL AND CONTROL,AIRBUS,A321-200,KRİTİK,YOK,Satınalma,17.0,5,1.02,0.69,2.8,0.95,1.0,2.0,4.0,2.0,3.0,0.4,1.1,34.8,False
PN-100705,36,PNEUMATIC,AIRBUS,A321neo,KRİTİK DEĞİL,VAR,Yurtiçi tamir,18.0,39,9.75,2.96,113.6,0.9,4.0,4.0,14.0,10.0,39.0,0.154,17.5,34.8,False
PN-104096,35,OXYGEN,AIRBUS,A320neo,KRİTİK DEĞİL,YOK,Satınalma,16.0,13,3.25,2.59,32.9,0.9,2.0,2.0,6.0,4.0,13.0,0.077,2.5,34.8,False
PN-100403,80,STARTING,BOEING,787-9,KRİTİK DEĞİL,VAR,Yurtiçi tamir,19.0,12,3.0,3.75,44.0,0.9,2.0,3.0,6.0,5.0,16.0,0.333,14.7,34.8,False
PN-102568,30,ICE & RAIN PROTECTION,AIRBUS,A320neo,KRİTİK,VAR,Yurtiçi tamir,5.0,7,2.03,2.59,20.2,0.95,1.0,2.0,5.0,2.0,8.0,0.0,0.0,34.8,False
PN-102233,24,ELECTRICAL POWER,AIRBUS,A320neo,KRİTİK,VAR,Yurtiçi tamir,7.0,6,1.5,2.59,15.1,0.95,1.0,2.0,4.0,2.0,6.0,0.0,0.0,34.8,False
PN-100416,80,STARTING,AIRBUS,A320neo,KRİTİK,VAR,Yurtiçi tamir,4.0,9,2.25,2.59,22.8,0.95,1.0,2.0,5.0,2.0,8.0,0.222,5.1,34.7,False
PN-100677,23,COMMUNICATIONS,AIRBUS,A321-200,KRİTİK DEĞİL,YOK,Satınalma,41.0,123,30.75,0.69,84.2,0.9,4.0,19.0,50.0,14.0,36.0,0.065,5.5,34.7,False
PN-104838,76,ENGINE CONTROLS,AIRBUS,A320-200,KRİTİK,YOK,Satınalma,15.0,11,2.75,0.64,7.0,0.95,1.0,3.0,6.0,2.0,4.0,0.182,1.3,34.7,False
PN-104387,22,AUTO FLIGHT,AIRBUS,A320neo,KRİTİK,VAR,Yurtiçi tamir,9.0,4,0.85,2.59,8.8,0.95,1.0,2.0,3.0,2.0,5.0,0.0,0.0,34.7,False
PN-103669,26,FIRE PROTECTION,BOEING,737-800,KRİTİK,YOK,Satınalma,17.0,3,0.55,0.56,1.2,0.95,1.0,2.0,3.0,2.0,3.0,0.0,0.0,34.7,False
PN-104791,80,STARTING,AIRBUS,A320neo,KRİTİK DEĞİL,YOK,Yurtdışı tamir,24.0,6,1.08,2.59,10.9,0.9,2.0,2.0,4.0,3.0,6.0,0.167,1.8,34.7,False
PN-104017,24,ELECTRICAL POWER,BOEING,737-800,KRİTİK,YOK,Satınalma,10.0,35,8.75,0.56,18.9,0.95,2.0,3.0,12.0,3.0,8.0,0.114,2.2,34.6,False
PN-104852,23,COMMUNICATIONS,BOEING,777-F,KRİTİK DEĞİL,YOK,Yurtdışı tamir,22.0,9,2.25,2.5,21.6,0.9,2.0,2.0,5.0,4.0,10.0,0.111,2.4,34.6,False
PN-102797,36,PNEUMATIC,AIRBUS,A320neo,KRİTİK,VAR,Yurtiçi tamir,6.0,8,1.57,2.59,16.2,0.95,1.0,2.0,4.0,2.0,7.0,0.0,0.0,34.6,False
PN-102464,34,NAVIGATION,AIRBUS,A320neo,KRİTİK,VAR,Yurtiçi tamir,12.0,0,0.0,2.59,0.0,0.95,0.0,0.0,0.0,0.0,0.0,0.0,0.0,34.6,False
PN-102453,34,NAVIGATION,BOEING,787-9,KRİTİK DEĞİL,VAR,Yurtiçi tamir,14.0,15,3.75,3.75,55.3,0.9,2.0,2.0,6.0,5.0,19.0,0.067,3.7,34.6,False
PN-101878,71,POWER PLANT,BOEING,777-300ER,KRİTİK DEĞİL,YOK,Yurtdışı tamir,40.0,22,5.5,1.67,35.8,0.9,3.0,5.0,11.0,7.0,16.0,0.045,1.6,34.6,False
PN-102504,22,AUTO FLIGHT,AIRBUS,A319-100,KRİTİK,YOK,Satınalma,17.0,1,0.21,0.56,0.5,0.95,1.0,2.0,3.0,2.0,3.0,0.0,0.0,34.6,False
PN-102452,23,COMMUNICATIONS,AIRBUS,A320neo,KRİTİK DEĞİL,YOK,Yurtdışı tamir,26.0,1,0.28,2.59,3.0,0.9,1.0,2.0,3.0,2.0,3.0,0.0,0.0,34.5,False
PN-104067,31,INDICATING / RECORDING SYSTEMS,AIRBUS,A330-200,KRİTİK DEĞİL,YOK,Yurtdışı tamir,45.0,35,8.75,1.33,46.2,0.9,4.0,8.0,17.0,10.0,22.0,0.057,2.6,34.5,False
PN-102011,31,INDICATING / RECORDING SYSTEMS,AIRBUS,A330-200,KRİTİK DEĞİL,YOK,Satınalma,55.0,15,3.75,1.33,19.4,0.9,3.0,5.0,9.0,6.0,11.0,0.067,1.3,34.5,False
PN-103531,22,AUTO FLIGHT,AIRBUS,A321neo,KRİTİK DEĞİL,YOK,Satınalma,14.0,3,0.65,2.96,7.6,0.9,1.0,2.0,3.0,2.0,4.0,0.0,0.0,34.5,False
PN-104531,24,ELECTRICAL POWER,AIRBUS,A320neo,KRİTİK,VAR,Yurtiçi tamir,10.0,2,0.42,2.59,4.2,0.95,1.0,2.0,3.0,2.0,4.0,0.0,0.0,34.5,False
PN-101218,74,IGNITION,BOEING,777-300ER,KRİTİK DEĞİL,YOK,Satınalma,49.0,7,1.72,1.67,11.2,0.9,2.0,3.0,5.0,4.0,7.0,0.0,0.0,34.5,False
PN-103436,28,FUEL,AIRBUS,A320neo,KRİTİK,VAR,Yurtiçi tamir,8.0,3,0.85,2.59,8.9,0.95,1.0,2.0,3.0,2.0,5.0,0.0,0.0,34.5,False
PN-103674,52,DOORS,AIRBUS,A321neo,KRİTİK DEĞİL,YOK,Satınalma,13.0,4,0.85,2.96,10.4,0.9,1.0,2.0,3.0,2.0,5.0,0.5,5.2,34.5,False
PN-100460,71,POWER PLANT,BOEING,737-900ER,KRİTİK,YOK,Yurtdışı tamir,15.0,5,0.86,1.0,3.4,0.95,1.0,2.0,3.0,2.0,3.0,0.0,0.0,34.4,False
PN-103303,28,FUEL,AIRBUS,A330-300,KRİTİK DEĞİL,YOK,Satınalma,54.0,35,8.75,1.11,37.9,0.9,4.0,9.0,18.0,10.0,20.0,0.0,0.0,34.4,False
PN-102979,34,NAVIGATION,BOEING,787-9,KRİTİK DEĞİL,VAR,Yurtiçi tamir,12.0,16,4.0,3.75,58.4,0.9,2.0,2.0,6.0,4.0,19.0,0.0,0.0,34.4,False
PN-103889,74,IGNITION,AIRBUS,A320neo,KRİTİK DEĞİL,YOK,Satınalma,22.0,5,1.25,2.59,12.6,0.9,2.0,2.0,4.0,3.0,7.0,0.4,5.0,34.4,False
PN-101370,76,ENGINE CONTROLS,AIRBUS,A321-200,KRİTİK,YOK,Satınalma,13.0,13,3.25,0.69,8.8,0.95,1.0,3.0,7.0,2.0,5.0,0.231,2.0,34.4,False
PN-102099,27,FLIGHT CONTROLS,AIRBUS,A321-200,KRİTİK DEĞİL,YOK,Yurtdışı tamir,45.0,103,25.75,0.69,70.3,0.9,4.0,18.0,44.0,13.0,31.0,0.155,10.9,34.4,False
PN-103656,35,OXYGEN,AIRBUS,A321neo,KRİTİK DEĞİL,YOK,Satınalma,16.0,0,0.0,2.96,0.0,0.9,0.0,0.0,0.0,0.0,0.0,0.0,0.0,34.3,False
PN-100114,35,OXYGEN,AIRBUS,A320neo,KRİTİK DEĞİL,YOK,Satınalma,18.0,9,2.25,2.59,22.9,0.9,2.0,2.0,5.0,4.0,10.0,0.111,2.5,34.3,False
PN-101371,29,HYDRAULIC POWER,AIRBUS,A320neo,KRİTİK DEĞİL,YOK,Yurtdışı tamir,23.0,3,0.85,2.59,8.7,0.9,1.0,2.0,3.0,2.0,5.0,0.333,2.9,34.3,False
PN-101161,34,NAVIGATION,BOEING,777-300ER,KRİTİK DEĞİL,YOK,Satınalma,41.0,18,4.5,1.67,30.1,0.9,3.0,5.0,10.0,7.0,15.0,0.056,1.7,34.3,False
PN-101704,77,ENGINE INDICATING,BOEING,737-800,KRİTİK,YOK,Yurtdışı tamir,15.0,5,1.25,0.56,2.8,0.95,1.0,2.0,4.0,2.0,3.0,0.0,0.0,34.3,False
PN-103842,36,PNEUMATIC,BOEING,777-300ER,KRİTİK DEĞİL,YOK,Satınalma,50.0,5,0.81,1.67,5.3,0.9,2.0,2.0,3.0,3.0,5.0,0.2,1.1,34.2,False
PN-103430,27,FLIGHT CONTROLS,BOEING,787-9,KRİTİK DEĞİL,VAR,Yurtiçi tamir,11.0,16,4.0,3.75,58.6,0.9,2.0,2.0,6.0,4.0,19.0,0.125,7.3,34.2,False
PN-100002,56,WINDOWS,BOEING,777-F,KRİTİK,VAR,Yurtiçi tamir,7.0,8,1.53,2.5,15.5,0.95,1.0,2.0,4.0,2.0,6.0,0.0,0.0,34.2,False
PN-104810,26,FIRE PROTECTION,AIRBUS,A321-200,KRİTİK,YOK,Satınalma,14.0,5,1.44,0.69,4.0,0.95,1.0,2.0,4.0,2.0,3.0,0.2,0.8,34.2,False
PN-101843,74,IGNITION,AIRBUS,A320neo,KRİTİK DEĞİL,YOK,Satınalma,24.0,2,0.53,2.59,5.5,0.9,1.0,2.0,3.0,2.0,4.0,0.5,2.7,34.2,False
PN-101547,76,ENGINE CONTROLS,AIRBUS,A320neo,KRİTİK DEĞİL,YOK,Satınalma,24.0,1,0.42,2.59,4.2,0.9,1.0,2.0,3.0,2.0,4.0,0.0,0.0,34.1,False
PN-101009,35,OXYGEN,AIRBUS,A320neo,KRİTİK,VAR,Yurtiçi tamir,7.0,3,0.72,2.59,7.5,0.95,1.0,2.0,3.0,2.0,4.0,0.0,0.0,34.1,False
PN-101749,71,POWER PLANT,BOEING,737-900ER,KRİTİK,YOK,Satınalma,14.0,3,0.85,1.0,3.3,0.95,1.0,2.0,3.0,2.0,3.0,0.0,0.0,34.1,False
PN-103179,25,EQUIPMENT / FURNISHINGS,AIRBUS,A321-200,KRİTİK DEĞİL,YOK,Satınalma,66.0,15,3.75,0.69,10.4,0.9,2.0,6.0,10.0,4.0,7.0,0.133,1.4,34.1,False
PN-103833,56,WINDOWS,AIRBUS,A321neo,KRİTİK DEĞİL,YOK,Satınalma,10.0,3,1.27,2.96,14.5,0.9,1.0,2.0,4.0,2.0,6.0,0.0,0.0,34.1,False
PN-101470,77,ENGINE INDICATING,BOEING,777-F,KRİTİK DEĞİL,YOK,Satınalma,13.0,17,4.25,2.5,40.8,0.9,2.0,2.0,7.0,4.0,15.0,0.235,9.6,34.1,False
PN-101240,35,OXYGEN,AIRBUS,A320neo,KRİTİK DEĞİL,YOK,Yurtdışı tamir,23.0,3,0.72,2.59,7.2,0.9,1.0,2.0,3.0,2.0,4.0,0.0,0.0,34.1,False
PN-103763,52,DOORS,BOEING,737-800,KRİTİK,YOK,Satınalma,14.0,8,1.63,0.56,3.5,0.95,1.0,2.0,4.0,2.0,3.0,0.25,0.9,34.1,False
PN-103295,73,ENGINE FUEL AND CONTROL,AIRBUS,A350-900,KRİTİK DEĞİL,VAR,Yurtiçi tamir,10.0,20,4.03,3.75,59.7,0.9,2.0,2.0,7.0,4.0,19.0,0.05,3.0,34.0,False
PN-102884,30,ICE & RAIN PROTECTION,AIRBUS,A320neo,KRİTİK,VAR,Yurtiçi tamir,7.0,3,0.7,2.59,7.2,0.95,1.0,2.0,3.0,2.0,4.0,0.333,2.4,34.0,False
PN-102374,71,POWER PLANT,AIRBUS,A330-200,KRİTİK DEĞİL,YOK,Yurtdışı tamir,40.0,42,10.5,1.33,55.0,0.9,4.0,8.0,19.0,11.0,25.0,0.119,6.6,34.0,False
PN-102372,22,AUTO FLIGHT,BOEING,737-800,KRİTİK DEĞİL,YOK,Satınalma,69.0,3,0.85,0.56,1.9,0.9,1.0,3.0,4.0,2.0,3.0,0.0,0.0,34.0,False
PN-103848,72,ENGINE,AIRBUS,A330-200,KRİTİK DEĞİL,YOK,Yurtdışı tamir,35.0,53,13.25,1.33,68.2,0.9,4.0,9.0,23.0,11.0,29.0,0.189,12.9,34.0,False
PN-102690,71,POWER PLANT,AIRBUS,A350-900,KRİTİK DEĞİL,VAR,Yurtiçi tamir,9.0,17,4.25,3.75,62.5,0.9,2.0,2.0,7.0,4.0,20.0,0.176,11.0,34.0,False
PN-102128,22,AUTO FLIGHT,AIRBUS,A320neo,KRİTİK,VAR,Yurtiçi tamir,7.0,3,0.57,2.59,5.7,0.95,1.0,2.0,3.0,2.0,4.0,0.0,0.0,33.9,False
PN-102790,79,OIL,AIRBUS,A321-200,KRİTİK,YOK,Satınalma,14.0,2,0.42,0.69,1.2,0.95,1.0,2.0,3.0,2.0,3.0,0.0,0.0,33.9,False
PN-102694,79,OIL,BOEING,777-300ER,KRİTİK DEĞİL,YOK,Satınalma,34.0,27,6.75,1.67,44.8,0.9,3.0,6.0,13.0,8.0,20.0,0.037,1.7,33.9,False
PN-103541,49,AIRBORNE AUXILIARY POWER (APU),AIRBUS,A319-100,KRİTİK DEĞİL,YOK,Yurtdışı tamir,65.0,21,5.25,0.56,11.5,0.9,2.0,7.0,13.0,5.0,8.0,0.143,1.6,33.9,False
PN-100600,52,DOORS,BOEING,777-F,KRİTİK,VAR,Yurtiçi tamir,8.0,5,1.02,2.5,10.1,0.95,1.0,2.0,4.0,2.0,5.0,0.0,0.0,33.9,False
PN-102393,26,FIRE PROTECTION,AIRBUS,A320neo,KRİTİK DEĞİL,YOK,Satınalma,20.0,5,1.25,2.59,12.4,0.9,2.0,2.0,4.0,3.0,7.0,0.2,2.5,33.9,False
PN-103238,76,ENGINE CONTROLS,BOEING,777-300ER,KRİTİK DEĞİL,YOK,Satınalma,33.0,28,7.0,1.67,45.9,0.9,3.0,6.0,13.0,8.0,20.0,0.036,1.6,33.8,False
PN-104716,77,ENGINE INDICATING,BOEING,737-800,KRİTİK DEĞİL,YOK,Satınalma,65.0,19,4.75,0.56,10.6,0.9,2.0,7.0,12.0,4.0,7.0,0.105,1.1,33.8,False
PN-102350,36,PNEUMATIC,AIRBUS,A320neo,KRİTİK DEĞİL,YOK,Satınalma,13.0,12,3.0,2.59,30.8,0.9,2.0,2.0,5.0,4.0,12.0,0.25,7.7,33.8,False
PN-100940,56,WINDOWS,AIRBUS,A320neo,KRİTİK DEĞİL,YOK,Satınalma,14.0,11,2.75,2.59,28.3,0.9,2.0,2.0,5.0,4.0,12.0,0.091,2.6,33.8,False
PN-103393,25,EQUIPMENT / FURNISHINGS,BOEING,737 MAX 8,KRİTİK DEĞİL,VAR,Yurtiçi tamir,5.0,18,4.5,3.81,66.6,0.9,2.0,2.0,7.0,3.0,20.0,0.333,22.2,33.8,False
PN-102240,26,FIRE PROTECTION,AIRBUS,A320neo,KRİTİK DEĞİL,YOK,Satınalma,17.0,8,2.0,2.59,20.1,0.9,2.0,2.0,4.0,3.0,9.0,0.25,5.0,33.8,False
PN-103405,30,ICE & RAIN PROTECTION,BOEING,777-300ER,KRİTİK DEĞİL,YOK,Yurtdışı tamir,38.0,20,5.0,1.67,32.1,0.9,3.0,5.0,10.0,7.0,16.0,0.15,4.8,33.7,False
PN-100498,79,OIL,BOEING,787-9,KRİTİK DEĞİL,VAR,Yurtiçi tamir,6.0,18,4.5,3.75,66.9,0.9,2.0,2.0,7.0,4.0,21.0,0.222,14.9,33.7,False
PN-101941,27,FLIGHT CONTROLS,AIRBUS,A321-200,KRİTİK,YOK,Satınalma,12.0,7,1.75,0.69,4.7,0.95,1.0,2.0,4.0,2.0,4.0,0.0,0.0,33.7,False
PN-100006,23,COMMUNICATIONS,BOEING,777-F,KRİTİK,VAR,Yurtiçi tamir,8.0,4,0.85,2.5,8.2,0.95,1.0,2.0,3.0,2.0,5.0,0.0,0.0,33.7,False
PN-104050,29,HYDRAULIC POWER,BOEING,737 MAX 8,KRİTİK DEĞİL,VAR,Yurtiçi tamir,3.0,19,4.75,3.81,71.1,0.9,1.0,2.0,7.0,2.0,20.0,0.263,18.7,33.7,False
PN-100163,31,INDICATING / RECORDING SYSTEMS,AIRBUS,A320neo,KRİTİK,VAR,Yurtiçi tamir,7.0,1,0.28,2.59,3.0,0.95,1.0,2.0,3.0,2.0,3.0,0.0,0.0,33.6,False
PN-104102,25,EQUIPMENT / FURNISHINGS,AIRBUS,A320neo,KRİTİK,VAR,Yurtiçi tamir,5.0,4,0.8,2.59,8.0,0.95,1.0,2.0,3.0,2.0,4.0,0.25,2.0,33.6,False
PN-101164,35,OXYGEN,AIRBUS,A320neo,KRİTİK DEĞİL,YOK,Satınalma,16.0,8,2.0,2.59,20.3,0.9,2.0,2.0,4.0,3.0,9.0,0.0,0.0,33.6,False
PN-104966,26,FIRE PROTECTION,AIRBUS,A320neo,KRİTİK DEĞİL,YOK,Satınalma,12.0,12,3.0,2.59,30.9,0.9,2.0,2.0,5.0,4.0,12.0,0.0,0.0,33.6,False
PN-100250,25,EQUIPMENT / FURNISHINGS,AIRBUS,A320neo,KRİTİK,VAR,Yurtiçi tamir,8.0,0,0.0,2.59,0.0,0.95,0.0,0.0,0.0,0.0,0.0,0.0,0.0,33.6,False
PN-100768,24,ELECTRICAL POWER,BOEING,777-F,KRİTİK,VAR,Yurtiçi tamir,7.0,1,0.85,2.5,8.2,0.95,1.0,2.0,3.0,2.0,5.0,0.0,0.0,33.5,False
PN-103753,27,FLIGHT CONTROLS,AIRBUS,A321-200,KRİTİK DEĞİL,YOK,Satınalma,42.0,102,25.5,0.69,69.2,0.9,4.0,17.0,43.0,12.0,30.0,0.157,10.9,33.5,False
PN-103738,56,WINDOWS,BOEING,737 MAX 8,KRİTİK DEĞİL,VAR,Yurtiçi tamir,9.0,14,3.5,3.81,52.2,0.9,2.0,2.0,6.0,4.0,18.0,0.0,0.0,33.5,False
PN-104478,76,ENGINE CONTROLS,BOEING,737-900ER,KRİTİK DEĞİL,YOK,Yurtdışı tamir,67.0,2,0.35,1.0,1.4,0.9,1.0,2.0,3.0,2.0,3.0,0.0,0.0,33.5,False
PN-104414,34,NAVIGATION,BOEING,737-800,KRİTİK DEĞİL,YOK,Satınalma,59.0,43,10.75,0.56,23.4,0.9,3.0,11.0,22.0,7.0,13.0,0.07,1.6,33.5,False
PN-102783,74,IGNITION,AIRBUS,A321-200,KRİTİK DEĞİL,YOK,Yurtdışı tamir,32.0,139,34.75,0.69,94.5,0.9,4.0,18.0,53.0,13.0,37.0,0.058,5.4,33.4,False
PN-101151,35,OXYGEN,AIRBUS,A320neo,KRİTİK,VAR,Yurtiçi tamir,3.0,4,1.05,2.59,10.8,0.95,1.0,2.0,4.0,2.0,5.0,0.0,0.0,33.4,False
PN-101724,35,OXYGEN,AIRBUS,A320neo,KRİTİK DEĞİL,YOK,Yurtdışı tamir,19.0,5,0.97,2.59,10.1,0.9,1.0,2.0,3.0,2.0,5.0,0.2,2.0,33.4,False
PN-101984,52,DOORS,BOEING,737 MAX 8,KRİTİK DEĞİL,VAR,Yurtiçi tamir,4.0,17,4.25,3.81,63.5,0.9,2.0,2.0,7.0,3.0,19.0,0.059,3.7,33.3,False
PN-103565,27,FLIGHT CONTROLS,BOEING,737 MAX 8,KRİTİK DEĞİL,VAR,Yurtiçi tamir,11.0,12,3.0,3.81,44.9,0.9,2.0,2.0,5.0,4.0,16.0,0.0,0.0,33.3,False
PN-103959,26,FIRE PROTECTION,BOEING,737-800,KRİTİK,YOK,Satınalma,10.0,11,2.75,0.56,5.9,0.95,1.0,2.0,5.0,2.0,4.0,0.364,2.2,33.3,False
PN-102806,28,FUEL,BOEING,787-9,KRİTİK DEĞİL,VAR,Yurtiçi tamir,10.0,14,3.5,3.75,52.2,0.9,2.0,2.0,6.0,4.0,18.0,0.214,11.2,33.3,False
PN-102028,35,OXYGEN,AIRBUS,A320neo,KRİTİK DEĞİL,YOK,Satınalma,20.0,3,0.57,2.59,5.9,0.9,1.0,2.0,3.0,2.0,4.0,0.333,2.0,33.2,False
PN-104304,56,WINDOWS,BOEING,777-300ER,KRİTİK DEĞİL,YOK,Yurtdışı tamir,43.0,8,1.96,1.67,12.8,0.9,2.0,3.0,5.0,4.0,8.0,0.0,0.0,33.2,False
PN-103783,72,ENGINE,AIRBUS,A320-200,KRİTİK DEĞİL,YOK,Yurtdışı tamir,46.0,88,22.0,0.64,55.3,0.9,4.0,17.0,39.0,11.0,25.0,0.136,7.5,33.2,False
PN-103277,27,FLIGHT CONTROLS,AIRBUS,A330-300,KRİTİK DEĞİL,YOK,Yurtdışı tamir,47.0,41,10.25,1.11,44.3,0.9,4.0,9.0,20.0,10.0,22.0,0.024,1.1,33.2,False
PN-102916,52,DOORS,AIRBUS,A319-100,KRİTİK,YOK,Satınalma,10.0,6,1.5,0.56,3.3,0.95,1.0,2.0,4.0,2.0,3.0,0.0,0.0,33.1,False
PN-102873,26,FIRE PROTECTION,AIRBUS,A330-300,KRİTİK DEĞİL,YOK,Satınalma,59.0,10,2.5,1.11,10.7,0.9,2.0,4.0,7.0,4.0,7.0,0.3,3.2,33.1,False
PN-103644,79,OIL,AIRBUS,A350-900,KRİTİK DEĞİL,VAR,Yurtiçi tamir,8.0,15,3.75,3.75,55.0,0.9,2.0,2.0,6.0,4.0,18.0,0.067,3.7,33.1,False
PN-102278,30,ICE & RAIN PROTECTION,AIRBUS,A320neo,KRİTİK DEĞİL,YOK,Satınalma,15.0,7,1.75,2.59,17.8,0.9,2.0,2.0,4.0,3.0,8.0,0.143,2.5,33.1,False
PN-101270,30,ICE & RAIN PROTECTION,BOEING,777-300ER,KRİTİK DEĞİL,YOK,Satınalma,32.0,26,6.5,1.67,41.9,0.9,3.0,5.0,12.0,7.0,18.0,0.192,8.1,33.1,False
PN-100866,74,IGNITION,BOEING,737-800,KRİTİK,YOK,Satınalma,11.0,1,0.21,0.56,0.5,0.95,1.0,2.0,3.0,2.0,3.0,0.0,0.0,33.1,False
PN-102532,79,OIL,AIRBUS,A319-100,KRİTİK,YOK,Satınalma,10.0,9,1.77,0.56,3.8,0.95,1.0,2.0,4.0,2.0,3.0,0.0,0.0,33.1,False
PN-101403,29,HYDRAULIC POWER,AIRBUS,A330-200,KRİTİK,VAR,Yurtiçi tamir,12.0,59,14.75,1.33,78.2,0.95,3.0,5.0,20.0,6.0,26.0,0.153,11.9,33.1,False
PN-104204,28,FUEL,AIRBUS,A321neo,KRİTİK DEĞİL,VAR,Yurtiçi tamir,11.0,49,12.25,2.96,142.2,0.9,3.0,4.0,17.0,8.0,44.0,0.082,11.6,33.0,False
PN-100201,77,ENGINE INDICATING,AIRBUS,A330-200,KRİTİK DEĞİL,YOK,Satınalma,39.0,36,9.0,1.33,47.2,0.9,3.0,7.0,16.0,9.0,21.0,0.278,13.1,33.0,False
PN-104342,34,NAVIGATION,BOEING,737-800,KRİTİK DEĞİL,YOK,Yurtdışı tamir,63.0,14,3.5,0.56,7.5,0.9,2.0,5.0,9.0,4.0,6.0,0.071,0.5,33.0,False
PN-101235,30,ICE & RAIN PROTECTION,BOEING,787-9,KRİTİK DEĞİL,VAR,Yurtiçi tamir,9.0,14,3.5,3.75,51.7,0.9,2.0,2.0,6.0,4.0,17.0,0.071,3.7,33.0,False
PN-100591,77,ENGINE INDICATING,BOEING,777-300ER,KRİTİK DEĞİL,YOK,Yurtdışı tamir,37.0,17,4.25,1.67,27.7,0.9,3.0,4.0,9.0,6.0,13.0,0.0,0.0,33.0,False
PN-104562,21,AIR CONDITIONING,AIRBUS,A320neo,KRİTİK,VAR,Yurtiçi tamir,3.0,4,0.69,2.59,6.9,0.95,1.0,2.0,3.0,2.0,4.0,0.0,0.0,33.0,False
PN-102865,21,AIR CONDITIONING,BOEING,777-F,KRİTİK DEĞİL,YOK,Satınalma,13.0,12,3.0,2.5,29.3,0.9,2.0,2.0,5.0,4.0,12.0,0.083,2.4,33.0,False
PN-101477,31,INDICATING / RECORDING SYSTEMS,AIRBUS,A320-200,KRİTİK DEĞİL,YOK,Satınalma,55.0,45,11.25,0.64,28.4,0.9,3.0,11.0,23.0,8.0,16.0,0.067,1.9,33.0,False
PN-102995,52,DOORS,AIRBUS,A320neo,KRİTİK,VAR,Yurtiçi tamir,3.0,2,0.57,2.59,5.8,0.95,1.0,2.0,3.0,2.0,4.0,0.5,2.9,32.9,False
PN-104643,22,AUTO FLIGHT,AIRBUS,A320-200,KRİTİK DEĞİL,YOK,Yurtdışı tamir,39.0,115,28.75,0.64,71.2,0.9,4.0,18.0,47.0,12.0,30.0,0.043,3.1,32.9,False
PN-103318,27,FLIGHT CONTROLS,AIRBUS,A321-200,KRİTİK DEĞİL,YOK,Satınalma,26.0,219,54.75,0.69,148.9,0.9,5.0,22.0,77.0,16.0,54.0,0.114,17.0,32.9,False
PN-102584,30,ICE & RAIN PROTECTION,BOEING,777-300ER,KRİTİK DEĞİL,YOK,Yurtdışı tamir,44.0,5,0.81,1.67,5.4,0.9,2.0,2.0,3.0,3.0,5.0,0.2,1.1,32.7,False
PN-104693,76,ENGINE CONTROLS,AIRBUS,A330-200,KRİTİK DEĞİL,YOK,Satınalma,52.0,7,1.75,1.33,9.1,0.9,2.0,3.0,5.0,4.0,7.0,0.143,1.3,32.7,False
PN-100091,73,ENGINE FUEL AND CONTROL,BOEING,777-300ER,KRİTİK DEĞİL,YOK,Yurtdışı tamir,46.0,0,0.0,1.67,0.0,0.9,0.0,0.0,0.0,0.0,0.0,0.0,0.0,32.7,False
PN-104339,35,OXYGEN,BOEING,777-300ER,KRİTİK DEĞİL,YOK,Yurtdışı tamir,44.0,4,0.85,1.67,5.4,0.9,2.0,2.0,3.0,3.0,5.0,0.25,1.4,32.7,False
PN-100387,74,IGNITION,BOEING,777-F,KRİTİK DEĞİL,YOK,Yurtdışı tamir,21.0,1,0.42,2.5,4.1,0.9,1.0,2.0,3.0,2.0,4.0,0.0,0.0,32.7,False
PN-100631,29,HYDRAULIC POWER,BOEING,777-300ER,KRİTİK DEĞİL,YOK,Satınalma,27.0,31,7.75,1.67,50.1,0.9,3.0,5.0,13.0,7.0,20.0,0.0,0.0,32.6,False
PN-100252,25,EQUIPMENT / FURNISHINGS,BOEING,737 MAX 8,KRİTİK DEĞİL,VAR,Yurtiçi tamir,7.0,13,3.25,3.81,48.3,0.9,2.0,2.0,6.0,3.0,16.0,0.0,0.0,32.6,False
PN-100190,56,WINDOWS,BOEING,777-F,KRİTİK DEĞİL,YOK,Satınalma,20.0,3,0.65,2.5,6.2,0.9,1.0,2.0,3.0,2.0,4.0,0.333,2.1,32.6,False
PN-102992,26,FIRE PROTECTION,AIRBUS,A320neo,KRİTİK DEĞİL,YOK,Satınalma,18.0,2,0.42,2.59,4.2,0.9,1.0,2.0,3.0,2.0,4.0,0.5,2.1,32.6,False
PN-101250,27,FLIGHT CONTROLS,AIRBUS,A320-200,KRİTİK DEĞİL,YOK,Satınalma,62.0,7,1.75,0.64,4.4,0.9,2.0,4.0,6.0,3.0,5.0,0.286,1.3,32.5,False
PN-102473,26,FIRE PROTECTION,BOEING,737 MAX 8,KRİTİK DEĞİL,VAR,Yurtiçi tamir,5.0,14,3.5,3.81,52.8,0.9,2.0,2.0,6.0,3.0,17.0,0.071,3.8,32.5,False
PN-104294,79,OIL,AIRBUS,A350-900,KRİTİK DEĞİL,VAR,Yurtiçi tamir,7.0,14,3.5,3.75,51.4,0.9,2.0,2.0,6.0,3.0,16.0,0.0,0.0,32.5,False
PN-100956,31,INDICATING / RECORDING SYSTEMS,BOEING,777-300ER,KRİTİK DEĞİL,YOK,Satınalma,31.0,23,5.75,1.67,38.1,0.9,3.0,4.0,10.0,7.0,17.0,0.043,1.7,32.5,False
PN-103243,35,OXYGEN,BOEING,777-300ER,KRİTİK DEĞİL,YOK,Yurtdışı tamir,43.0,5,0.91,1.67,5.8,0.9,2.0,2.0,3.0,3.0,5.0,0.2,1.2,32.5,False
PN-103108,77,ENGINE INDICATING,AIRBUS,A321neo,KRİTİK DEĞİL,VAR,Yurtiçi tamir,9.0,41,10.25,2.96,119.7,0.9,3.0,4.0,15.0,6.0,36.0,0.024,2.9,32.5,False
PN-103097,29,HYDRAULIC POWER,AIRBUS,A321neo,KRİTİK DEĞİL,VAR,Yurtiçi tamir,9.0,39,9.75,2.96,115.2,0.9,3.0,3.0,13.0,6.0,35.0,0.41,47.3,32.5,False
PN-101024,74,IGNITION,AIRBUS,A330-200,KRİTİK DEĞİL,YOK,Yurtdışı tamir,37.0,35,8.75,1.33,46.2,0.9,3.0,7.0,16.0,8.0,20.0,0.114,5.3,32.4,False
PN-102823,80,STARTING,AIRBUS,A319-100,KRİTİK DEĞİL,YOK,Yurtdışı tamir,60.0,16,4.0,0.56,8.7,0.9,2.0,6.0,10.0,4.0,7.0,0.312,2.7,32.4,False
PN-104769,22,AUTO FLIGHT,AIRBUS,A321-200,KRİTİK DEĞİL,YOK,Satınalma,62.0,6,1.31,0.69,3.6,0.9,1.0,3.0,5.0,2.0,3.0,0.167,0.6,32.4,False
PN-101636,25,EQUIPMENT / FURNISHINGS,AIRBUS,A330-200,KRİTİK DEĞİL,YOK,Yurtdışı tamir,45.0,19,4.75,1.33,24.9,0.9,3.0,5.0,10.0,7.0,14.0,0.211,5.2,32.4,False
PN-100982,36,PNEUMATIC,BOEING,737 MAX 8,KRİTİK DEĞİL,VAR,Yurtiçi tamir,17.0,5,1.28,3.81,18.8,0.9,2.0,2.0,4.0,3.0,8.0,0.2,3.8,32.4,False
PN-104449,77,ENGINE INDICATING,BOEING,777-300ER,KRİTİK DEĞİL,YOK,Yurtdışı tamir,40.0,8,2.0,1.67,13.3,0.9,2.0,3.0,5.0,4.0,8.0,0.0,0.0,32.4,False
PN-104468,77,ENGINE INDICATING,AIRBUS,A330-300,KRİTİK DEĞİL,YOK,Satınalma,56.0,10,2.5,1.11,10.8,0.9,2.0,4.0,7.0,4.0,7.0,0.1,1.1,32.3,False
PN-104714,21,AIR CONDITIONING,BOEING,737 MAX 8,KRİTİK DEĞİL,VAR,Yurtiçi tamir,15.0,5,1.52,3.81,23.5,0.9,2.0,2.0,4.0,3.0,9.0,0.2,4.7,32.3,False
PN-101407,76,ENGINE CONTROLS,BOEING,777-300ER,KRİTİK DEĞİL,YOK,Satınalma,33.0,19,4.75,1.67,31.0,0.9,3.0,4.0,9.0,6.0,14.0,0.105,3.3,32.3,False
PN-102484,29,HYDRAULIC POWER,AIRBUS,A321-200,KRİTİK DEĞİL,YOK,Yurtdışı tamir,60.0,12,3.0,0.69,8.2,0.9,2.0,4.0,7.0,4.0,7.0,0.083,0.7,32.3,False
PN-104411,49,AIRBORNE AUXILIARY POWER (APU),AIRBUS,A350-900,KRİTİK DEĞİL,VAR,Yurtiçi tamir,6.0,14,3.5,3.75,52.2,0.9,2.0,2.0,6.0,3.0,17.0,0.214,11.2,32.3,False
PN-102634,23,COMMUNICATIONS,BOEING,737 MAX 8,KRİTİK DEĞİL,VAR,Yurtiçi tamir,6.0,13,3.25,3.81,48.3,0.9,2.0,2.0,6.0,3.0,16.0,0.154,7.4,32.3,False
PN-101057,73,ENGINE FUEL AND CONTROL,BOEING,777-300ER,KRİTİK DEĞİL,YOK,Satınalma,34.0,17,4.25,1.67,27.7,0.9,3.0,4.0,9.0,6.0,13.0,0.118,3.3,32.3,False
PN-102260,21,AIR CONDITIONING,AIRBUS,A330-200,KRİTİK DEĞİL,YOK,Satınalma,35.0,38,9.5,1.33,49.8,0.9,3.0,7.0,17.0,8.0,21.0,0.184,9.2,32.3,False
PN-103845,34,NAVIGATION,AIRBUS,A350-900,KRİTİK DEĞİL,VAR,Yurtiçi tamir,13.0,9,2.25,3.75,33.4,0.9,2.0,2.0,5.0,4.0,13.0,0.111,3.7,32.3,False
PN-103755,29,HYDRAULIC POWER,BOEING,777-300ER,KRİTİK,VAR,Yurtiçi tamir,15.0,22,5.5,1.67,35.9,0.95,2.0,3.0,9.0,4.0,13.0,0.091,3.3,32.2,False
PN-102628,52,DOORS,BOEING,777-300ER,KRİTİK DEĞİL,YOK,Yurtdışı tamir,44.0,0,0.0,1.67,0.0,0.9,0.0,0.0,0.0,0.0,0.0,0.0,0.0,32.2,False
PN-101125,74,IGNITION,AIRBUS,A330-300,KRİTİK DEĞİL,YOK,Yurtdışı tamir,57.0,6,1.5,1.11,6.6,0.9,2.0,3.0,5.0,4.0,6.0,0.333,2.2,32.2,False
PN-103792,27,FLIGHT CONTROLS,BOEING,777-300ER,KRİTİK DEĞİL,YOK,Satınalma,31.0,21,5.25,1.67,34.4,0.9,3.0,4.0,10.0,6.0,15.0,0.0,0.0,32.2,False
PN-100907,25,EQUIPMENT / FURNISHINGS,AIRBUS,A320neo,KRİTİK DEĞİL,YOK,Satınalma,15.0,3,0.85,2.59,8.5,0.9,1.0,2.0,3.0,2.0,5.0,0.0,0.0,32.2,False
PN-101182,56,WINDOWS,AIRBUS,A321neo,KRİTİK DEĞİL,VAR,Yurtiçi tamir,8.0,52,13.0,2.96,152.2,0.9,3.0,4.0,17.0,7.0,46.0,0.058,8.8,32.2,False
PN-104081,28,FUEL,AIRBUS,A350-900,KRİTİK DEĞİL,VAR,Yurtiçi tamir,6.0,14,3.5,3.75,51.2,0.9,2.0,2.0,6.0,3.0,16.0,0.071,3.7,32.2,False
PN-104684,35,OXYGEN,AIRBUS,A320-200,KRİTİK DEĞİL,YOK,Yurtdışı tamir,62.0,1,0.28,0.64,0.7,0.9,1.0,2.0,3.0,2.0,3.0,0.0,0.0,32.1,False
PN-100057,25,EQUIPMENT / FURNISHINGS,AIRBUS,A320neo,KRİTİK DEĞİL,YOK,Yurtdışı tamir,16.0,2,0.42,2.59,4.5,0.9,1.0,2.0,3.0,2.0,4.0,0.0,0.0,32.1,False
PN-100742,52,DOORS,BOEING,777-300ER,KRİTİK DEĞİL,YOK,Satınalma,17.0,43,10.75,1.67,71.3,0.9,3.0,5.0,16.0,7.0,25.0,0.116,8.3,32.1,False
PN-104015,24,ELECTRICAL POWER,AIRBUS,A321neo,KRİTİK DEĞİL,VAR,Yurtiçi tamir,11.0,33,8.25,2.96,96.3,0.9,3.0,3.0,12.0,6.0,31.0,0.152,14.6,32.1,False
PN-100786,21,AIR CONDITIONING,AIRBUS,A350-900,KRİTİK DEĞİL,VAR,Yurtiçi tamir,7.0,13,3.25,3.75,47.1,0.9,2.0,2.0,6.0,3.0,15.0,0.077,3.6,32.1,False
PN-100481,74,IGNITION,AIRBUS,A320neo,KRİTİK DEĞİL,YOK,Satınalma,15.0,4,0.69,2.59,7.0,0.9,1.0,2.0,3.0,2.0,4.0,0.0,0.0,32.1,False
PN-103321,25,EQUIPMENT / FURNISHINGS,BOEING,737 MAX 8,KRİTİK DEĞİL,VAR,Yurtiçi tamir,18.0,3,0.85,3.81,12.4,0.9,2.0,2.0,3.0,3.0,7.0,0.333,4.1,32.0,False
PN-104005,79,OIL,AIRBUS,A319-100,KRİTİK DEĞİL,YOK,Satınalma,61.0,4,0.85,0.56,1.8,0.9,1.0,2.0,3.0,2.0,3.0,0.0,0.0,32.0,False
PN-100332,29,HYDRAULIC POWER,AIRBUS,A321neo,KRİTİK DEĞİL,VAR,Yurtiçi tamir,7.0,71,17.75,2.96,205.8,0.9,3.0,4.0,22.0,7.0,59.0,0.099,20.3,32.0,False
PN-101697,24,ELECTRICAL POWER,BOEING,777-300ER,KRİTİK DEĞİL,YOK,Satınalma,33.0,17,4.25,1.67,27.5,0.9,3.0,4.0,9.0,6.0,13.0,0.059,1.6,32.0,False
PN-102269,80,STARTING,BOEING,737-800,KRİTİK DEĞİL,YOK,Yurtdışı tamir,59.0,13,3.25,0.56,7.0,0.9,2.0,5.0,9.0,4.0,6.0,0.077,0.5,32.0,False
PN-101822,28,FUEL,AIRBUS,A350-900,KRİTİK DEĞİL,VAR,Yurtiçi tamir,13.0,8,2.0,3.75,28.8,0.9,2.0,2.0,4.0,4.0,12.0,0.375,10.8,31.9,False
PN-103870,22,AUTO FLIGHT,BOEING,777-300ER,KRİTİK DEĞİL,YOK,Satınalma,38.0,8,2.0,1.67,12.9,0.9,2.0,3.0,5.0,4.0,8.0,0.0,0.0,31.9,False
PN-103230,74,IGNITION,AIRBUS,A320neo,KRİTİK DEĞİL,YOK,Satınalma,15.0,3,0.57,2.59,5.7,0.9,1.0,2.0,3.0,2.0,4.0,0.0,0.0,31.9,False
PN-101050,35,OXYGEN,BOEING,737 MAX 8,KRİTİK DEĞİL,VAR,Yurtiçi tamir,10.0,12,2.22,3.81,33.2,0.9,2.0,2.0,5.0,3.0,12.0,0.083,2.8,31.9,False
PN-100300,30,ICE & RAIN PROTECTION,BOEING,787-9,KRİTİK DEĞİL,VAR,Yurtiçi tamir,17.0,5,1.25,3.75,18.3,0.9,2.0,2.0,4.0,3.0,8.0,0.0,0.0,31.9,False
PN-100526,79,OIL,AIRBUS,A320neo,KRİTİK DEĞİL,YOK,Satınalma,17.0,0,0.0,2.59,0.0,0.9,0.0,0.0,0.0,0.0,0.0,0.0,0.0,31.9,False
PN-103029,77,ENGINE INDICATING,BOEING,737 MAX 8,KRİTİK DEĞİL,VAR,Yurtiçi tamir,8.0,10,2.5,3.81,37.6,0.9,2.0,2.0,5.0,3.0,13.0,0.2,7.5,31.8,False
PN-100811,76,ENGINE CONTROLS,BOEING,777-300ER,KRİTİK DEĞİL,YOK,Satınalma,21.0,35,8.75,1.67,57.3,0.9,3.0,5.0,14.0,7.0,22.0,0.0,0.0,31.8,False
PN-103570,73,ENGINE FUEL AND CONTROL,BOEING,777-300ER,KRİTİK DEĞİL,YOK,Satınalma,32.0,17,4.25,1.67,28.1,0.9,3.0,4.0,9.0,6.0,14.0,0.176,5.0,31.8,False
PN-103092,71,POWER PLANT,AIRBUS,A330-300,KRİTİK DEĞİL,YOK,Yurtdışı tamir,51.0,17,4.25,1.11,18.2,0.9,3.0,5.0,10.0,6.0,11.0,0.0,0.0,31.8,False
PN-102763,21,AIR CONDITIONING,BOEING,777-300ER,KRİTİK DEĞİL,YOK,Satınalma,33.0,15,3.75,1.67,24.5,0.9,2.0,4.0,8.0,5.0,12.0,0.267,6.5,31.7,False
PN-101392,80,STARTING,AIRBUS,A330-200,KRİTİK,VAR,Yurtiçi tamir,18.0,35,8.75,1.33,46.3,0.95,3.0,5.0,14.0,6.0,18.0,0.086,4.0,31.6,False
PN-101731,77,ENGINE INDICATING,AIRBUS,A319-100,KRİTİK DEĞİL,YOK,Satınalma,54.0,30,7.5,0.56,16.5,0.9,3.0,8.0,16.0,6.0,11.0,0.1,1.6,31.6,False
PN-101012,27,FLIGHT CONTROLS,BOEING,787-9,KRİTİK DEĞİL,VAR,Yurtiçi tamir,10.0,9,2.25,3.75,32.7,0.9,2.0,2.0,5.0,3.0,12.0,0.0,0.0,31.5,False
PN-104441,30,ICE & RAIN PROTECTION,AIRBUS,A330-200,KRİTİK DEĞİL,YOK,Satınalma,43.0,13,3.82,1.33,20.0,0.9,2.0,4.0,8.0,5.0,10.0,0.077,1.5,31.5,False
PN-100862,24,ELECTRICAL POWER,AIRBUS,A330-300,KRİTİK DEĞİL,YOK,Yurtdışı tamir,51.0,14,3.5,1.11,15.1,0.9,2.0,4.0,8.0,5.0,9.0,0.071,1.1,31.5,False
PN-102689,80,STARTING,AIRBUS,A330-300,KRİTİK DEĞİL,YOK,Yurtdışı tamir,41.0,39,9.75,1.11,42.2,0.9,3.0,8.0,18.0,8.0,19.0,0.051,2.2,31.5,False
PN-101040,71,POWER PLANT,BOEING,777-300ER,KRİTİK DEĞİL,YOK,Satınalma,40.0,2,0.42,1.67,2.8,0.9,1.0,2.0,3.0,2.0,3.0,0.0,0.0,31.5,False
PN-100776,32,LANDING GEAR,AIRBUS,A321neo,KRİTİK DEĞİL,VAR,Yurtiçi tamir,5.0,576,144.0,2.96,1649.4,0.9,7.0,12.0,156.0,30.0,443.0,0.069,114.5,31.5,False
PN-100614,56,WINDOWS,AIRBUS,A321neo,KRİTİK DEĞİL,VAR,Yurtiçi tamir,13.0,29,7.25,2.96,82.9,0.9,3.0,4.0,12.0,6.0,27.0,0.103,8.6,31.4,False
PN-101200,76,ENGINE CONTROLS,BOEING,777-300ER,KRİTİK DEĞİL,YOK,Yurtdışı tamir,38.0,4,1.1,1.67,7.2,0.9,2.0,2.0,4.0,3.0,5.0,0.5,3.6,31.4,False
PN-103507,74,IGNITION,BOEING,737 MAX 8,KRİTİK DEĞİL,VAR,Yurtiçi tamir,8.0,10,2.25,3.81,33.4,0.9,2.0,2.0,5.0,3.0,12.0,0.3,10.0,31.4,False
PN-100446,29,HYDRAULIC POWER,AIRBUS,A321-200,KRİTİK DEĞİL,YOK,Yurtdışı tamir,57.0,10,2.49,0.69,6.7,0.9,2.0,4.0,7.0,4.0,6.0,0.1,0.7,31.4,False
PN-101785,27,FLIGHT CONTROLS,AIRBUS,A320-200,KRİTİK DEĞİL,YOK,Yurtdışı tamir,48.0,49,12.25,0.64,30.8,0.9,3.0,11.0,24.0,8.0,16.0,0.041,1.3,31.4,False
PN-100444,35,OXYGEN,AIRBUS,A321-200,KRİTİK DEĞİL,YOK,Satınalma,59.0,0,0.0,0.69,0.0,0.9,0.0,0.0,0.0,0.0,0.0,0.0,0.0,31.3,False
PN-103297,77,ENGINE INDICATING,BOEING,777-300ER,KRİTİK DEĞİL,YOK,Satınalma,27.0,22,5.5,1.67,35.9,0.9,3.0,4.0,10.0,6.0,15.0,0.227,8.2,31.3,False
PN-100837,26,FIRE PROTECTION,BOEING,777-300ER,KRİTİK DEĞİL,YOK,Satınalma,39.0,3,0.57,1.67,3.8,0.9,1.0,2.0,3.0,2.0,3.0,0.0,0.0,31.3,False
PN-101005,77,ENGINE INDICATING,AIRBUS,A330-300,KRİTİK DEĞİL,YOK,Satınalma,44.0,29,7.25,1.11,31.7,0.9,3.0,7.0,15.0,7.0,15.0,0.034,1.1,31.3,False
PN-100541,22,AUTO FLIGHT,BOEING,777-300ER,KRİTİK,VAR,Yurtiçi tamir,14.0,18,4.5,1.67,29.3,0.95,2.0,3.0,8.0,4.0,12.0,0.0,0.0,31.3,False
PN-104504,21,AIR CONDITIONING,BOEING,777-300ER,KRİTİK,VAR,Yurtiçi tamir,14.0,18,4.5,1.67,28.9,0.95,2.0,3.0,8.0,4.0,12.0,0.056,1.6,31.3,False
PN-102766,30,ICE & RAIN PROTECTION,AIRBUS,A321-200,KRİTİK DEĞİL,YOK,Yurtdışı tamir,56.0,12,3.0,0.69,8.1,0.9,2.0,4.0,7.0,4.0,7.0,0.25,2.0,31.3,False
PN-100587,23,COMMUNICATIONS,AIRBUS,A321neo,KRİTİK DEĞİL,VAR,Yurtiçi tamir,9.0,32,8.0,2.96,92.9,0.9,2.0,3.0,11.0,5.0,29.0,0.094,8.7,31.3,False
PN-102743,79,OIL,AIRBUS,A320neo,KRİTİK DEĞİL,YOK,Satınalma,10.0,6,1.14,2.59,11.5,0.9,1.0,2.0,4.0,2.0,5.0,0.167,1.9,31.2,False
PN-103689,25,EQUIPMENT / FURNISHINGS,AIRBUS,A350-900,KRİTİK DEĞİL,VAR,Yurtiçi tamir,6.0,11,2.75,3.75,41.1,0.9,2.0,2.0,5.0,3.0,14.0,0.0,0.0,31.2,False
PN-103789,29,HYDRAULIC POWER,BOEING,777-300ER,KRİTİK DEĞİL,YOK,Satınalma,22.0,29,7.25,1.67,48.1,0.9,3.0,4.0,12.0,6.0,19.0,0.207,10.0,31.2,False
PN-104051,31,INDICATING / RECORDING SYSTEMS,AIRBUS,A320neo,KRİTİK DEĞİL,YOK,Satınalma,10.0,3,1.1,2.59,11.3,0.9,1.0,2.0,4.0,2.0,5.0,0.667,7.5,31.2,False
PN-101677,31,INDICATING / RECORDING SYSTEMS,BOEING,787-9,KRİTİK DEĞİL,VAR,Yurtiçi tamir,7.0,8,2.62,3.75,38.3,0.9,2.0,2.0,5.0,3.0,13.0,0.0,0.0,31.2,False
PN-100340,52,DOORS,BOEING,737-900ER,KRİTİK DEĞİL,YOK,Satınalma,57.0,6,1.25,1.0,5.0,0.9,2.0,3.0,5.0,3.0,5.0,0.167,0.8,31.2,False
PN-100810,22,AUTO FLIGHT,BOEING,777-300ER,KRİTİK DEĞİL,YOK,Yurtdışı tamir,36.0,6,1.7,1.67,11.0,0.9,2.0,3.0,5.0,4.0,7.0,0.167,1.8,31.2,False
PN-101014,35,OXYGEN,BOEING,777-300ER,KRİTİK DEĞİL,YOK,Satınalma,32.0,13,3.25,1.67,21.0,0.9,2.0,4.0,8.0,4.0,10.0,0.077,1.6,31.1,False
PN-102984,71,POWER PLANT,BOEING,777-300ER,KRİTİK DEĞİL,YOK,Satınalma,33.0,11,2.75,1.67,18.2,0.9,2.0,3.0,6.0,4.0,9.0,0.0,0.0,31.1,False
PN-101354,26,FIRE PROTECTION,AIRBUS,A350-900,KRİTİK DEĞİL,VAR,Yurtiçi tamir,7.0,10,2.5,3.75,36.8,0.9,2.0,2.0,5.0,3.0,13.0,0.1,3.7,31.1,False
PN-104660,74,IGNITION,AIRBUS,A330-300,KRİTİK DEĞİL,YOK,Yurtdışı tamir,54.0,3,0.7,1.11,3.1,0.9,1.0,2.0,3.0,2.0,3.0,0.0,0.0,31.1,False
PN-102648,79,OIL,BOEING,777-300ER,KRİTİK DEĞİL,YOK,Yurtdışı tamir,16.0,39,9.75,1.67,64.1,0.9,3.0,4.0,14.0,6.0,23.0,0.026,1.6,31.1,False
PN-103831,26,FIRE PROTECTION,BOEING,777-F,KRİTİK DEĞİL,YOK,Satınalma,13.0,3,0.9,2.5,8.9,0.9,1.0,2.0,3.0,2.0,5.0,0.0,0.0,31.1,False
PN-102231,22,AUTO FLIGHT,BOEING,777-300ER,KRİTİK,VAR,Yurtiçi tamir,10.0,23,5.75,1.67,37.3,0.95,2.0,3.0,9.0,4.0,14.0,0.043,1.6,31.1,False
PN-103510,80,STARTING,BOEING,737-900ER,KRİTİK DEĞİL,YOK,Satınalma,55.0,9,2.14,1.0,8.5,0.9,2.0,4.0,7.0,4.0,7.0,0.111,0.9,31.1,False
PN-103636,36,PNEUMATIC,BOEING,777-F,KRİTİK DEĞİL,YOK,Satınalma,10.0,7,1.81,2.5,17.7,0.9,1.0,2.0,4.0,2.0,7.0,0.0,0.0,31.1,False
PN-103189,74,IGNITION,BOEING,777-300ER,KRİTİK DEĞİL,YOK,Satınalma,32.0,14,3.05,1.67,20.0,0.9,2.0,4.0,8.0,4.0,10.0,0.286,5.7,31.0,False
PN-100615,52,DOORS,AIRBUS,A350-900,KRİTİK DEĞİL,VAR,Yurtiçi tamir,12.0,6,1.49,3.75,22.0,0.9,2.0,2.0,4.0,3.0,9.0,0.0,0.0,31.0,False
PN-103813,32,LANDING GEAR,AIRBUS,A320-200,KRİTİK DEĞİL,YOK,Satınalma,48.0,42,10.5,0.64,26.4,0.9,3.0,10.0,21.0,7.0,14.0,0.19,5.0,31.0,False
PN-102588,80,STARTING,BOEING,777-300ER,KRİTİK DEĞİL,YOK,Satınalma,29.0,15,4.24,1.67,27.1,0.9,2.0,4.0,9.0,5.0,12.0,0.0,0.0,31.0,False
PN-100721,79,OIL,BOEING,737 MAX 8,KRİTİK DEĞİL,VAR,Yurtiçi tamir,9.0,7,1.75,3.81,25.6,0.9,2.0,2.0,4.0,3.0,10.0,0.714,18.3,31.0,False
PN-103407,52,DOORS,AIRBUS,A350-900,KRİTİK DEĞİL,VAR,Yurtiçi tamir,8.0,10,2.22,3.75,32.7,0.9,2.0,2.0,5.0,3.0,12.0,0.0,0.0,31.0,False
PN-103236,30,ICE & RAIN PROTECTION,AIRBUS,A350-900,KRİTİK DEĞİL,VAR,Yurtiçi tamir,8.0,11,2.22,3.75,32.4,0.9,2.0,2.0,5.0,3.0,12.0,0.364,11.8,30.9,False
PN-104948,27,FLIGHT CONTROLS,AIRBUS,A321neo,KRİTİK DEĞİL,VAR,Yurtiçi tamir,22.0,18,4.5,2.96,53.4,0.9,3.0,4.0,9.0,7.0,21.0,0.0,0.0,30.9,False
PN-102193,26,FIRE PROTECTION,BOEING,737 MAX 8,KRİTİK DEĞİL,VAR,Yurtiçi tamir,10.0,6,1.49,3.81,21.8,0.9,1.0,2.0,4.0,2.0,8.0,0.167,3.6,30.9,False
PN-100706,21,AIR CONDITIONING,AIRBUS,A319-100,KRİTİK DEĞİL,YOK,Satınalma,57.0,2,0.42,0.56,0.9,0.9,1.0,2.0,3.0,2.0,3.0,0.5,0.5,30.9,False
PN-103310,35,OXYGEN,AIRBUS,A330-200,KRİTİK DEĞİL,YOK,Satınalma,37.0,23,5.75,1.33,29.7,0.9,3.0,5.0,11.0,7.0,15.0,0.087,2.6,30.9,False
PN-102176,23,COMMUNICATIONS,AIRBUS,A320-200,KRİTİK DEĞİL,YOK,Yurtdışı tamir,54.0,14,3.5,0.64,9.0,0.9,2.0,5.0,9.0,4.0,7.0,0.0,0.0,30.9,False
PN-104420,71,POWER PLANT,BOEING,737-800,KRİTİK,VAR,Yurtiçi tamir,13.0,143,35.75,0.56,77.8,0.95,3.0,10.0,46.0,6.0,26.0,0.175,13.6,30.9,False
PN-103855,71,POWER PLANT,AIRBUS,A330-200,KRİTİK DEĞİL,YOK,Yurtdışı tamir,26.0,46,11.5,1.33,59.9,0.9,3.0,7.0,19.0,8.0,23.0,0.13,7.8,30.9,False
PN-104753,76,ENGINE CONTROLS,AIRBUS,A350-900,KRİTİK DEĞİL,VAR,Yurtiçi tamir,10.0,7,1.75,3.75,25.7,0.9,2.0,2.0,4.0,3.0,10.0,0.0,0.0,30.8,False
PN-103355,32,LANDING GEAR,BOEING,737 MAX 8,KRİTİK DEĞİL,VAR,Yurtiçi tamir,8.0,7,1.75,3.81,26.4,0.9,1.0,2.0,4.0,2.0,9.0,0.143,3.8,30.8,False
PN-102310,28,FUEL,AIRBUS,A330-200,KRİTİK DEĞİL,YOK,Satınalma,40.0,16,4.0,1.33,20.8,0.9,2.0,4.0,8.0,5.0,11.0,0.062,1.3,30.8,False
PN-103851,22,AUTO FLIGHT,BOEING,777-300ER,KRİTİK DEĞİL,YOK,Satınalma,37.0,2,0.65,1.67,4.2,0.9,1.0,2.0,3.0,2.0,4.0,0.5,2.1,30.8,False
PN-102523,31,INDICATING / RECORDING SYSTEMS,AIRBUS,A350-900,KRİTİK DEĞİL,VAR,Yurtiçi tamir,5.0,11,2.75,3.75,39.6,0.9,1.0,2.0,5.0,2.0,12.0,0.273,10.8,30.8,False
PN-100453,21,AIR CONDITIONING,BOEING,777-300ER,KRİTİK,VAR,Yurtiçi tamir,9.0,23,5.75,1.67,37.5,0.95,2.0,3.0,9.0,3.0,13.0,0.174,6.5,30.8,False
PN-104712,77,ENGINE INDICATING,BOEING,737-800,KRİTİK DEĞİL,YOK,Yurtdışı tamir,33.0,120,30.0,0.56,65.0,0.9,4.0,16.0,46.0,10.0,27.0,0.175,11.4,30.8,False
PN-102492,79,OIL,BOEING,737-800,KRİTİK DEĞİL,YOK,Satınalma,50.0,33,8.25,0.56,18.2,0.9,3.0,8.0,17.0,6.0,11.0,0.152,2.8,30.7,False
PN-103231,26,FIRE PROTECTION,BOEING,777-300ER,KRİTİK DEĞİL,YOK,Yurtdışı tamir,28.0,17,4.25,1.67,27.3,0.9,2.0,4.0,9.0,5.0,12.0,0.059,1.6,30.7,False
PN-103040,31,INDICATING / RECORDING SYSTEMS,BOEING,787-9,KRİTİK DEĞİL,VAR,Yurtiçi tamir,8.0,8,2.0,3.75,29.8,0.9,2.0,2.0,4.0,3.0,11.0,0.25,7.5,30.7,False
PN-103147,74,IGNITION,AIRBUS,A320-200,KRİTİK DEĞİL,YOK,Yurtdışı tamir,51.0,25,6.25,0.64,15.7,0.9,2.0,7.0,14.0,5.0,9.0,0.0,0.0,30.7,False
PN-103069,22,AUTO FLIGHT,BOEING,737 MAX 8,KRİTİK DEĞİL,VAR,Yurtiçi tamir,9.0,6,1.5,3.81,22.5,0.9,1.0,2.0,4.0,2.0,8.0,0.167,3.7,30.7,False
PN-101471,71,POWER PLANT,AIRBUS,A320-200,KRİTİK DEĞİL,YOK,Satınalma,42.0,63,15.75,0.64,39.2,0.9,3.0,12.0,28.0,8.0,18.0,0.206,8.1,30.7,False
PN-102378,80,STARTING,AIRBUS,A321-200,KRİTİK,VAR,Yurtiçi tamir,13.0,111,27.75,0.69,75.8,0.95,3.0,8.0,36.0,6.0,25.0,0.018,1.4,30.7,False
PN-101176,29,HYDRAULIC POWER,AIRBUS,A321-200,KRİTİK,VAR,Yurtiçi tamir,11.0,119,29.75,0.69,81.2,0.95,3.0,8.0,38.0,6.0,27.0,0.252,20.5,30.7,False
PN-101230,74,IGNITION,BOEING,777-300ER,KRİTİK DEĞİL,YOK,Yurtdışı tamir,34.0,3,1.44,1.67,9.7,0.9,2.0,2.0,4.0,3.0,6.0,0.0,0.0,30.6,False
PN-104587,28,FUEL,AIRBUS,A320neo,KRİTİK DEĞİL,VAR,Yurtiçi tamir,12.0,98,24.5,2.59,248.2,0.9,4.0,7.0,32.0,13.0,76.0,0.173,43.1,30.6,False
PN-100978,30,ICE & RAIN PROTECTION,BOEING,777-300ER,KRİTİK DEĞİL,YOK,Satınalma,30.0,13,3.25,1.67,20.9,0.9,2.0,4.0,8.0,4.0,10.0,0.231,4.8,30.6,False
PN-103509,30,ICE & RAIN PROTECTION,BOEING,737 MAX 8,KRİTİK DEĞİL,VAR,Yurtiçi tamir,5.0,11,2.21,3.81,32.5,0.9,1.0,2.0,5.0,2.0,11.0,0.182,5.9,30.6,False
PN-104823,80,STARTING,BOEING,777-300ER,KRİTİK DEĞİL,YOK,Satınalma,32.0,9,2.25,1.67,14.5,0.9,2.0,3.0,6.0,4.0,8.0,0.0,0.0,30.5,False
PN-103576,52,DOORS,AIRBUS,A350-900,KRİTİK DEĞİL,VAR,Yurtiçi tamir,9.0,7,1.75,3.75,25.7,0.9,2.0,2.0,4.0,3.0,10.0,0.0,0.0,30.5,False
PN-104325,31,INDICATING / RECORDING SYSTEMS,AIRBUS,A330-300,KRİTİK DEĞİL,YOK,Yurtdışı tamir,43.0,24,6.0,1.11,26.1,0.9,3.0,6.0,12.0,7.0,14.0,0.208,5.4,30.5,False
PN-100496,24,ELECTRICAL POWER,BOEING,737-800,KRİTİK DEĞİL,YOK,Satınalma,54.0,9,2.25,0.56,4.8,0.9,2.0,4.0,7.0,3.0,5.0,0.0,0.0,30.5,False
PN-101523,24,ELECTRICAL POWER,BOEING,777-300ER,KRİTİK DEĞİL,YOK,Yurtdışı tamir,35.0,4,1.0,1.67,6.5,0.9,2.0,2.0,3.0,3.0,5.0,0.0,0.0,30.5,False
PN-101043,30,ICE & RAIN PROTECTION,AIRBUS,A320neo,KRİTİK DEĞİL,VAR,Yurtiçi tamir,11.0,54,13.5,2.59,134.8,0.9,3.0,4.0,18.0,8.0,42.0,0.093,12.5,30.4,False
PN-102257,52,DOORS,BOEING,787-9,KRİTİK DEĞİL,VAR,Yurtiçi tamir,11.0,4,1.27,3.75,18.9,0.9,1.0,2.0,4.0,2.0,7.0,0.25,4.7,30.4,False
PN-103206,80,STARTING,BOEING,777-300ER,KRİTİK DEĞİL,YOK,Satınalma,18.0,32,8.0,1.67,51.4,0.9,3.0,4.0,12.0,6.0,19.0,0.094,4.8,30.4,False
PN-102423,74,IGNITION,BOEING,737 MAX 8,KRİTİK DEĞİL,VAR,Yurtiçi tamir,8.0,6,1.5,3.81,21.9,0.9,1.0,2.0,4.0,2.0,8.0,0.0,0.0,30.4,False
PN-100288,36,PNEUMATIC,BOEING,777-300ER,KRİTİK DEĞİL,YOK,Satınalma,27.0,16,4.0,1.67,26.4,0.9,2.0,4.0,8.0,4.0,11.0,0.125,3.3,30.4,False
PN-100345,27,FLIGHT CONTROLS,AIRBUS,A330-300,KRİTİK DEĞİL,YOK,Yurtdışı tamir,49.0,10,1.79,1.11,7.9,0.9,2.0,3.0,5.0,4.0,6.0,0.3,2.4,30.3,False
PN-100249,22,AUTO FLIGHT,AIRBUS,A319-100,KRİTİK DEĞİL,YOK,Yurtdışı tamir,54.0,6,1.25,0.56,2.8,0.9,1.0,3.0,5.0,2.0,3.0,0.0,0.0,30.3,False
PN-102864,23,COMMUNICATIONS,BOEING,777-300ER,KRİTİK DEĞİL,YOK,Yurtdışı tamir,35.0,3,0.7,1.67,4.5,0.9,1.0,2.0,3.0,2.0,4.0,0.0,0.0,30.3,False
PN-101310,35,OXYGEN,AIRBUS,A330-300,KRİTİK DEĞİL,YOK,Satınalma,46.0,15,3.75,1.11,16.2,0.9,2.0,4.0,8.0,5.0,10.0,0.067,1.1,30.3,False
PN-104813,36,PNEUMATIC,AIRBUS,A350-900,KRİTİK DEĞİL,VAR,Yurtiçi tamir,8.0,7,1.75,3.75,25.5,0.9,1.0,2.0,4.0,2.0,9.0,0.0,0.0,30.3,False
PN-100702,25,EQUIPMENT / FURNISHINGS,BOEING,777-300ER,KRİTİK DEĞİL,YOK,Yurtdışı tamir,28.0,14,3.5,1.67,22.5,0.9,2.0,4.0,8.0,4.0,10.0,0.0,0.0,30.3,False
PN-102928,25,EQUIPMENT / FURNISHINGS,BOEING,777-300ER,KRİTİK DEĞİL,YOK,Satınalma,31.0,9,2.25,1.67,14.9,0.9,2.0,3.0,6.0,4.0,8.0,0.111,1.7,30.3,False
PN-104169,56,WINDOWS,BOEING,737 MAX 8,KRİTİK DEĞİL,VAR,Yurtiçi tamir,6.0,9,1.85,3.81,27.0,0.9,1.0,2.0,4.0,2.0,9.0,0.0,0.0,30.3,False
PN-100970,28,FUEL,AIRBUS,A321neo,KRİTİK DEĞİL,VAR,Yurtiçi tamir,8.0,29,7.25,2.96,84.5,0.9,2.0,3.0,11.0,4.0,26.0,0.069,5.8,30.3,False
PN-102821,74,IGNITION,AIRBUS,A350-900,KRİTİK DEĞİL,VAR,Yurtiçi tamir,13.0,5,0.86,3.75,12.4,0.9,1.0,2.0,3.0,2.0,6.0,0.0,0.0,30.3,False
PN-102398,27,FLIGHT CONTROLS,BOEING,777-300ER,KRİTİK DEĞİL,YOK,Satınalma,29.0,12,3.0,1.67,19.4,0.9,2.0,3.0,6.0,4.0,9.0,0.0,0.0,30.2,False
PN-103566,31,INDICATING / RECORDING SYSTEMS,AIRBUS,A321neo,KRİTİK DEĞİL,VAR,Yurtiçi tamir,5.0,32,8.0,2.96,91.4,0.9,2.0,2.0,10.0,4.0,27.0,0.094,8.6,30.2,False
PN-100348,25,EQUIPMENT / FURNISHINGS,BOEING,737-900ER,KRİTİK DEĞİL,YOK,Yurtdışı tamir,53.0,3,1.11,1.0,4.5,0.9,2.0,3.0,5.0,3.0,5.0,0.333,1.5,30.2,False
PN-101656,76,ENGINE CONTROLS,BOEING,777-300ER,KRİTİK DEĞİL,YOK,Yurtdışı tamir,35.0,2,0.42,1.67,2.7,0.9,1.0,2.0,3.0,2.0,3.0,0.0,0.0,30.2,False
PN-101508,76,ENGINE CONTROLS,AIRBUS,A320-200,KRİTİK DEĞİL,YOK,Yurtdışı tamir,52.0,12,3.0,0.64,7.6,0.9,2.0,4.0,7.0,4.0,6.0,0.0,0.0,30.2,False
PN-104767,21,AIR CONDITIONING,AIRBUS,A350-900,KRİTİK DEĞİL,VAR,Yurtiçi tamir,7.0,11,1.89,3.75,28.0,0.9,1.0,2.0,4.0,2.0,9.0,0.091,2.5,30.2,False
PN-104997,74,IGNITION,AIRBUS,A330-200,KRİTİK DEĞİL,YOK,Satınalma,30.0,32,8.0,1.33,41.6,0.9,3.0,6.0,14.0,7.0,18.0,0.0,0.0,30.2,False
PN-100510,80,STARTING,AIRBUS,A321-200,KRİTİK DEĞİL,YOK,Satınalma,52.0,9,2.25,0.69,6.0,0.9,2.0,4.0,7.0,3.0,5.0,0.0,0.0,30.1,False
PN-100254,56,WINDOWS,BOEING,777-300ER,KRİTİK,VAR,Yurtiçi tamir,13.0,12,3.0,1.67,19.5,0.95,2.0,3.0,6.0,3.0,8.0,0.167,3.3,30.1,False
PN-102102,25,EQUIPMENT / FURNISHINGS,BOEING,787-9,KRİTİK DEĞİL,VAR,Yurtiçi tamir,7.0,6,1.86,3.75,26.8,0.9,1.0,2.0,4.0,2.0,9.0,0.333,8.9,30.1,False
PN-102611,79,OIL,AIRBUS,A350-900,KRİTİK DEĞİL,VAR,Yurtiçi tamir,3.0,10,2.5,3.75,36.8,0.9,1.0,2.0,5.0,2.0,12.0,0.1,3.7,30.1,False
PN-101112,26,FIRE PROTECTION,AIRBUS,A350-900,KRİTİK DEĞİL,VAR,Yurtiçi tamir,10.0,6,1.21,3.75,17.6,0.9,1.0,2.0,4.0,2.0,7.0,0.333,5.9,30.0,False
PN-100451,79,OIL,BOEING,737-900ER,KRİTİK DEĞİL,YOK,Yurtdışı tamir,41.0,35,8.75,1.0,34.6,0.9,3.0,7.0,16.0,7.0,16.0,0.029,1.0,30.0,False
PN-101708,27,FLIGHT CONTROLS,AIRBUS,A321neo,KRİTİK DEĞİL,VAR,Yurtiçi tamir,5.0,31,7.75,2.96,90.0,0.9,2.0,2.0,10.0,4.0,27.0,0.226,20.3,30.0,False
PN-104004,73,ENGINE FUEL AND CONTROL,BOEING,737-900ER,KRİTİK DEĞİL,YOK,Satınalma,18.0,100,25.0,1.0,96.5,0.9,3.0,8.0,33.0,8.0,33.0,0.11,10.6,30.0,False
PN-103589,77,ENGINE INDICATING,BOEING,737-800,KRİTİK DEĞİL,YOK,Satınalma,48.0,28,7.0,0.56,15.5,0.9,2.0,7.0,14.0,5.0,9.0,0.179,2.8,30.0,False
PN-103664,35,OXYGEN,BOEING,777-300ER,KRİTİK DEĞİL,YOK,Yurtdışı tamir,28.0,12,3.0,1.67,19.4,0.9,2.0,3.0,6.0,4.0,9.0,0.0,0.0,30.0,False
PN-101679,35,OXYGEN,BOEING,777-300ER,KRİTİK DEĞİL,YOK,Satınalma,33.0,4,0.97,1.67,6.2,0.9,1.0,2.0,3.0,2.0,4.0,0.0,0.0,30.0,False
PN-100193,30,ICE & RAIN PROTECTION,BOEING,787-9,KRİTİK DEĞİL,VAR,Yurtiçi tamir,11.0,4,1.0,3.75,14.4,0.9,1.0,2.0,3.0,2.0,6.0,0.0,0.0,30.0,False
PN-102543,30,ICE & RAIN PROTECTION,AIRBUS,A321-200,KRİTİK DEĞİL,YOK,Yurtdışı tamir,51.0,10,2.5,0.69,6.8,0.9,2.0,4.0,7.0,3.0,5.0,0.0,0.0,29.9,False
PN-100905,71,POWER PLANT,BOEING,737 MAX 8,KRİTİK DEĞİL,VAR,Yurtiçi tamir,9.0,4,0.91,3.81,14.3,0.9,1.0,2.0,3.0,2.0,6.0,0.0,0.0,29.9,False
PN-102228,28,FUEL,AIRBUS,A350-900,KRİTİK DEĞİL,VAR,Yurtiçi tamir,8.0,5,1.44,3.75,21.1,0.9,1.0,2.0,4.0,2.0,8.0,0.0,0.0,29.9,False
PN-102234,49,AIRBORNE AUXILIARY POWER (APU),BOEING,777-300ER,KRİTİK,VAR,Yurtiçi tamir,16.0,5,1.25,1.67,8.5,0.95,2.0,2.0,4.0,3.0,6.0,0.0,0.0,29.9,False
PN-104437,79,OIL,AIRBUS,A330-300,KRİTİK DEĞİL,YOK,Satınalma,41.0,23,5.75,1.11,25.3,0.9,3.0,6.0,12.0,6.0,13.0,0.087,2.2,29.9,False
PN-104220,23,COMMUNICATIONS,AIRBUS,A321-200,KRİTİK DEĞİL,YOK,Satınalma,36.0,69,17.25,0.69,47.2,0.9,3.0,11.0,29.0,8.0,20.0,0.116,5.5,29.9,False
PN-103724,21,AIR CONDITIONING,AIRBUS,A330-200,KRİTİK DEĞİL,YOK,Satınalma,35.0,19,4.75,1.33,25.1,0.9,2.0,4.0,9.0,5.0,12.0,0.158,4.0,29.9,False
PN-100701,52,DOORS,BOEING,777-300ER,KRİTİK DEĞİL,YOK,Satınalma,29.0,10,2.5,1.67,16.5,0.9,2.0,3.0,6.0,4.0,9.0,0.0,0.0,29.9,False
PN-101394,26,FIRE PROTECTION,BOEING,777-300ER,KRİTİK DEĞİL,YOK,Satınalma,34.0,1,0.42,1.67,2.7,0.9,1.0,2.0,3.0,2.0,3.0,0.0,0.0,29.9,False
PN-103999,35,OXYGEN,AIRBUS,A330-300,KRİTİK DEĞİL,YOK,Yurtdışı tamir,49.0,5,0.81,1.11,3.5,0.9,1.0,2.0,3.0,2.0,3.0,0.0,0.0,29.9,False
PN-104670,23,COMMUNICATIONS,AIRBUS,A330-200,KRİTİK DEĞİL,YOK,Yurtdışı tamir,42.0,5,1.06,1.33,5.7,0.9,2.0,2.0,4.0,3.0,5.0,0.0,0.0,29.9,False
PN-102522,26,FIRE PROTECTION,BOEING,737 MAX 8,KRİTİK DEĞİL,VAR,Yurtiçi tamir,11.0,4,0.57,3.81,8.6,0.9,1.0,2.0,3.0,2.0,5.0,0.25,2.1,29.9,False
PN-100110,28,FUEL,BOEING,777-300ER,KRİTİK DEĞİL,YOK,Satınalma,33.0,2,0.85,1.67,5.6,0.9,1.0,2.0,3.0,2.0,4.0,0.0,0.0,29.9,False
PN-103180,26,FIRE PROTECTION,BOEING,737 MAX 8,KRİTİK DEĞİL,VAR,Yurtiçi tamir,9.0,5,0.97,3.81,14.4,0.9,1.0,2.0,3.0,2.0,6.0,0.2,2.9,29.9,False
PN-102455,34,NAVIGATION,AIRBUS,A320neo,KRİTİK DEĞİL,VAR,Yurtiçi tamir,9.0,47,11.75,2.59,121.6,0.9,3.0,4.0,16.0,6.0,37.0,0.021,2.6,29.9,False
PN-102924,31,INDICATING / RECORDING SYSTEMS,BOEING,777-300ER,KRİTİK DEĞİL,YOK,Satınalma,19.0,26,6.5,1.67,42.4,0.9,2.0,4.0,11.0,5.0,16.0,0.115,4.9,29.8,False
PN-104218,35,OXYGEN,AIRBUS,A350-900,KRİTİK DEĞİL,VAR,Yurtiçi tamir,5.0,8,2.0,3.75,28.8,0.9,1.0,2.0,4.0,2.0,10.0,0.0,0.0,29.8,False
PN-104173,30,ICE & RAIN PROTECTION,AIRBUS,A321neo,KRİTİK DEĞİL,VAR,Yurtiçi tamir,7.0,28,7.0,2.96,82.1,0.9,2.0,2.0,9.0,4.0,25.0,0.143,11.7,29.8,False
PN-104161,31,INDICATING / RECORDING SYSTEMS,BOEING,777-300ER,KRİTİK,VAR,Yurtiçi tamir,8.0,18,4.5,1.67,29.3,0.95,2.0,3.0,8.0,3.0,11.0,0.111,3.3,29.8,False
PN-102442,21,AIR CONDITIONING,AIRBUS,A330-300,KRİTİK,VAR,Yurtiçi tamir,5.0,73,18.25,1.11,79.4,0.95,2.0,3.0,22.0,4.0,24.0,0.027,2.2,29.8,False
PN-104700,77,ENGINE INDICATING,AIRBUS,A321-200,KRİTİK DEĞİL,YOK,Yurtdışı tamir,51.0,8,2.0,0.69,5.5,0.9,2.0,4.0,6.0,3.0,5.0,0.375,2.1,29.8,False
PN-103548,28,FUEL,AIRBUS,A320neo,KRİTİK DEĞİL,VAR,Yurtiçi tamir,10.0,40,10.0,2.59,101.7,0.9,3.0,4.0,14.0,6.0,32.0,0.025,2.5,29.8,False
PN-104627,25,EQUIPMENT / FURNISHINGS,AIRBUS,A321neo,KRİTİK DEĞİL,VAR,Yurtiçi tamir,9.0,27,6.75,2.96,77.2,0.9,2.0,3.0,10.0,4.0,24.0,0.148,11.4,29.8,False
PN-103149,23,COMMUNICATIONS,AIRBUS,A320-200,KRİTİK,VAR,Yurtiçi tamir,11.0,113,28.25,0.64,71.6,0.95,3.0,8.0,37.0,6.0,24.0,0.062,4.4,29.8,False
PN-104456,49,AIRBORNE AUXILIARY POWER (APU),AIRBUS,A321-200,KRİTİK DEĞİL,YOK,Yurtdışı tamir,45.0,33,8.25,0.69,22.3,0.9,3.0,8.0,17.0,6.0,12.0,0.121,2.7,29.8,False
PN-103288,25,EQUIPMENT / FURNISHINGS,BOEING,737 MAX 8,KRİTİK DEĞİL,VAR,Yurtiçi tamir,6.0,6,1.5,3.81,21.9,0.9,1.0,2.0,4.0,2.0,8.0,0.333,7.3,29.8,False
PN-101591,30,ICE & RAIN PROTECTION,BOEING,737-900ER,KRİTİK,VAR,Yurtiçi tamir,28.0,25,6.25,1.0,24.1,0.95,3.0,5.0,12.0,5.0,12.0,0.04,1.0,29.7,False
PN-103126,74,IGNITION,BOEING,737-800,KRİTİK DEĞİL,YOK,Yurtdışı tamir,46.0,33,8.25,0.56,18.1,0.9,2.0,8.0,17.0,5.0,10.0,0.121,2.2,29.7,False
PN-102645,21,AIR CONDITIONING,BOEING,737 MAX 8,KRİTİK DEĞİL,VAR,Yurtiçi tamir,8.0,6,1.06,3.81,15.5,0.9,1.0,2.0,4.0,2.0,6.0,0.0,0.0,29.7,False
PN-103301,27,FLIGHT CONTROLS,AIRBUS,A350-900,KRİTİK DEĞİL,VAR,Yurtiçi tamir,12.0,3,0.57,3.75,8.4,0.9,1.0,2.0,3.0,2.0,5.0,0.333,2.8,29.7,False
PN-103267,56,WINDOWS,AIRBUS,A350-900,KRİTİK DEĞİL,VAR,Yurtiçi tamir,8.0,6,1.34,3.75,19.6,0.9,1.0,2.0,4.0,2.0,7.0,0.667,13.0,29.7,False
PN-104729,56,WINDOWS,BOEING,787-9,KRİTİK DEĞİL,VAR,Yurtiçi tamir,6.0,2,1.7,3.75,25.4,0.9,1.0,2.0,4.0,2.0,9.0,0.0,0.0,29.7,False
PN-101854,23,COMMUNICATIONS,BOEING,777-300ER,KRİTİK DEĞİL,YOK,Satınalma,23.0,19,4.75,1.67,30.5,0.9,2.0,4.0,9.0,4.0,12.0,0.0,0.0,29.7,False
PN-104929,26,FIRE PROTECTION,BOEING,777-300ER,KRİTİK DEĞİL,YOK,Satınalma,30.0,6,1.7,1.67,10.9,0.9,2.0,2.0,4.0,3.0,6.0,0.0,0.0,29.7,False
PN-103479,73,ENGINE FUEL AND CONTROL,BOEING,737-800,KRİTİK DEĞİL,YOK,Satınalma,37.0,77,19.25,0.56,41.9,0.9,3.0,12.0,32.0,8.0,19.0,0.065,2.7,29.6,False
PN-100764,30,ICE & RAIN PROTECTION,AIRBUS,A321-200,KRİTİK DEĞİL,YOK,Satınalma,32.0,82,20.5,0.69,55.2,0.9,3.0,12.0,33.0,8.0,22.0,0.256,14.1,29.6,False
PN-102047,35,OXYGEN,AIRBUS,A320neo,KRİTİK DEĞİL,VAR,Yurtiçi tamir,8.0,60,15.0,2.59,150.4,0.9,3.0,4.0,19.0,7.0,45.0,0.25,37.6,29.6,False
PN-103011,35,OXYGEN,AIRBUS,A330-200,KRİTİK DEĞİL,YOK,Yurtdışı tamir,34.0,19,4.75,1.33,24.7,0.9,2.0,4.0,9.0,5.0,12.0,0.105,2.6,29.6,False
PN-102836,80,STARTING,BOEING,737-800,KRİTİK DEĞİL,YOK,Yurtdışı tamir,45.0,36,9.0,0.56,19.8,0.9,3.0,8.0,17.0,6.0,11.0,0.056,1.1,29.6,False
PN-104924,29,HYDRAULIC POWER,BOEING,737-800,KRİTİK DEĞİL,YOK,Yurtdışı tamir,46.0,31,7.75,0.56,16.8,0.9,2.0,7.0,15.0,5.0,10.0,0.0,0.0,29.6,False
PN-100138,30,ICE & RAIN PROTECTION,BOEING,737 MAX 8,KRİTİK DEĞİL,VAR,Yurtiçi tamir,7.0,3,1.1,3.81,16.5,0.9,1.0,2.0,4.0,2.0,7.0,0.0,0.0,29.6,False
PN-104556,25,EQUIPMENT / FURNISHINGS,BOEING,737 MAX 8,KRİTİK DEĞİL,VAR,Yurtiçi tamir,8.0,4,0.97,3.81,14.3,0.9,1.0,2.0,3.0,2.0,6.0,0.0,0.0,29.6,False
PN-101474,80,STARTING,AIRBUS,A320-200,KRİTİK DEĞİL,YOK,Yurtdışı tamir,50.0,10,2.5,0.64,6.3,0.9,2.0,4.0,7.0,3.0,5.0,0.1,0.6,29.6,False
PN-103960,79,OIL,AIRBUS,A320neo,KRİTİK DEĞİL,VAR,Yurtiçi tamir,8.0,54,13.5,2.59,138.0,0.9,3.0,4.0,18.0,7.0,42.0,0.222,30.7,29.6,False
PN-101888,22,AUTO FLIGHT,BOEING,737-800,KRİTİK DEĞİL,YOK,Yurtdışı tamir,43.0,46,11.5,0.56,25.0,0.9,3.0,9.0,21.0,6.0,13.0,0.109,2.7,29.6,False
PN-101815,23,COMMUNICATIONS,AIRBUS,A350-900,KRİTİK DEĞİL,VAR,Yurtiçi tamir,7.0,6,1.5,3.75,21.6,0.9,1.0,2.0,4.0,2.0,8.0,0.0,0.0,29.6,False
PN-102996,28,FUEL,BOEING,787-9,KRİTİK DEĞİL,VAR,Yurtiçi tamir,9.0,3,1.1,3.75,15.9,0.9,1.0,2.0,4.0,2.0,6.0,0.333,5.3,29.6,False
PN-104309,49,AIRBORNE AUXILIARY POWER (APU),BOEING,737-900ER,KRİTİK DEĞİL,YOK,Satınalma,40.0,33,8.25,1.0,31.9,0.9,3.0,7.0,16.0,7.0,15.0,0.091,2.9,29.5,False
PN-104794,31,INDICATING / RECORDING SYSTEMS,BOEING,737-800,KRİTİK DEĞİL,YOK,Satınalma,33.0,93,23.25,0.56,51.0,0.9,3.0,13.0,37.0,8.0,21.0,0.108,5.5,29.5,False
PN-104538,74,IGNITION,BOEING,777-300ER,KRİTİK DEĞİL,YOK,Yurtdışı tamir,26.0,12,3.0,1.67,19.7,0.9,2.0,3.0,6.0,4.0,9.0,0.167,3.3,29.5,False
PN-102538,35,OXYGEN,BOEING,777-300ER,KRİTİK DEĞİL,YOK,Yurtdışı tamir,30.0,5,1.5,1.67,9.6,0.9,2.0,2.0,4.0,3.0,6.0,0.0,0.0,29.5,False
PN-103067,71,POWER PLANT,AIRBUS,A320-200,KRİTİK DEĞİL,YOK,Satınalma,38.0,60,15.0,0.64,37.6,0.9,3.0,11.0,26.0,7.0,17.0,0.183,6.9,29.5,False
PN-100872,23,COMMUNICATIONS,BOEING,737 MAX 8,KRİTİK DEĞİL,VAR,Yurtiçi tamir,6.0,5,1.25,3.81,18.8,0.9,1.0,2.0,4.0,2.0,7.0,0.2,3.8,29.5,False
PN-104128,36,PNEUMATIC,AIRBUS,A320neo,KRİTİK DEĞİL,VAR,Yurtiçi tamir,9.0,40,10.0,2.59,102.0,0.9,3.0,3.0,13.0,6.0,32.0,0.0,0.0,29.5,False
PN-100287,36,PNEUMATIC,AIRBUS,A330-200,KRİTİK DEĞİL,YOK,Satınalma,34.0,18,4.5,1.33,23.3,0.9,2.0,4.0,9.0,5.0,11.0,0.111,2.6,29.5,False
PN-102725,52,DOORS,AIRBUS,A321neo,KRİTİK DEĞİL,VAR,Yurtiçi tamir,9.0,25,6.25,2.96,73.1,0.9,2.0,3.0,10.0,4.0,23.0,0.0,0.0,29.4,False
PN-103523,25,EQUIPMENT / FURNISHINGS,BOEING,737 MAX 8,KRİTİK DEĞİL,VAR,Yurtiçi tamir,5.0,8,1.36,3.81,20.1,0.9,1.0,2.0,4.0,2.0,8.0,0.5,10.0,29.4,False
PN-100609,76,ENGINE CONTROLS,BOEING,777-300ER,KRİTİK DEĞİL,YOK,Satınalma,29.0,8,1.7,1.67,11.0,0.9,2.0,2.0,4.0,3.0,6.0,0.125,1.4,29.4,False
PN-101543,36,PNEUMATIC,BOEING,777-300ER,KRİTİK DEĞİL,YOK,Yurtdışı tamir,31.0,4,0.85,1.67,5.7,0.9,1.0,2.0,3.0,2.0,4.0,0.0,0.0,29.4,False
PN-100028,36,PNEUMATIC,BOEING,737 MAX 8,KRİTİK DEĞİL,VAR,Yurtiçi tamir,4.0,6,1.5,3.81,22.5,0.9,1.0,2.0,4.0,2.0,8.0,0.0,0.0,29.4,False
PN-104330,25,EQUIPMENT / FURNISHINGS,AIRBUS,A330-200,KRİTİK DEĞİL,YOK,Yurtdışı tamir,37.0,11,2.75,1.33,14.3,0.9,2.0,4.0,7.0,4.0,8.0,0.0,0.0,29.4,False
PN-104842,23,COMMUNICATIONS,BOEING,737 MAX 8,KRİTİK DEĞİL,VAR,Yurtiçi tamir,8.0,5,0.81,3.81,11.8,0.9,1.0,2.0,3.0,2.0,5.0,0.4,4.7,29.4,False
PN-101338,73,ENGINE FUEL AND CONTROL,BOEING,737-900ER,KRİTİK DEĞİL,YOK,Yurtdışı tamir,50.0,6,1.21,1.0,4.7,0.9,2.0,3.0,5.0,3.0,5.0,0.0,0.0,29.4,False
PN-101634,31,INDICATING / RECORDING SYSTEMS,AIRBUS,A330-200,KRİTİK DEĞİL,YOK,Satınalma,27.0,31,7.75,1.33,40.0,0.9,3.0,5.0,13.0,6.0,17.0,0.065,2.6,29.3,False
PN-101558,80,STARTING,AIRBUS,A321-200,KRİTİK DEĞİL,YOK,Yurtdışı tamir,45.0,25,6.25,0.69,17.2,0.9,2.0,7.0,14.0,5.0,10.0,0.0,0.0,29.3,False
PN-104768,23,COMMUNICATIONS,BOEING,777-300ER,KRİTİK DEĞİL,YOK,Yurtdışı tamir,30.0,3,1.11,1.67,7.5,0.9,2.0,2.0,4.0,3.0,5.0,0.333,2.5,29.3,False
PN-104790,26,FIRE PROTECTION,AIRBUS,A321-200,KRİTİK DEĞİL,YOK,Yurtdışı tamir,49.0,9,2.25,0.69,6.2,0.9,2.0,4.0,7.0,3.0,5.0,0.0,0.0,29.3,False
PN-100937,24,ELECTRICAL POWER,AIRBUS,A321-200,KRİTİK DEĞİL,YOK,Yurtdışı tamir,48.0,12,3.0,0.69,8.2,0.9,2.0,4.0,7.0,4.0,7.0,0.0,0.0,29.3,False
PN-102071,52,DOORS,BOEING,737 MAX 8,KRİTİK DEĞİL,VAR,Yurtiçi tamir,4.0,8,1.49,3.81,22.0,0.9,1.0,2.0,4.0,2.0,8.0,0.0,0.0,29.3,False
PN-103107,30,ICE & RAIN PROTECTION,AIRBUS,A330-300,KRİTİK DEĞİL,YOK,Yurtdışı tamir,46.0,6,1.39,1.11,6.1,0.9,2.0,3.0,5.0,3.0,5.0,0.0,0.0,29.3,False
PN-103286,24,ELECTRICAL POWER,BOEING,737 MAX 8,KRİTİK DEĞİL,VAR,Yurtiçi tamir,6.0,3,1.1,3.81,16.5,0.9,1.0,2.0,4.0,2.0,7.0,0.0,0.0,29.3,False
PN-103524,28,FUEL,BOEING,737 MAX 8,KRİTİK DEĞİL,VAR,Yurtiçi tamir,6.0,4,1.1,3.81,16.2,0.9,1.0,2.0,4.0,2.0,7.0,0.0,0.0,29.3,False
PN-104647,23,COMMUNICATIONS,BOEING,737-900ER,KRİTİK DEĞİL,YOK,Yurtdışı tamir,38.0,37,9.25,1.0,36.0,0.9,3.0,7.0,17.0,7.0,16.0,0.108,3.9,29.3,False
PN-101188,36,PNEUMATIC,AIRBUS,A350-900,KRİTİK DEĞİL,VAR,Yurtiçi tamir,7.0,5,1.25,3.75,18.3,0.9,1.0,2.0,4.0,2.0,7.0,0.4,7.3,29.3,False
PN-100294,36,PNEUMATIC,BOEING,737 MAX 8,KRİTİK DEĞİL,VAR,Yurtiçi tamir,5.0,7,1.26,3.81,18.6,0.9,1.0,2.0,4.0,2.0,7.0,0.429,8.0,29.3,False
PN-100177,25,EQUIPMENT / FURNISHINGS,BOEING,737 MAX 8,KRİTİK DEĞİL,VAR,Yurtiçi tamir,7.0,5,0.81,3.81,12.0,0.9,1.0,2.0,3.0,2.0,6.0,0.2,2.4,29.2,False
PN-104479,35,OXYGEN,BOEING,737-800,KRİTİK DEĞİL,YOK,Satınalma,50.0,5,0.97,0.56,2.1,0.9,1.0,2.0,3.0,2.0,3.0,0.4,0.8,29.2,False
PN-101395,49,AIRBORNE AUXILIARY POWER (APU),AIRBUS,A350-900,KRİTİK DEĞİL,VAR,Yurtiçi tamir,5.0,7,1.5,3.75,22.5,0.9,1.0,2.0,4.0,2.0,8.0,0.0,0.0,29.2,False
PN-101924,30,ICE & RAIN PROTECTION,AIRBUS,A330-300,KRİTİK DEĞİL,YOK,Yurtdışı tamir,40.0,19,4.75,1.11,20.9,0.9,2.0,5.0,10.0,5.0,11.0,0.0,0.0,29.2,False
PN-101019,24,ELECTRICAL POWER,BOEING,737-900ER,KRİTİK DEĞİL,YOK,Yurtdışı tamir,35.0,44,11.0,1.0,42.8,0.9,3.0,8.0,19.0,8.0,19.0,0.182,7.8,29.2,False
PN-103233,21,AIR CONDITIONING,BOEING,777-300ER,KRİTİK DEĞİL,YOK,Yurtdışı tamir,30.0,5,0.99,1.67,6.4,0.9,1.0,2.0,3.0,2.0,4.0,0.2,1.3,29.2,False
PN-100604,74,IGNITION,BOEING,737-800,KRİTİK DEĞİL,YOK,Yurtdışı tamir,37.0,68,17.0,0.56,36.8,0.9,3.0,11.0,28.0,7.0,17.0,0.103,3.8,29.2,False
PN-101624,36,PNEUMATIC,BOEING,787-9,KRİTİK DEĞİL,VAR,Yurtiçi tamir,9.0,4,0.79,3.75,11.4,0.9,1.0,2.0,3.0,2.0,5.0,0.0,0.0,29.2,False
PN-103315,76,ENGINE CONTROLS,BOEING,737-900ER,KRİTİK DEĞİL,YOK,Yurtdışı tamir,44.0,19,4.75,1.0,18.4,0.9,2.0,5.0,10.0,5.0,10.0,0.053,1.0,29.2,False
PN-100257,23,COMMUNICATIONS,BOEING,737-800,KRİTİK DEĞİL,YOK,Satınalma,50.0,3,0.85,0.56,1.9,0.9,1.0,2.0,3.0,2.0,3.0,0.0,0.0,29.2,False
PN-102163,77,ENGINE INDICATING,AIRBUS,A320-200,KRİTİK DEĞİL,YOK,Satınalma,24.0,115,28.75,0.64,72.3,0.9,3.0,12.0,41.0,8.0,27.0,0.043,3.1,29.2,False
PN-101084,26,FIRE PROTECTION,BOEING,777-300ER,KRİTİK,VAR,Yurtiçi tamir,9.0,12,3.0,1.67,19.2,0.95,2.0,2.0,5.0,3.0,8.0,0.083,1.6,29.1,False
PN-101210,52,DOORS,BOEING,737 MAX 8,KRİTİK DEĞİL,VAR,Yurtiçi tamir,6.0,5,0.96,3.81,14.0,0.9,1.0,2.0,3.0,2.0,6.0,0.2,2.8,29.1,False
PN-102200,30,ICE & RAIN PROTECTION,BOEING,787-9,KRİTİK DEĞİL,VAR,Yurtiçi tamir,10.0,2,0.53,3.75,8.2,0.9,1.0,2.0,3.0,2.0,5.0,0.0,0.0,29.1,False
PN-104913,49,AIRBORNE AUXILIARY POWER (APU),AIRBUS,A330-300,KRİTİK DEĞİL,YOK,Yurtdışı tamir,47.0,1,0.21,1.11,0.9,0.9,1.0,2.0,3.0,2.0,3.0,0.0,0.0,29.1,False
PN-101592,30,ICE & RAIN PROTECTION,BOEING,737 MAX 8,KRİTİK DEĞİL,VAR,Yurtiçi tamir,8.0,3,0.57,3.81,8.3,0.9,1.0,2.0,3.0,2.0,5.0,0.0,0.0,29.1,False
PN-101589,21,AIR CONDITIONING,AIRBUS,A320-200,KRİTİK DEĞİL,YOK,Yurtdışı tamir,38.0,53,13.25,0.64,33.3,0.9,3.0,10.0,24.0,7.0,16.0,0.075,2.5,29.1,False
PN-100217,23,COMMUNICATIONS,BOEING,787-9,KRİTİK DEĞİL,VAR,Yurtiçi tamir,7.0,3,1.11,3.75,16.0,0.9,1.0,2.0,4.0,2.0,7.0,0.0,0.0,29.1,False
PN-101754,52,DOORS,BOEING,737 MAX 8,KRİTİK DEĞİL,VAR,Yurtiçi tamir,9.0,1,0.42,3.81,6.2,0.9,1.0,2.0,3.0,2.0,4.0,0.0,0.0,29.1,False
PN-100680,71,POWER PLANT,BOEING,777-300ER,KRİTİK DEĞİL,YOK,Yurtdışı tamir,29.0,5,1.13,1.67,7.4,0.9,1.0,2.0,4.0,2.0,4.0,0.4,3.0,29.1,False
PN-102863,49,AIRBORNE AUXILIARY POWER (APU),BOEING,777-300ER,KRİTİK,VAR,Yurtiçi tamir,6.0,17,4.25,1.67,27.4,0.95,2.0,2.0,7.0,3.0,10.0,0.118,3.2,29.1,False
PN-100048,56,WINDOWS,AIRBUS,A321-200,KRİTİK DEĞİL,YOK,Yurtdışı tamir,45.0,20,5.0,0.69,13.7,0.9,2.0,6.0,11.0,4.0,8.0,0.2,2.7,29.0,False
PN-101386,36,PNEUMATIC,BOEING,787-9,KRİTİK DEĞİL,VAR,Yurtiçi tamir,8.0,1,0.85,3.75,12.2,0.9,1.0,2.0,3.0,2.0,6.0,0.0,0.0,29.0,False
PN-100301,74,IGNITION,AIRBUS,A330-200,KRİTİK DEĞİL,YOK,Satınalma,30.0,22,5.5,1.33,28.5,0.9,2.0,4.0,10.0,5.0,13.0,0.182,5.2,29.0,False
PN-104982,25,EQUIPMENT / FURNISHINGS,AIRBUS,A330-300,KRİTİK DEĞİL,YOK,Satınalma,39.0,19,4.75,1.11,20.9,0.9,2.0,5.0,10.0,5.0,11.0,0.211,4.4,29.0,False
PN-103113,79,OIL,BOEING,737-800,KRİTİK DEĞİL,YOK,Satınalma,46.0,18,4.5,0.56,9.8,0.9,2.0,5.0,10.0,4.0,7.0,0.056,0.5,28.9,False
PN-102142,80,STARTING,AIRBUS,A321neo,KRİTİK DEĞİL,VAR,Yurtiçi tamir,5.0,27,6.75,2.96,78.0,0.9,2.0,2.0,9.0,4.0,24.0,0.111,8.7,28.9,False
PN-103033,23,COMMUNICATIONS,AIRBUS,A321-200,KRİTİK DEĞİL,YOK,Satınalma,38.0,46,11.5,0.69,31.0,0.9,3.0,8.0,20.0,7.0,15.0,0.022,0.7,28.9,False
PN-102135,56,WINDOWS,AIRBUS,A319-100,KRİTİK DEĞİL,YOK,Yurtdışı tamir,48.0,9,2.25,0.56,4.9,0.9,2.0,4.0,7.0,3.0,5.0,0.0,0.0,28.9,False
PN-101650,25,EQUIPMENT / FURNISHINGS,AIRBUS,A320neo,KRİTİK DEĞİL,VAR,Yurtiçi tamir,11.0,35,8.75,2.59,89.6,0.9,3.0,4.0,13.0,6.0,29.0,0.086,7.7,28.9,False
PN-101714,52,DOORS,AIRBUS,A330-300,KRİTİK DEĞİL,YOK,Yurtdışı tamir,39.0,19,4.75,1.11,20.7,0.9,2.0,5.0,10.0,5.0,11.0,0.105,2.2,28.9,False
PN-100844,21,AIR CONDITIONING,AIRBUS,A330-200,KRİTİK DEĞİL,YOK,Satınalma,39.0,4,0.71,1.33,3.8,0.9,1.0,2.0,3.0,2.0,3.0,0.5,1.9,28.9,False
PN-102485,30,ICE & RAIN PROTECTION,AIRBUS,A321-200,KRİTİK DEĞİL,YOK,Satınalma,47.0,11,2.75,0.69,7.4,0.9,2.0,4.0,7.0,3.0,5.0,0.273,2.0,28.9,False
PN-102633,36,PNEUMATIC,AIRBUS,A321neo,KRİTİK DEĞİL,VAR,Yurtiçi tamir,3.0,29,7.25,2.96,83.7,0.9,2.0,2.0,10.0,3.0,24.0,0.103,8.7,28.9,False
PN-100220,24,ELECTRICAL POWER,AIRBUS,A330-200,KRİTİK,VAR,Yurtiçi tamir,11.0,28,7.0,1.33,36.7,0.95,2.0,3.0,10.0,4.0,14.0,0.143,5.2,28.9,False
PN-101584,52,DOORS,AIRBUS,A330-300,KRİTİK DEĞİL,YOK,Satınalma,46.0,1,0.42,1.11,1.8,0.9,1.0,2.0,3.0,2.0,3.0,0.0,0.0,28.9,False
PN-103183,22,AUTO FLIGHT,AIRBUS,A330-300,KRİTİK,VAR,Yurtiçi tamir,9.0,54,13.5,1.11,58.6,0.95,2.0,4.0,18.0,4.0,19.0,0.13,7.6,28.9,False
PN-101885,25,EQUIPMENT / FURNISHINGS,BOEING,777-300ER,KRİTİK DEĞİL,YOK,Satınalma,26.0,8,2.0,1.67,13.1,0.9,2.0,2.0,4.0,3.0,7.0,0.25,3.3,28.9,False
PN-100942,77,ENGINE INDICATING,AIRBUS,A319-100,KRİTİK DEĞİL,YOK,Yurtdışı tamir,48.0,7,2.03,0.56,4.5,0.9,1.0,4.0,7.0,2.0,4.0,0.0,0.0,28.9,False
PN-104678,52,DOORS,BOEING,777-300ER,KRİTİK DEĞİL,YOK,Yurtdışı tamir,26.0,8,2.0,1.67,13.4,0.9,2.0,2.0,4.0,3.0,7.0,0.25,3.3,28.9,False
PN-103197,74,IGNITION,BOEING,777-300ER,KRİTİK DEĞİL,YOK,Satınalma,22.0,15,3.75,1.67,24.7,0.9,2.0,3.0,7.0,4.0,11.0,0.133,3.3,28.9,False
PN-100548,35,OXYGEN,BOEING,777-300ER,KRİTİK DEĞİL,YOK,Yurtdışı tamir,29.0,3,0.69,1.67,4.4,0.9,1.0,2.0,3.0,2.0,4.0,0.0,0.0,28.8,False
PN-104187,26,FIRE PROTECTION,BOEING,777-300ER,KRİTİK DEĞİL,YOK,Satınalma,28.0,5,1.15,1.67,7.4,0.9,1.0,2.0,4.0,2.0,4.0,0.2,1.5,28.8,False
PN-104069,23,COMMUNICATIONS,BOEING,777-300ER,KRİTİK DEĞİL,YOK,Yurtdışı tamir,27.0,5,1.5,1.67,9.9,0.9,2.0,2.0,4.0,3.0,6.0,0.0,0.0,28.8,False
PN-104974,73,ENGINE FUEL AND CONTROL,AIRBUS,A321-200,KRİTİK DEĞİL,YOK,Yurtdışı tamir,25.0,95,23.75,0.69,65.1,0.9,3.0,11.0,35.0,8.0,25.0,0.137,8.9,28.8,False
PN-100473,34,NAVIGATION,BOEING,777-300ER,KRİTİK,VAR,Yurtiçi tamir,10.0,8,2.0,1.67,13.0,0.95,1.0,2.0,4.0,2.0,6.0,0.0,0.0,28.8,False
PN-104474,76,ENGINE CONTROLS,AIRBUS,A330-300,KRİTİK DEĞİL,YOK,Yurtdışı tamir,45.0,3,0.65,1.11,2.9,0.9,1.0,2.0,3.0,2.0,3.0,0.0,0.0,28.8,False
PN-104285,72,ENGINE,AIRBUS,A330-200,KRİTİK,VAR,Yurtiçi tamir,8.0,33,8.25,1.33,43.4,0.95,2.0,3.0,12.0,3.0,14.0,0.061,2.6,28.8,False
PN-101660,52,DOORS,AIRBUS,A330-200,KRİTİK DEĞİL,YOK,Satınalma,20.0,41,10.25,1.33,54.0,0.9,3.0,5.0,16.0,6.0,20.0,0.024,1.3,28.8,False
PN-100995,52,DOORS,BOEING,737 MAX 8,KRİTİK DEĞİL,VAR,Yurtiçi tamir,7.0,2,0.57,3.81,8.3,0.9,1.0,2.0,3.0,2.0,5.0,0.0,0.0,28.8,False
PN-104301,56,WINDOWS,BOEING,737-800,KRİTİK DEĞİL,YOK,Yurtdışı tamir,44.0,26,6.5,0.56,14.3,0.9,2.0,7.0,14.0,4.0,8.0,0.154,2.2,28.8,False
PN-103314,31,INDICATING / RECORDING SYSTEMS,AIRBUS,A330-200,KRİTİK DEĞİL,YOK,Satınalma,23.0,35,8.75,1.33,46.0,0.9,3.0,5.0,14.0,6.0,18.0,0.143,6.6,28.8,False
PN-100902,26,FIRE PROTECTION,AIRBUS,A330-200,KRİTİK DEĞİL,YOK,Satınalma,37.0,6,1.5,1.33,7.7,0.9,2.0,2.0,4.0,3.0,5.0,0.0,0.0,28.8,False
PN-100740,74,IGNITION,BOEING,777-300ER,KRİTİK,VAR,Yurtiçi tamir,7.0,13,3.25,1.67,21.5,0.95,2.0,2.0,6.0,3.0,9.0,0.077,1.7,28.8,False
PN-102101,56,WINDOWS,BOEING,777-300ER,KRİTİK DEĞİL,YOK,Yurtdışı tamir,26.0,8,1.83,1.67,12.1,0.9,2.0,2.0,4.0,3.0,7.0,0.125,1.5,28.8,False
PN-104390,25,EQUIPMENT / FURNISHINGS,AIRBUS,A350-900,KRİTİK DEĞİL,VAR,Yurtiçi tamir,10.0,1,0.21,3.75,3.1,0.9,1.0,2.0,3.0,2.0,3.0,0.0,0.0,28.7,False
PN-102961,31,INDICATING / RECORDING SYSTEMS,AIRBUS,A320-200,KRİTİK DEĞİL,YOK,Yurtdışı tamir,41.0,34,8.5,0.64,21.4,0.9,2.0,7.0,16.0,5.0,11.0,0.059,1.3,28.7,False
PN-101897,76,ENGINE CONTROLS,BOEING,737-800,KRİTİK DEĞİL,YOK,Satınalma,44.0,24,6.0,0.56,12.9,0.9,2.0,6.0,12.0,4.0,8.0,0.0,0.0,28.7,False
PN-104000,29,HYDRAULIC POWER,BOEING,777-300ER,KRİTİK,VAR,Yurtiçi tamir,8.0,11,2.75,1.67,17.8,0.95,2.0,2.0,5.0,3.0,8.0,0.182,3.2,28.7,False
PN-100026,31,INDICATING / RECORDING SYSTEMS,BOEING,777-300ER,KRİTİK,VAR,Yurtiçi tamir,3.0,19,4.75,1.67,31.1,0.95,1.0,2.0,7.0,2.0,10.0,0.053,1.6,28.7,False
PN-102661,73,ENGINE FUEL AND CONTROL,BOEING,777-300ER,KRİTİK DEĞİL,YOK,Satınalma,25.0,9,2.25,1.67,14.6,0.9,2.0,3.0,6.0,4.0,8.0,0.111,1.6,28.7,False
PN-104253,29,HYDRAULIC POWER,BOEING,777-300ER,KRİTİK,VAR,Yurtiçi tamir,8.0,15,2.69,1.67,17.2,0.95,2.0,2.0,5.0,3.0,8.0,0.0,0.0,28.7,False
PN-100717,34,NAVIGATION,AIRBUS,A319-100,KRİTİK DEĞİL,YOK,Yurtdışı tamir,41.0,39,9.75,0.56,21.4,0.9,2.0,8.0,18.0,5.0,11.0,0.179,3.8,28.7,False
PN-100077,26,FIRE PROTECTION,BOEING,737 MAX 8,KRİTİK DEĞİL,VAR,Yurtiçi tamir,8.0,1,0.28,3.81,4.1,0.9,1.0,2.0,3.0,2.0,4.0,1.0,4.1,28.7,False
PN-101092,74,IGNITION,BOEING,737-900ER,KRİTİK DEĞİL,YOK,Satınalma,47.0,4,1.03,1.0,3.9,0.9,1.0,2.0,4.0,2.0,3.0,0.0,0.0,28.6,False
PN-101089,24,ELECTRICAL POWER,AIRBUS,A321-200,KRİTİK DEĞİL,YOK,Satınalma,43.0,22,5.5,0.69,15.0,0.9,2.0,6.0,12.0,4.0,8.0,0.0,0.0,28.6,False
PN-104747,27,FLIGHT CONTROLS,AIRBUS,A320neo,KRİTİK DEĞİL,VAR,Yurtiçi tamir,7.0,38,9.5,2.59,97.2,0.9,2.0,3.0,13.0,4.0,29.0,0.158,15.4,28.6,False
PN-101560,28,FUEL,BOEING,787-9,KRİTİK DEĞİL,VAR,Yurtiçi tamir,5.0,6,1.09,3.75,16.3,0.9,1.0,2.0,4.0,2.0,7.0,0.0,0.0,28.6,False
PN-100027,74,IGNITION,BOEING,777-300ER,KRİTİK DEĞİL,YOK,Yurtdışı tamir,24.0,10,2.5,1.67,16.2,0.9,2.0,3.0,6.0,4.0,9.0,0.1,1.6,28.6,False
PN-102940,71,POWER PLANT,AIRBUS,A320-200,KRİTİK DEĞİL,YOK,Yurtdışı tamir,42.0,27,6.75,0.64,16.9,0.9,2.0,7.0,14.0,4.0,9.0,0.185,3.1,28.6,False
PN-104384,30,ICE & RAIN PROTECTION,BOEING,777-300ER,KRİTİK,VAR,Yurtiçi tamir,10.0,8,1.8,1.67,11.7,0.95,1.0,2.0,4.0,2.0,5.0,0.25,2.9,28.6,False
PN-102580,30,ICE & RAIN PROTECTION,AIRBUS,A320-200,KRİTİK DEĞİL,YOK,Yurtdışı tamir,34.0,60,15.0,0.64,37.7,0.9,3.0,10.0,25.0,7.0,17.0,0.083,3.1,28.5,False
PN-103503,26,FIRE PROTECTION,AIRBUS,A320-200,KRİTİK DEĞİL,YOK,Satınalma,43.0,21,5.25,0.64,13.1,0.9,2.0,6.0,12.0,4.0,8.0,0.095,1.3,28.5,False
PN-104408,27,FLIGHT CONTROLS,BOEING,787-9,KRİTİK DEĞİL,VAR,Yurtiçi tamir,4.0,5,1.26,3.75,18.1,0.9,1.0,2.0,4.0,2.0,7.0,0.0,0.0,28.5,False
PN-104257,23,COMMUNICATIONS,BOEING,777-300ER,KRİTİK DEĞİL,YOK,Satınalma,25.0,7,1.79,1.67,11.7,0.9,2.0,2.0,4.0,3.0,6.0,0.143,1.7,28.5,False
PN-102318,76,ENGINE CONTROLS,AIRBUS,A330-300,KRİTİK DEĞİL,YOK,Satınalma,41.0,10,2.5,1.11,10.7,0.9,2.0,4.0,7.0,4.0,7.0,0.0,0.0,28.5,False
PN-100317,71,POWER PLANT,AIRBUS,A330-300,KRİTİK DEĞİL,YOK,Yurtdışı tamir,41.0,9,2.39,1.11,10.4,0.9,2.0,4.0,7.0,4.0,7.0,0.111,1.2,28.5,False
PN-103508,22,AUTO FLIGHT,BOEING,737-900ER,KRİTİK DEĞİL,YOK,Yurtdışı tamir,40.0,22,5.5,1.0,21.4,0.9,2.0,5.0,11.0,5.0,11.0,0.0,0.0,28.5,False
PN-104153,80,STARTING,AIRBUS,A330-200,KRİTİK DEĞİL,YOK,Yurtdışı tamir,36.0,6,1.5,1.33,7.8,0.9,2.0,2.0,4.0,3.0,5.0,0.0,0.0,28.5,False
PN-104739,35,OXYGEN,BOEING,737 MAX 8,KRİTİK DEĞİL,VAR,Yurtiçi tamir,9.0,0,0.0,3.81,0.0,0.9,0.0,0.0,0.0,0.0,0.0,0.0,0.0,28.5,False
PN-101239,22,AUTO FLIGHT,AIRBUS,A321neo,KRİTİK DEĞİL,VAR,Yurtiçi tamir,8.0,23,5.75,2.96,65.4,0.9,2.0,2.0,8.0,4.0,21.0,0.174,11.4,28.5,False
PN-103743,32,LANDING GEAR,BOEING,737-900ER,KRİTİK DEĞİL,YOK,Yurtdışı tamir,47.0,1,0.42,1.0,1.7,0.9,1.0,2.0,3.0,2.0,3.0,0.0,0.0,28.4,False
PN-103801,49,AIRBORNE AUXILIARY POWER (APU),AIRBUS,A330-200,KRİTİK,VAR,Yurtiçi tamir,7.0,32,8.0,1.33,42.1,0.95,2.0,3.0,11.0,3.0,14.0,0.281,11.8,28.4,False
PN-102850,26,FIRE PROTECTION,BOEING,777-300ER,KRİTİK DEĞİL,YOK,Yurtdışı tamir,27.0,3,0.85,1.67,5.4,0.9,1.0,2.0,3.0,2.0,4.0,0.0,0.0,28.4,False
PN-104038,28,FUEL,AIRBUS,A330-200,KRİTİK,VAR,Yurtiçi tamir,6.0,34,8.5,1.33,44.9,0.95,2.0,3.0,12.0,3.0,15.0,0.088,4.0,28.4,False
PN-100274,31,INDICATING / RECORDING SYSTEMS,BOEING,737-800,KRİTİK DEĞİL,YOK,Yurtdışı tamir,35.0,61,15.25,0.56,33.0,0.9,3.0,10.0,26.0,7.0,16.0,0.066,2.2,28.3,False
PN-100923,24,ELECTRICAL POWER,AIRBUS,A321neo,KRİTİK DEĞİL,VAR,Yurtiçi tamir,9.0,21,5.25,2.96,60.7,0.9,2.0,2.0,8.0,4.0,20.0,0.048,2.9,28.3,False
PN-101018,22,AUTO FLIGHT,AIRBUS,A330-300,KRİTİK,VAR,Yurtiçi tamir,7.0,53,13.25,1.11,57.5,0.95,2.0,4.0,18.0,4.0,19.0,0.057,3.3,28.3,False
PN-101416,52,DOORS,AIRBUS,A330-200,KRİTİK DEĞİL,YOK,Satınalma,34.0,8,2.0,1.33,10.4,0.9,2.0,3.0,5.0,3.0,6.0,0.0,0.0,28.3,False
PN-101438,29,HYDRAULIC POWER,AIRBUS,A330-200,KRİTİK DEĞİL,YOK,Satınalma,33.0,13,2.63,1.33,13.8,0.9,2.0,3.0,6.0,4.0,8.0,0.231,3.2,28.3,False
PN-101433,36,PNEUMATIC,AIRBUS,A319-100,KRİTİK DEĞİL,YOK,Yurtdışı tamir,44.0,16,4.0,0.56,8.7,0.9,2.0,4.0,8.0,4.0,7.0,0.0,0.0,28.3,False
PN-101011,73,ENGINE FUEL AND CONTROL,BOEING,737-800,KRİTİK DEĞİL,YOK,Yurtdışı tamir,44.0,16,4.0,0.56,8.6,0.9,2.0,4.0,8.0,4.0,7.0,0.0,0.0,28.3,False
PN-101635,35,OXYGEN,AIRBUS,A319-100,KRİTİK DEĞİL,YOK,Satınalma,42.0,27,6.75,0.56,14.7,0.9,2.0,7.0,14.0,4.0,8.0,0.037,0.5,28.3,False
PN-104364,49,AIRBORNE AUXILIARY POWER (APU),AIRBUS,A330-200,KRİTİK DEĞİL,YOK,Satınalma,26.0,25,6.25,1.33,32.1,0.9,2.0,4.0,11.0,5.0,14.0,0.04,1.3,28.3,False
PN-100606,29,HYDRAULIC POWER,AIRBUS,A321-200,KRİTİK DEĞİL,YOK,Satınalma,37.0,39,9.75,0.69,26.1,0.9,3.0,7.0,17.0,6.0,13.0,0.179,4.7,28.2,False
PN-100778,28,FUEL,AIRBUS,A321-200,KRİTİK DEĞİL,YOK,Yurtdışı tamir,43.0,15,3.75,0.69,10.2,0.9,2.0,4.0,8.0,4.0,7.0,0.133,1.4,28.2,False
PN-103573,29,HYDRAULIC POWER,AIRBUS,A320-200,KRİTİK DEĞİL,YOK,Yurtdışı tamir,45.0,9,1.9,0.64,4.8,0.9,1.0,3.0,5.0,2.0,4.0,0.0,0.0,28.2,False
PN-100016,35,OXYGEN,AIRBUS,A320-200,KRİTİK DEĞİL,YOK,Satınalma,33.0,60,15.0,0.64,37.6,0.9,3.0,9.0,24.0,7.0,17.0,0.117,4.4,28.2,False
PN-104065,29,HYDRAULIC POWER,BOEING,737-800,KRİTİK DEĞİL,YOK,Satınalma,45.0,9,2.25,0.56,4.9,0.9,1.0,4.0,7.0,2.0,4.0,0.0,0.0,28.2,False
PN-104650,31,INDICATING / RECORDING SYSTEMS,AIRBUS,A330-300,KRİTİK DEĞİL,YOK,Yurtdışı tamir,39.0,12,3.0,1.11,13.1,0.9,2.0,4.0,7.0,4.0,8.0,0.083,1.1,28.2,False
PN-103434,27,FLIGHT CONTROLS,AIRBUS,A320neo,KRİTİK DEĞİL,VAR,Yurtiçi tamir,7.0,36,9.0,2.59,92.1,0.9,2.0,3.0,12.0,4.0,28.0,0.222,20.5,28.1,False
PN-100739,77,ENGINE INDICATING,AIRBUS,A321-200,KRİTİK DEĞİL,YOK,Satınalma,42.0,18,4.5,0.69,12.5,0.9,2.0,5.0,10.0,4.0,8.0,0.111,1.4,28.1,False
PN-101514,27,FLIGHT CONTROLS,AIRBUS,A330-300,KRİTİK DEĞİL,YOK,Yurtdışı tamir,31.0,31,7.75,1.11,33.4,0.9,3.0,6.0,14.0,6.0,15.0,0.097,3.2,28.1,False
PN-101169,77,ENGINE INDICATING,AIRBUS,A330-300,KRİTİK,VAR,Yurtiçi tamir,23.0,12,3.0,1.11,13.0,0.95,2.0,3.0,6.0,3.0,7.0,0.083,1.1,28.1,False
PN-100699,23,COMMUNICATIONS,BOEING,777-300ER,KRİTİK DEĞİL,YOK,Yurtdışı tamir,25.0,6,1.14,1.67,7.5,0.9,1.0,2.0,4.0,2.0,4.0,0.167,1.2,28.1,False
PN-101784,71,POWER PLANT,BOEING,777-300ER,KRİTİK DEĞİL,YOK,Satınalma,20.0,13,3.25,1.67,21.0,0.9,2.0,3.0,7.0,4.0,10.0,0.0,0.0,28.1,False
PN-101970,74,IGNITION,BOEING,777-300ER,KRİTİK DEĞİL,YOK,Satınalma,24.0,8,1.57,1.67,10.1,0.9,2.0,2.0,4.0,3.0,6.0,0.0,0.0,28.1,False
PN-104690,21,AIR CONDITIONING,AIRBUS,A330-200,KRİTİK DEĞİL,YOK,Satınalma,33.0,8,2.0,1.33,10.2,0.9,2.0,3.0,5.0,3.0,6.0,0.0,0.0,28.0,False
PN-103009,74,IGNITION,AIRBUS,A330-300,KRİTİK DEĞİL,YOK,Yurtdışı tamir,35.0,20,5.0,1.11,21.7,0.9,2.0,4.0,9.0,5.0,11.0,0.1,2.2,28.0,False
PN-104878,56,WINDOWS,AIRBUS,A321neo,KRİTİK DEĞİL,VAR,Yurtiçi tamir,14.0,15,3.75,2.96,44.1,0.9,2.0,2.0,6.0,4.0,16.0,0.2,8.8,28.0,False
PN-102009,52,DOORS,AIRBUS,A321-200,KRİTİK DEĞİL,YOK,Satınalma,30.0,63,15.75,0.69,42.9,0.9,3.0,9.0,25.0,7.0,18.0,0.079,3.4,28.0,False
PN-103836,26,FIRE PROTECTION,AIRBUS,A321neo,KRİTİK DEĞİL,VAR,Yurtiçi tamir,6.0,23,5.75,2.96,66.0,0.9,2.0,2.0,8.0,4.0,21.0,0.217,14.4,28.0,False
PN-101838,26,FIRE PROTECTION,AIRBUS,A330-200,KRİTİK DEĞİL,YOK,Yurtdışı tamir,33.0,10,1.99,1.33,10.3,0.9,2.0,3.0,5.0,3.0,6.0,0.0,0.0,28.0,False
PN-102686,27,FLIGHT CONTROLS,AIRBUS,A319-100,KRİTİK DEĞİL,YOK,Yurtdışı tamir,39.0,35,8.75,0.56,19.1,0.9,2.0,7.0,16.0,5.0,10.0,0.086,1.6,28.0,False
PN-103832,74,IGNITION,AIRBUS,A330-200,KRİTİK DEĞİL,YOK,Yurtdışı tamir,35.0,5,0.97,1.33,5.0,0.9,1.0,2.0,3.0,2.0,4.0,0.2,1.0,28.0,False
PN-103185,79,OIL,AIRBUS,A319-100,KRİTİK DEĞİL,YOK,Yurtdışı tamir,42.0,20,5.0,0.56,10.8,0.9,2.0,5.0,10.0,4.0,7.0,0.05,0.5,28.0,False
PN-100771,80,STARTING,AIRBUS,A330-300,KRİTİK DEĞİL,YOK,Yurtdışı tamir,29.0,35,8.75,1.11,37.5,0.9,3.0,6.0,15.0,6.0,16.0,0.2,7.5,28.0,False
PN-100368,21,AIR CONDITIONING,BOEING,777-300ER,KRİTİK,VAR,Yurtiçi tamir,11.0,1,0.28,1.67,1.8,0.95,1.0,2.0,3.0,2.0,3.0,0.0,0.0,28.0,False
PN-103347,24,ELECTRICAL POWER,AIRBUS,A320neo,KRİTİK DEĞİL,VAR,Yurtiçi tamir,7.0,36,9.0,2.59,91.0,0.9,2.0,3.0,12.0,4.0,27.0,0.083,7.6,28.0,False
PN-103809,49,AIRBORNE AUXILIARY POWER (APU),BOEING,737-800,KRİTİK DEĞİL,YOK,Yurtdışı tamir,44.0,11,2.75,0.56,5.9,0.9,2.0,4.0,7.0,3.0,5.0,0.0,0.0,28.0,False
PN-100651,52,DOORS,AIRBUS,A330-300,KRİTİK DEĞİL,YOK,Yurtdışı tamir,38.0,9,2.87,1.11,12.5,0.9,2.0,4.0,7.0,4.0,8.0,0.222,2.8,27.9,False
PN-102052,30,ICE & RAIN PROTECTION,AIRBUS,A319-100,KRİTİK DEĞİL,YOK,Yurtdışı tamir,37.0,43,10.75,0.56,23.6,0.9,2.0,8.0,19.0,5.0,11.0,0.047,1.1,27.9,False
PN-100828,76,ENGINE CONTROLS,AIRBUS,A330-200,KRİTİK DEĞİL,YOK,Satınalma,27.0,20,5.0,1.33,25.7,0.9,2.0,4.0,9.0,4.0,11.0,0.0,0.0,27.9,False
PN-102480,52,DOORS,BOEING,777-300ER,KRİTİK,VAR,Yurtiçi tamir,10.0,3,0.6,1.67,3.9,0.95,1.0,2.0,3.0,2.0,3.0,0.0,0.0,27.9,False
PN-103037,25,EQUIPMENT / FURNISHINGS,AIRBUS,A350-900,KRİTİK DEĞİL,VAR,Yurtiçi tamir,8.0,0,0.0,3.75,0.0,0.9,0.0,0.0,0.0,0.0,0.0,0.0,0.0,27.9,False
PN-102066,71,POWER PLANT,BOEING,737-800,KRİTİK DEĞİL,YOK,Satınalma,41.0,24,6.0,0.56,13.1,0.9,2.0,6.0,12.0,4.0,8.0,0.083,1.1,27.9,False
PN-103630,34,NAVIGATION,AIRBUS,A321-200,KRİTİK DEĞİL,YOK,Satınalma,39.0,26,6.5,0.69,17.9,0.9,2.0,6.0,13.0,4.0,9.0,0.077,1.4,27.9,False
PN-103515,80,STARTING,AIRBUS,A319-100,KRİTİK DEĞİL,YOK,Yurtdışı tamir,44.0,9,1.96,0.56,4.4,0.9,1.0,3.0,5.0,2.0,4.0,0.222,1.0,27.9,False
PN-102655,36,PNEUMATIC,AIRBUS,A319-100,KRİTİK DEĞİL,YOK,Satınalma,35.0,50,12.5,0.56,27.6,0.9,3.0,8.0,21.0,6.0,13.0,0.08,2.2,27.8,False
PN-100864,74,IGNITION,AIRBUS,A321-200,KRİTİK DEĞİL,YOK,Satınalma,33.0,49,12.25,0.69,33.1,0.9,3.0,8.0,21.0,6.0,15.0,0.204,6.8,27.8,False
PN-104862,77,ENGINE INDICATING,BOEING,777-300ER,KRİTİK,VAR,Yurtiçi tamir,10.0,2,0.35,1.67,2.3,0.95,1.0,2.0,3.0,2.0,3.0,0.0,0.0,27.8,False
PN-102121,79,OIL,BOEING,777-300ER,KRİTİK,VAR,Yurtiçi tamir,10.0,2,0.5,1.67,3.2,0.95,1.0,2.0,3.0,2.0,3.0,0.0,0.0,27.8,False
PN-102400,21,AIR CONDITIONING,AIRBUS,A330-200,KRİTİK,VAR,Yurtiçi tamir,8.0,26,6.5,1.33,33.3,0.95,2.0,3.0,10.0,3.0,12.0,0.192,6.4,27.8,False
PN-103075,72,ENGINE,AIRBUS,A320-200,KRİTİK DEĞİL,YOK,Yurtdışı tamir,34.0,49,12.25,0.64,30.3,0.9,3.0,8.0,21.0,6.0,14.0,0.204,6.2,27.8,False
PN-102202,22,AUTO FLIGHT,AIRBUS,A321-200,KRİTİK DEĞİL,YOK,Satınalma,42.0,13,3.25,0.69,8.7,0.9,2.0,4.0,8.0,4.0,7.0,0.077,0.7,27.8,False
PN-104542,79,OIL,AIRBUS,A320-200,KRİTİK DEĞİL,YOK,Satınalma,42.0,14,3.5,0.64,8.7,0.9,2.0,4.0,8.0,4.0,7.0,0.0,0.0,27.8,False
PN-102791,25,EQUIPMENT / FURNISHINGS,AIRBUS,A321neo,KRİTİK DEĞİL,VAR,Yurtiçi tamir,14.0,14,3.5,2.96,40.8,0.9,2.0,2.0,6.0,4.0,15.0,0.071,2.9,27.7,False
PN-103091,31,INDICATING / RECORDING SYSTEMS,BOEING,737-900ER,KRİTİK DEĞİL,YOK,Satınalma,32.0,35,8.75,1.0,34.6,0.9,3.0,7.0,16.0,7.0,16.0,0.0,0.0,27.7,False
PN-100943,34,NAVIGATION,AIRBUS,A321-200,KRİTİK DEĞİL,YOK,Yurtdışı tamir,40.0,19,4.75,0.69,13.1,0.9,2.0,5.0,10.0,4.0,8.0,0.316,4.2,27.7,False
PN-104125,35,OXYGEN,BOEING,777-300ER,KRİTİK DEĞİL,YOK,Satınalma,14.0,20,5.0,1.67,32.8,0.9,2.0,3.0,8.0,4.0,13.0,0.2,6.6,27.7,False
PN-102334,36,PNEUMATIC,AIRBUS,A321-200,KRİTİK DEĞİL,YOK,Yurtdışı tamir,43.0,8,2.0,0.69,5.4,0.9,2.0,3.0,5.0,3.0,5.0,0.0,0.0,27.7,False
PN-102386,79,OIL,AIRBUS,A320-200,KRİTİK DEĞİL,YOK,Satınalma,31.0,59,14.75,0.64,37.3,0.9,3.0,9.0,24.0,7.0,17.0,0.153,5.7,27.7,False
PN-101108,79,OIL,AIRBUS,A320neo,KRİTİK DEĞİL,VAR,Yurtiçi tamir,6.0,36,9.0,2.59,90.5,0.9,2.0,2.0,11.0,4.0,27.0,0.167,15.1,27.7,False
PN-101193,71,POWER PLANT,AIRBUS,A330-300,KRİTİK DEĞİL,YOK,Satınalma,34.0,19,4.75,1.11,21.0,0.9,2.0,4.0,9.0,4.0,10.0,0.053,1.1,27.7,False
PN-100912,30,ICE & RAIN PROTECTION,AIRBUS,A330-200,KRİTİK DEĞİL,YOK,Yurtdışı tamir,34.0,3,0.9,1.33,4.7,0.9,1.0,2.0,3.0,2.0,4.0,0.333,1.6,27.7,False
PN-103704,79,OIL,AIRBUS,A320-200,KRİTİK DEĞİL,YOK,Satınalma,37.0,34,8.5,0.64,21.5,0.9,2.0,7.0,16.0,5.0,11.0,0.147,3.2,27.7,False
PN-101017,34,NAVIGATION,AIRBUS,A320-200,KRİTİK DEĞİL,YOK,Satınalma,26.0,80,20.0,0.64,49.5,0.9,3.0,10.0,30.0,7.0,20.0,0.012,0.6,27.6,False
PN-102856,36,PNEUMATIC,AIRBUS,A330-300,KRİTİK DEĞİL,YOK,Satınalma,38.0,10,2.13,1.11,9.4,0.9,2.0,3.0,6.0,3.0,6.0,0.0,0.0,27.6,False
PN-104233,27,FLIGHT CONTROLS,BOEING,737-900ER,KRİTİK DEĞİL,YOK,Yurtdışı tamir,42.0,7,1.75,1.0,6.9,0.9,2.0,3.0,5.0,3.0,5.0,0.143,1.0,27.6,False
PN-103936,35,OXYGEN,AIRBUS,A330-200,KRİTİK DEĞİL,YOK,Yurtdışı tamir,24.0,23,5.75,1.33,30.0,0.9,2.0,4.0,10.0,4.0,12.0,0.0,0.0,27.6,False
PN-100616,27,FLIGHT CONTROLS,AIRBUS,A320-200,KRİTİK DEĞİL,YOK,Satınalma,44.0,2,0.42,0.64,1.0,0.9,1.0,2.0,3.0,2.0,3.0,0.5,0.5,27.6,False
PN-102284,56,WINDOWS,BOEING,787-9,KRİTİK DEĞİL,VAR,Yurtiçi tamir,7.0,0,0.0,3.75,0.0,0.9,0.0,0.0,0.0,0.0,0.0,0.0,0.0,27.6,False
PN-100226,74,IGNITION,BOEING,737-900ER,KRİTİK DEĞİL,YOK,Yurtdışı tamir,43.0,4,1.05,1.0,4.2,0.9,1.0,2.0,4.0,2.0,4.0,0.0,0.0,27.6,False
PN-100960,24,ELECTRICAL POWER,AIRBUS,A321neo,KRİTİK DEĞİL,VAR,Yurtiçi tamir,12.0,15,3.75,2.96,44.3,0.9,2.0,2.0,6.0,4.0,16.0,0.0,0.0,27.5,False
PN-101295,35,OXYGEN,BOEING,737-800,KRİTİK DEĞİL,YOK,Satınalma,28.0,79,19.75,0.56,43.4,0.9,3.0,11.0,31.0,7.0,18.0,0.063,2.7,27.5,False
PN-100952,49,AIRBORNE AUXILIARY POWER (APU),AIRBUS,A319-100,KRİTİK DEĞİL,YOK,Satınalma,43.0,5,1.25,0.56,2.8,0.9,1.0,2.0,4.0,2.0,3.0,0.0,0.0,27.5,False
PN-101604,24,ELECTRICAL POWER,BOEING,777-300ER,KRİTİK,VAR,Yurtiçi tamir,5.0,8,2.0,1.67,13.1,0.95,1.0,2.0,4.0,2.0,6.0,0.125,1.6,27.5,False
PN-104784,74,IGNITION,BOEING,777-300ER,KRİTİK DEĞİL,YOK,Satınalma,24.0,4,0.71,1.67,4.5,0.9,1.0,2.0,3.0,2.0,4.0,0.0,0.0,27.5,False
PN-103395,73,ENGINE FUEL AND CONTROL,BOEING,737-900ER,KRİTİK DEĞİL,YOK,Satınalma,36.0,22,5.5,1.0,21.5,0.9,2.0,5.0,11.0,5.0,11.0,0.045,1.0,27.5,False
PN-103119,76,ENGINE CONTROLS,AIRBUS,A320-200,KRİTİK DEĞİL,YOK,Yurtdışı tamir,43.0,6,1.03,0.64,2.6,0.9,1.0,2.0,4.0,2.0,3.0,0.333,0.9,27.5,False
PN-104299,23,COMMUNICATIONS,AIRBUS,A320-200,KRİTİK DEĞİL,YOK,Satınalma,41.0,10,3.29,0.64,8.4,0.9,2.0,4.0,8.0,3.0,6.0,0.0,0.0,27.5,False
PN-103032,36,PNEUMATIC,AIRBUS,A330-200,KRİTİK DEĞİL,YOK,Satınalma,33.0,4,1.0,1.33,5.5,0.9,1.0,2.0,3.0,2.0,4.0,0.25,1.4,27.5,False
PN-101426,56,WINDOWS,AIRBUS,A330-200,KRİTİK DEĞİL,YOK,Satınalma,31.0,8,2.0,1.33,10.6,0.9,2.0,3.0,5.0,3.0,6.0,0.0,0.0,27.5,False
PN-104839,79,OIL,BOEING,777-300ER,KRİTİK DEĞİL,YOK,Satınalma,24.0,3,0.7,1.67,4.6,0.9,1.0,2.0,3.0,2.0,4.0,0.0,0.0,27.5,False
PN-103300,52,DOORS,AIRBUS,A321neo,KRİTİK DEĞİL,VAR,Yurtiçi tamir,7.0,20,5.0,2.96,58.5,0.9,2.0,2.0,7.0,4.0,19.0,0.05,2.9,27.5,False
PN-104445,31,INDICATING / RECORDING SYSTEMS,BOEING,737-900ER,KRİTİK DEĞİL,YOK,Satınalma,33.0,31,7.75,1.0,30.3,0.9,3.0,6.0,14.0,6.0,14.0,0.161,4.9,27.5,False
PN-101326,56,WINDOWS,AIRBUS,A320neo,KRİTİK DEĞİL,VAR,Yurtiçi tamir,9.0,32,8.0,2.59,80.5,0.9,2.0,3.0,11.0,4.0,25.0,0.031,2.5,27.5,False
PN-104381,23,COMMUNICATIONS,BOEING,737-800,KRİTİK DEĞİL,YOK,Yurtdışı tamir,40.0,21,5.25,0.56,11.5,0.9,2.0,5.0,11.0,4.0,7.0,0.286,3.3,27.5,False
PN-101771,30,ICE & RAIN PROTECTION,AIRBUS,A321neo,KRİTİK DEĞİL,VAR,Yurtiçi tamir,22.0,6,1.5,2.96,17.7,0.9,2.0,2.0,4.0,4.0,9.0,0.0,0.0,27.5,False
PN-101791,76,ENGINE CONTROLS,AIRBUS,A320-200,KRİTİK DEĞİL,YOK,Yurtdışı tamir,41.0,12,3.0,0.64,7.4,0.9,2.0,4.0,7.0,3.0,5.0,0.083,0.6,27.4,False
PN-103204,28,FUEL,AIRBUS,A330-200,KRİTİK DEĞİL,YOK,Satınalma,20.0,30,7.5,1.33,38.8,0.9,2.0,4.0,12.0,5.0,15.0,0.133,5.2,27.4,False
PN-104043,23,COMMUNICATIONS,AIRBUS,A330-200,KRİTİK DEĞİL,YOK,Satınalma,32.0,6,1.35,1.33,7.0,0.9,2.0,2.0,4.0,3.0,5.0,0.167,1.2,27.4,False
PN-103249,31,INDICATING / RECORDING SYSTEMS,BOEING,787-9,KRİTİK DEĞİL,VAR,Yurtiçi tamir,5.0,1,0.21,3.75,3.1,0.9,1.0,2.0,3.0,2.0,3.0,0.0,0.0,27.4,False
PN-100791,32,LANDING GEAR,BOEING,737-800,KRİTİK,VAR,Yurtiçi tamir,17.0,54,13.5,0.56,29.9,0.95,2.0,6.0,20.0,4.0,12.0,0.056,1.7,27.4,False
PN-100552,74,IGNITION,BOEING,737-800,KRİTİK DEĞİL,YOK,Satınalma,43.0,3,0.9,0.56,2.0,0.9,1.0,2.0,3.0,2.0,3.0,0.0,0.0,27.4,False
PN-103025,52,DOORS,BOEING,777-300ER,KRİTİK DEĞİL,YOK,Satınalma,16.0,17,3.87,1.67,25.1,0.9,2.0,3.0,7.0,4.0,11.0,0.0,0.0,27.4,False
PN-103105,28,FUEL,AIRBUS,A330-300,KRİTİK DEĞİL,YOK,Satınalma,33.0,19,4.75,1.11,20.6,0.9,2.0,4.0,9.0,4.0,10.0,0.105,2.2,27.4,False
PN-104047,27,FLIGHT CONTROLS,AIRBUS,A330-300,KRİTİK DEĞİL,YOK,Satınalma,38.0,7,1.75,1.11,7.5,0.9,2.0,3.0,5.0,3.0,5.0,0.0,0.0,27.4,False
PN-101505,27,FLIGHT CONTROLS,AIRBUS,A320-200,KRİTİK DEĞİL,YOK,Yurtdışı tamir,38.0,26,6.5,0.64,16.0,0.9,2.0,6.0,13.0,4.0,9.0,0.077,1.2,27.4,False
PN-102472,31,INDICATING / RECORDING SYSTEMS,AIRBUS,A321-200,KRİTİK DEĞİL,YOK,Satınalma,40.0,14,3.5,0.69,9.6,0.9,2.0,4.0,8.0,4.0,7.0,0.143,1.4,27.4,False
PN-103741,28,FUEL,AIRBUS,A320-200,KRİTİK DEĞİL,YOK,Yurtdışı tamir,39.0,20,5.0,0.64,12.7,0.9,2.0,5.0,10.0,4.0,8.0,0.0,0.0,27.4,False
PN-100493,49,AIRBORNE AUXILIARY POWER (APU),AIRBUS,A330-300,KRİTİK,VAR,Yurtiçi tamir,15.0,25,6.25,1.11,27.0,0.95,2.0,4.0,11.0,4.0,11.0,0.08,2.2,27.4,False
PN-101900,35,OXYGEN,BOEING,737-900ER,KRİTİK DEĞİL,YOK,Yurtdışı tamir,27.0,46,11.5,1.0,45.1,0.9,3.0,7.0,19.0,7.0,19.0,0.196,8.8,27.4,False
PN-101265,21,AIR CONDITIONING,BOEING,737-900ER,KRİTİK DEĞİL,YOK,Yurtdışı tamir,43.0,2,0.5,1.0,2.0,0.9,1.0,2.0,3.0,2.0,3.0,0.0,0.0,27.4,False
PN-103624,74,IGNITION,AIRBUS,A320-200,KRİTİK DEĞİL,YOK,Satınalma,27.0,71,17.75,0.64,44.5,0.9,3.0,9.0,27.0,7.0,19.0,0.197,8.8,27.3,False
PN-101323,77,ENGINE INDICATING,AIRBUS,A319-100,KRİTİK DEĞİL,YOK,Yurtdışı tamir,40.0,16,4.0,0.56,8.7,0.9,2.0,4.0,8.0,3.0,6.0,0.188,1.6,27.3,False
PN-102148,76,ENGINE CONTROLS,AIRBUS,A321-200,KRİTİK,VAR,Yurtiçi tamir,13.0,58,14.5,0.69,40.0,0.95,2.0,6.0,21.0,4.0,15.0,0.086,3.5,27.3,False
PN-103760,25,EQUIPMENT / FURNISHINGS,BOEING,777-300ER,KRİTİK,VAR,Yurtiçi tamir,9.0,0,0.0,1.67,0.0,0.95,0.0,0.0,0.0,0.0,0.0,0.0,0.0,27.3,False
PN-101606,24,ELECTRICAL POWER,BOEING,737-800,KRİTİK DEĞİL,YOK,Satınalma,40.0,16,4.0,0.56,8.6,0.9,2.0,4.0,8.0,3.0,6.0,0.062,0.5,27.3,False
PN-100974,24,ELECTRICAL POWER,AIRBUS,A330-300,KRİTİK DEĞİL,YOK,Yurtdışı tamir,33.0,18,4.5,1.11,19.4,0.9,2.0,4.0,9.0,4.0,9.0,0.167,3.2,27.3,False
PN-104101,80,STARTING,AIRBUS,A320-200,KRİTİK DEĞİL,YOK,Satınalma,43.0,2,0.42,0.64,1.1,0.9,1.0,2.0,3.0,2.0,3.0,0.0,0.0,27.3,False
PN-100503,76,ENGINE CONTROLS,BOEING,737-800,KRİTİK DEĞİL,YOK,Satınalma,38.0,27,6.75,0.56,14.6,0.9,2.0,6.0,13.0,4.0,8.0,0.074,1.1,27.3,False
PN-104664,29,HYDRAULIC POWER,BOEING,777-300ER,KRİTİK,VAR,Yurtiçi tamir,6.0,5,1.26,1.67,8.0,0.95,1.0,2.0,4.0,2.0,5.0,0.2,1.6,27.3,False
PN-103412,26,FIRE PROTECTION,AIRBUS,A330-200,KRİTİK DEĞİL,YOK,Yurtdışı tamir,31.0,6,1.6,1.33,8.4,0.9,2.0,2.0,4.0,3.0,6.0,0.333,2.8,27.3,False
PN-104026,26,FIRE PROTECTION,AIRBUS,A321-200,KRİTİK DEĞİL,YOK,Yurtdışı tamir,42.0,5,1.25,0.69,3.4,0.9,1.0,2.0,4.0,2.0,3.0,0.0,0.0,27.3,False
PN-100671,49,AIRBORNE AUXILIARY POWER (APU),BOEING,737-800,KRİTİK DEĞİL,YOK,Yurtdışı tamir,41.0,12,3.0,0.56,6.5,0.9,2.0,4.0,7.0,3.0,5.0,0.167,1.1,27.3,False
PN-101669,71,POWER PLANT,AIRBUS,A321neo,KRİTİK DEĞİL,VAR,Yurtiçi tamir,5.0,21,5.25,2.96,61.2,0.9,2.0,2.0,8.0,3.0,19.0,0.19,11.6,27.3,False
PN-104726,23,COMMUNICATIONS,AIRBUS,A319-100,KRİTİK DEĞİL,YOK,Satınalma,39.0,22,5.5,0.56,12.1,0.9,2.0,5.0,11.0,4.0,8.0,0.182,2.2,27.3,False
PN-102358,52,DOORS,AIRBUS,A319-100,KRİTİK DEĞİL,YOK,Yurtdışı tamir,18.0,125,31.25,0.56,68.6,0.9,3.0,11.0,43.0,7.0,25.0,0.096,6.6,27.3,False
PN-102087,56,WINDOWS,BOEING,777-300ER,KRİTİK,VAR,Yurtiçi tamir,7.0,3,0.85,1.67,5.6,0.95,1.0,2.0,3.0,2.0,4.0,0.0,0.0,27.3,False
PN-102635,21,AIR CONDITIONING,AIRBUS,A330-200,KRİTİK,VAR,Yurtiçi tamir,14.0,12,2.17,1.33,11.3,0.95,2.0,2.0,5.0,3.0,6.0,0.167,1.9,27.3,False
PN-104329,76,ENGINE CONTROLS,BOEING,737-800,KRİTİK DEĞİL,YOK,Satınalma,42.0,4,1.05,0.56,2.2,0.9,1.0,2.0,4.0,2.0,3.0,0.0,0.0,27.2,False
PN-101917,34,NAVIGATION,AIRBUS,A319-100,KRİTİK DEĞİL,YOK,Yurtdışı tamir,31.0,60,15.0,0.56,32.7,0.9,3.0,9.0,24.0,6.0,15.0,0.217,7.1,27.2,False
PN-103837,49,AIRBORNE AUXILIARY POWER (APU),AIRBUS,A321-200,KRİTİK DEĞİL,YOK,Satınalma,42.0,5,0.91,0.69,2.5,0.9,1.0,2.0,3.0,2.0,3.0,0.0,0.0,27.2,False
PN-101506,77,ENGINE INDICATING,AIRBUS,A330-200,KRİTİK DEĞİL,YOK,Satınalma,28.0,12,3.0,1.33,15.5,0.9,2.0,3.0,6.0,4.0,8.0,0.0,0.0,27.2,False
PN-101626,49,AIRBORNE AUXILIARY POWER (APU),AIRBUS,A330-200,KRİTİK DEĞİL,YOK,Satınalma,26.0,16,4.0,1.33,21.0,0.9,2.0,4.0,8.0,4.0,10.0,0.312,6.6,27.2,False
PN-103987,22,AUTO FLIGHT,BOEING,737-800,KRİTİK DEĞİL,YOK,Satınalma,38.0,24,6.0,0.56,13.2,0.9,2.0,6.0,12.0,4.0,8.0,0.167,2.2,27.2,False
PN-101609,24,ELECTRICAL POWER,AIRBUS,A330-200,KRİTİK DEĞİL,YOK,Yurtdışı tamir,32.0,3,0.85,1.33,4.6,0.9,1.0,2.0,3.0,2.0,4.0,0.0,0.0,27.2,False
PN-103174,80,STARTING,AIRBUS,A330-200,KRİTİK DEĞİL,YOK,Satınalma,30.0,8,2.0,1.33,10.3,0.9,2.0,3.0,5.0,3.0,6.0,0.0,0.0,27.2,False
PN-101613,71,POWER PLANT,AIRBUS,A330-200,KRİTİK,VAR,Yurtiçi tamir,15.0,10,1.51,1.33,8.0,0.95,1.0,2.0,4.0,2.0,4.0,0.1,0.8,27.2,False
PN-103726,23,COMMUNICATIONS,AIRBUS,A321neo,KRİTİK DEĞİL,VAR,Yurtiçi tamir,5.0,21,5.25,2.96,60.5,0.9,2.0,2.0,8.0,3.0,19.0,0.095,5.8,27.2,False
PN-100119,23,COMMUNICATIONS,BOEING,777-300ER,KRİTİK DEĞİL,YOK,Satınalma,23.0,2,0.65,1.67,4.2,0.9,1.0,2.0,3.0,2.0,4.0,0.0,0.0,27.2,False
PN-102691,49,AIRBORNE AUXILIARY POWER (APU),BOEING,737-800,KRİTİK DEĞİL,YOK,Satınalma,34.0,46,11.5,0.56,24.7,0.9,2.0,8.0,20.0,5.0,12.0,0.043,1.1,27.2,False
PN-103195,25,EQUIPMENT / FURNISHINGS,AIRBUS,A321-200,KRİTİK DEĞİL,YOK,Satınalma,42.0,4,0.85,0.69,2.3,0.9,1.0,2.0,3.0,2.0,3.0,0.0,0.0,27.2,False
PN-104036,56,WINDOWS,AIRBUS,A320-200,KRİTİK DEĞİL,YOK,Yurtdışı tamir,35.0,34,8.5,0.64,21.4,0.9,2.0,7.0,16.0,5.0,11.0,0.176,3.8,27.2,False
PN-100487,35,OXYGEN,AIRBUS,A330-300,KRİTİK DEĞİL,YOK,Satınalma,35.0,11,2.75,1.11,11.8,0.9,2.0,4.0,7.0,4.0,7.0,0.455,5.4,27.1,False
PN-104546,49,AIRBORNE AUXILIARY POWER (APU),AIRBUS,A321-200,KRİTİK DEĞİL,YOK,Satınalma,38.0,19,4.75,0.69,12.8,0.9,2.0,4.0,9.0,4.0,8.0,0.053,0.7,27.1,False
PN-102112,77,ENGINE INDICATING,BOEING,737-800,KRİTİK DEĞİL,YOK,Yurtdışı tamir,40.0,13,3.25,0.56,7.2,0.9,2.0,4.0,8.0,3.0,5.0,0.077,0.6,27.1,False
PN-103928,56,WINDOWS,AIRBUS,A321neo,KRİTİK DEĞİL,VAR,Yurtiçi tamir,13.0,13,3.25,2.96,38.0,0.9,2.0,2.0,6.0,4.0,14.0,0.077,2.9,27.1,False
PN-104512,24,ELECTRICAL POWER,AIRBUS,A319-100,KRİTİK DEĞİL,YOK,Yurtdışı tamir,39.0,17,4.25,0.56,9.3,0.9,2.0,4.0,9.0,3.0,6.0,0.059,0.5,27.1,False
PN-100419,35,OXYGEN,BOEING,737-800,KRİTİK DEĞİL,YOK,Yurtdışı tamir,36.0,33,8.25,0.56,17.9,0.9,2.0,7.0,16.0,4.0,9.0,0.03,0.5,27.1,False
PN-103713,26,FIRE PROTECTION,AIRBUS,A330-300,KRİTİK DEĞİL,YOK,Yurtdışı tamir,31.0,21,5.25,1.11,23.1,0.9,2.0,4.0,10.0,4.0,10.0,0.095,2.2,27.1,False
PN-103098,25,EQUIPMENT / FURNISHINGS,AIRBUS,A330-300,KRİTİK DEĞİL,YOK,Yurtdışı tamir,30.0,24,6.0,1.11,25.7,0.9,2.0,4.0,10.0,5.0,12.0,0.208,5.3,27.1,False
PN-104191,29,HYDRAULIC POWER,AIRBUS,A319-100,KRİTİK DEĞİL,YOK,Satınalma,27.0,78,19.5,0.56,42.2,0.9,3.0,10.0,30.0,7.0,18.0,0.128,5.4,27.1,False
PN-104636,74,IGNITION,AIRBUS,A320-200,KRİTİK DEĞİL,YOK,Yurtdışı tamir,38.0,20,5.0,0.64,12.4,0.9,2.0,5.0,10.0,4.0,8.0,0.1,1.2,27.1,False
PN-104919,35,OXYGEN,AIRBUS,A320-200,KRİTİK DEĞİL,YOK,Yurtdışı tamir,41.0,6,1.5,0.64,3.7,0.9,1.0,3.0,5.0,2.0,3.0,0.0,0.0,27.0,False
PN-104683,22,AUTO FLIGHT,AIRBUS,A321-200,KRİTİK DEĞİL,YOK,Satınalma,41.0,4,1.2,0.69,3.3,0.9,1.0,2.0,4.0,2.0,3.0,0.0,0.0,27.0,False
PN-100914,49,AIRBORNE AUXILIARY POWER (APU),AIRBUS,A321-200,KRİTİK DEĞİL,YOK,Yurtdışı tamir,38.0,17,4.25,0.69,11.6,0.9,2.0,4.0,9.0,4.0,7.0,0.118,1.4,27.0,False
PN-100115,36,PNEUMATIC,AIRBUS,A330-200,KRİTİK DEĞİL,YOK,Satınalma,32.0,1,0.42,1.33,2.2,0.9,1.0,2.0,3.0,2.0,3.0,0.0,0.0,27.0,False
PN-104508,27,FLIGHT CONTROLS,AIRBUS,A319-100,KRİTİK,VAR,Yurtiçi tamir,16.0,53,13.25,0.56,28.8,0.95,2.0,6.0,20.0,4.0,12.0,0.038,1.1,27.0,False
PN-101577,73,ENGINE FUEL AND CONTROL,AIRBUS,A330-300,KRİTİK DEĞİL,YOK,Satınalma,38.0,3,0.57,1.11,2.4,0.9,1.0,2.0,3.0,2.0,3.0,0.0,0.0,27.0,False
PN-104209,49,AIRBORNE AUXILIARY POWER (APU),AIRBUS,A320-200,KRİTİK DEĞİL,YOK,Satınalma,32.0,43,10.75,0.64,27.1,0.9,2.0,7.0,18.0,5.0,12.0,0.186,5.0,27.0,False
PN-101425,74,IGNITION,AIRBUS,A330-300,KRİTİK DEĞİL,YOK,Yurtdışı tamir,35.0,10,2.5,1.11,10.8,0.9,2.0,3.0,6.0,4.0,7.0,0.0,0.0,27.0,False
PN-100990,29,HYDRAULIC POWER,AIRBUS,A330-300,KRİTİK DEĞİL,YOK,Satınalma,24.0,38,9.5,1.11,41.1,0.9,3.0,6.0,16.0,6.0,17.0,0.053,2.2,27.0,False
PN-103162,25,EQUIPMENT / FURNISHINGS,AIRBUS,A330-200,KRİTİK DEĞİL,YOK,Satınalma,13.0,41,10.25,1.33,53.4,0.9,2.0,4.0,15.0,4.0,18.0,0.049,2.6,27.0,False
PN-100597,73,ENGINE FUEL AND CONTROL,AIRBUS,A321-200,KRİTİK DEĞİL,YOK,Satınalma,40.0,8,2.0,0.69,5.4,0.9,1.0,3.0,5.0,2.0,4.0,0.0,0.0,27.0,False
PN-100542,26,FIRE PROTECTION,BOEING,737-900ER,KRİTİK DEĞİL,YOK,Satınalma,41.0,3,0.85,1.0,3.3,0.9,1.0,2.0,3.0,2.0,3.0,0.333,1.1,27.0,False
PN-102021,56,WINDOWS,AIRBUS,A321neo,KRİTİK DEĞİL,VAR,Yurtiçi tamir,19.0,9,1.78,2.96,20.7,0.9,2.0,2.0,4.0,4.0,10.0,0.111,2.3,27.0,False
PN-100039,52,DOORS,AIRBUS,A330-200,KRİTİK DEĞİL,YOK,Yurtdışı tamir,30.0,6,1.5,1.33,7.8,0.9,2.0,2.0,4.0,3.0,5.0,0.0,0.0,27.0,False
PN-102781,79,OIL,AIRBUS,A321-200,KRİTİK,VAR,Yurtiçi tamir,18.0,33,8.25,0.69,22.4,0.95,2.0,5.0,14.0,4.0,10.0,0.152,3.4,27.0,False
PN-104632,28,FUEL,AIRBUS,A320-200,KRİTİK DEĞİL,YOK,Yurtdışı tamir,39.0,11,3.22,0.64,8.0,0.9,2.0,4.0,8.0,3.0,6.0,0.0,0.0,26.9,False
PN-103265,52,DOORS,AIRBUS,A321neo,KRİTİK DEĞİL,VAR,Yurtiçi tamir,8.0,17,4.25,2.96,49.2,0.9,2.0,2.0,7.0,4.0,17.0,0.235,11.6,26.9,False
PN-101916,28,FUEL,AIRBUS,A330-200,KRİTİK DEĞİL,YOK,Satınalma,23.0,19,4.75,1.33,25.3,0.9,2.0,4.0,9.0,4.0,11.0,0.105,2.7,26.9,False
PN-100501,52,DOORS,AIRBUS,A330-300,KRİTİK DEĞİL,YOK,Satınalma,31.0,19,4.75,1.11,20.5,0.9,2.0,4.0,9.0,4.0,10.0,0.053,1.1,26.9,False
PN-104008,25,EQUIPMENT / FURNISHINGS,AIRBUS,A330-300,KRİTİK DEĞİL,YOK,Satınalma,22.0,41,10.25,1.11,44.9,0.9,3.0,6.0,17.0,6.0,18.0,0.171,7.7,26.9,False
PN-104057,35,OXYGEN,AIRBUS,A320-200,KRİTİK DEĞİL,YOK,Satınalma,40.0,6,1.44,0.64,3.6,0.9,1.0,3.0,5.0,2.0,3.0,0.0,0.0,26.8,False
PN-102643,34,NAVIGATION,BOEING,777-300ER,KRİTİK DEĞİL,YOK,Yurtdışı tamir,20.0,5,1.19,1.67,7.8,0.9,1.0,2.0,4.0,2.0,4.0,0.0,0.0,26.8,False
PN-104241,28,FUEL,AIRBUS,A321-200,KRİTİK DEĞİL,YOK,Satınalma,30.0,45,11.25,0.69,31.0,0.9,3.0,7.0,19.0,6.0,14.0,0.067,2.1,26.8,False
PN-101093,31,INDICATING / RECORDING SYSTEMS,AIRBUS,A320-200,KRİTİK DEĞİL,YOK,Satınalma,35.0,28,7.0,0.64,17.4,0.9,2.0,6.0,13.0,4.0,9.0,0.321,5.6,26.8,False
PN-102918,76,ENGINE CONTROLS,AIRBUS,A320-200,KRİTİK DEĞİL,YOK,Yurtdışı tamir,35.0,28,7.0,0.64,17.5,0.9,2.0,6.0,13.0,4.0,9.0,0.107,1.9,26.8,False
PN-101882,25,EQUIPMENT / FURNISHINGS,AIRBUS,A320neo,KRİTİK DEĞİL,VAR,Yurtiçi tamir,9.0,29,7.25,2.59,73.6,0.9,2.0,3.0,11.0,4.0,23.0,0.138,10.2,26.8,False
PN-103244,71,POWER PLANT,BOEING,737-800,KRİTİK DEĞİL,YOK,Yurtdışı tamir,41.0,0,0.0,0.56,0.0,0.9,0.0,0.0,0.0,0.0,0.0,0.0,0.0,26.7,False
PN-101487,21,AIR CONDITIONING,AIRBUS,A321neo,KRİTİK DEĞİL,VAR,Yurtiçi tamir,6.0,18,4.5,2.96,52.2,0.9,2.0,2.0,7.0,3.0,17.0,0.111,5.8,26.7,False
PN-104890,74,IGNITION,AIRBUS,A320neo,KRİTİK DEĞİL,VAR,Yurtiçi tamir,12.0,25,6.25,2.59,63.5,0.9,2.0,3.0,10.0,5.0,21.0,0.04,2.5,26.7,False
PN-101453,27,FLIGHT CONTROLS,BOEING,737-800,KRİTİK DEĞİL,YOK,Satınalma,39.0,9,2.25,0.56,5.0,0.9,1.0,3.0,6.0,2.0,4.0,0.0,0.0,26.7,False
PN-102164,79,OIL,AIRBUS,A330-300,KRİTİK DEĞİL,YOK,Yurtdışı tamir,30.0,20,5.0,1.11,21.5,0.9,2.0,4.0,9.0,4.0,10.0,0.0,0.0,26.7,False
PN-100633,30,ICE & RAIN PROTECTION,AIRBUS,A319-100,KRİTİK DEĞİL,YOK,Satınalma,40.0,6,1.21,0.56,2.6,0.9,1.0,2.0,4.0,2.0,3.0,0.333,0.9,26.7,False
PN-101159,29,HYDRAULIC POWER,AIRBUS,A319-100,KRİTİK DEĞİL,YOK,Satınalma,36.0,24,6.0,0.56,13.0,0.9,2.0,5.0,11.0,4.0,8.0,0.083,1.1,26.7,False
PN-104279,74,IGNITION,BOEING,737-800,KRİTİK DEĞİL,YOK,Satınalma,37.0,17,4.25,0.56,9.3,0.9,2.0,4.0,9.0,3.0,6.0,0.0,0.0,26.6,False
PN-104465,23,COMMUNICATIONS,AIRBUS,A330-300,KRİTİK,VAR,Yurtiçi tamir,7.0,37,9.25,1.11,40.1,0.95,2.0,3.0,13.0,3.0,14.0,0.135,5.4,26.6,False
PN-104501,35,OXYGEN,BOEING,777-300ER,KRİTİK DEĞİL,YOK,Yurtdışı tamir,20.0,3,0.85,1.67,5.4,0.9,1.0,2.0,3.0,2.0,4.0,0.333,1.8,26.6,False
PN-103927,24,ELECTRICAL POWER,AIRBUS,A321-200,KRİTİK DEĞİL,YOK,Satınalma,36.0,18,4.5,0.69,12.4,0.9,2.0,4.0,9.0,4.0,8.0,0.111,1.4,26.6,False
PN-102375,80,STARTING,AIRBUS,A330-300,KRİTİK,VAR,Yurtiçi tamir,12.0,24,6.0,1.11,26.1,0.95,2.0,3.0,9.0,3.0,10.0,0.042,1.1,26.6,False
PN-102146,25,EQUIPMENT / FURNISHINGS,BOEING,777-300ER,KRİTİK DEĞİL,YOK,Satınalma,14.0,13,3.25,1.67,21.1,0.9,2.0,2.0,6.0,3.0,9.0,0.077,1.6,26.6,False
PN-101570,23,COMMUNICATIONS,AIRBUS,A321-200,KRİTİK DEĞİL,YOK,Satınalma,30.0,42,10.5,0.69,28.4,0.9,2.0,7.0,18.0,5.0,13.0,0.095,2.7,26.6,False
PN-100584,31,INDICATING / RECORDING SYSTEMS,BOEING,737-900ER,KRİTİK DEĞİL,YOK,Satınalma,16.0,67,16.75,1.0,65.1,0.9,3.0,6.0,23.0,6.0,23.0,0.134,8.7,26.5,False
PN-100622,25,EQUIPMENT / FURNISHINGS,AIRBUS,A321-200,KRİTİK DEĞİL,YOK,Satınalma,39.0,5,1.25,0.69,3.4,0.9,1.0,2.0,4.0,2.0,3.0,0.0,0.0,26.5,False
PN-101689,23,COMMUNICATIONS,AIRBUS,A330-200,KRİTİK,VAR,Yurtiçi tamir,7.0,17,4.25,1.33,22.3,0.95,2.0,2.0,7.0,3.0,9.0,0.0,0.0,26.5,False
PN-104970,76,ENGINE CONTROLS,AIRBUS,A320-200,KRİTİK DEĞİL,YOK,Satınalma,39.0,7,1.36,0.64,3.4,0.9,1.0,2.0,4.0,2.0,3.0,0.143,0.5,26.5,False
PN-100051,26,FIRE PROTECTION,AIRBUS,A330-200,KRİTİK DEĞİL,YOK,Yurtdışı tamir,30.0,3,0.46,1.33,2.4,0.9,1.0,2.0,3.0,2.0,3.0,0.667,1.6,26.5,False
PN-104759,71,POWER PLANT,AIRBUS,A319-100,KRİTİK DEĞİL,YOK,Yurtdışı tamir,35.0,27,6.75,0.56,14.6,0.9,2.0,6.0,13.0,4.0,8.0,0.148,2.2,26.5,False
PN-102267,71,POWER PLANT,AIRBUS,A330-300,KRİTİK,VAR,Yurtiçi tamir,8.0,34,8.5,1.11,36.7,0.95,2.0,3.0,12.0,3.0,13.0,0.147,5.4,26.5,False
PN-102814,26,FIRE PROTECTION,AIRBUS,A321-200,KRİTİK DEĞİL,YOK,Satınalma,35.0,21,5.25,0.69,14.3,0.9,2.0,5.0,11.0,4.0,8.0,0.048,0.7,26.5,False
PN-100788,36,PNEUMATIC,AIRBUS,A320-200,KRİTİK DEĞİL,YOK,Yurtdışı tamir,34.0,27,6.75,0.64,16.9,0.9,2.0,6.0,13.0,4.0,9.0,0.037,0.6,26.5,False
PN-101208,28,FUEL,AIRBUS,A321neo,KRİTİK DEĞİL,VAR,Yurtiçi tamir,13.0,11,2.75,2.96,31.5,0.9,2.0,2.0,5.0,4.0,12.0,0.091,2.9,26.5,False
PN-104403,79,OIL,AIRBUS,A321-200,KRİTİK DEĞİL,YOK,Yurtdışı tamir,40.0,1,0.21,0.69,0.6,0.9,1.0,2.0,3.0,2.0,3.0,0.0,0.0,26.5,False
PN-102157,52,DOORS,AIRBUS,A320-200,KRİTİK DEĞİL,YOK,Satınalma,38.0,9,2.25,0.64,5.7,0.9,1.0,3.0,6.0,2.0,4.0,0.111,0.6,26.5,False
PN-102872,74,IGNITION,AIRBUS,A319-100,KRİTİK DEĞİL,YOK,Yurtdışı tamir,40.0,1,0.28,0.56,0.6,0.9,1.0,2.0,3.0,2.0,3.0,0.0,0.0,26.5,False
PN-103292,27,FLIGHT CONTROLS,AIRBUS,A320-200,KRİTİK DEĞİL,YOK,Satınalma,26.0,58,14.5,0.64,36.8,0.9,3.0,8.0,23.0,6.0,16.0,0.103,3.8,26.4,False
PN-102607,27,FLIGHT CONTROLS,AIRBUS,A321-200,KRİTİK DEĞİL,YOK,Yurtdışı tamir,38.0,7,1.75,0.69,4.8,0.9,1.0,3.0,5.0,2.0,4.0,0.0,0.0,26.4,False
PN-101997,80,STARTING,AIRBUS,A330-200,KRİTİK DEĞİL,YOK,Yurtdışı tamir,26.0,9,2.25,1.33,11.8,0.9,2.0,3.0,6.0,3.0,6.0,0.222,2.6,26.4,False
PN-101761,31,INDICATING / RECORDING SYSTEMS,BOEING,777-300ER,KRİTİK DEĞİL,YOK,Satınalma,18.0,5,1.39,1.67,9.0,0.9,1.0,2.0,4.0,2.0,5.0,0.2,1.8,26.4,False
PN-100021,30,ICE & RAIN PROTECTION,AIRBUS,A330-300,KRİTİK,VAR,Yurtiçi tamir,8.0,33,8.25,1.11,35.6,0.95,2.0,3.0,12.0,3.0,12.0,0.212,7.5,26.4,False
PN-101720,23,COMMUNICATIONS,AIRBUS,A320-200,KRİTİK,VAR,Yurtiçi tamir,15.0,40,10.0,0.64,25.1,0.95,2.0,5.0,15.0,4.0,11.0,0.0,0.0,26.4,False
PN-102410,35,OXYGEN,AIRBUS,A320-200,KRİTİK DEĞİL,YOK,Yurtdışı tamir,40.0,0,0.0,0.64,0.0,0.9,0.0,0.0,0.0,0.0,0.0,0.0,0.0,26.4,False
PN-100037,74,IGNITION,AIRBUS,A321-200,KRİTİK DEĞİL,YOK,Satınalma,40.0,0,0.0,0.69,0.0,0.9,0.0,0.0,0.0,0.0,0.0,0.0,0.0,26.4,False
PN-103088,27,FLIGHT CONTROLS,AIRBUS,A321neo,KRİTİK DEĞİL,VAR,Yurtiçi tamir,20.0,4,1.0,2.96,11.6,0.9,2.0,2.0,3.0,3.0,6.0,0.25,2.9,26.4,False
PN-100695,27,FLIGHT CONTROLS,AIRBUS,A321-200,KRİTİK DEĞİL,YOK,Yurtdışı tamir,36.0,15,3.75,0.69,10.2,0.9,2.0,4.0,8.0,4.0,7.0,0.067,0.7,26.4,False
PN-103657,77,ENGINE INDICATING,AIRBUS,A319-100,KRİTİK DEĞİL,YOK,Yurtdışı tamir,32.0,37,9.25,0.56,20.4,0.9,2.0,7.0,17.0,4.0,10.0,0.027,0.6,26.3,False
PN-100906,31,INDICATING / RECORDING SYSTEMS,AIRBUS,A330-200,KRİTİK,VAR,Yurtiçi tamir,8.0,13,3.25,1.33,16.9,0.95,2.0,2.0,6.0,3.0,8.0,0.077,1.3,26.3,False
PN-103357,76,ENGINE CONTROLS,AIRBUS,A330-200,KRİTİK DEĞİL,YOK,Satınalma,29.0,3,0.65,1.33,3.4,0.9,1.0,2.0,3.0,2.0,3.0,0.333,1.1,26.3,False
PN-100289,34,NAVIGATION,AIRBUS,A321-200,KRİTİK DEĞİL,YOK,Yurtdışı tamir,38.0,8,1.59,0.69,4.4,0.9,1.0,3.0,5.0,2.0,4.0,0.25,1.1,26.3,False
PN-100585,79,OIL,AIRBUS,A321-200,KRİTİK DEĞİL,YOK,Satınalma,36.0,13,3.25,0.69,9.0,0.9,2.0,4.0,8.0,3.0,6.0,0.385,3.4,26.3,False
PN-103341,28,FUEL,AIRBUS,A321-200,KRİTİK DEĞİL,YOK,Yurtdışı tamir,32.0,30,7.5,0.69,20.4,0.9,2.0,6.0,14.0,4.0,10.0,0.167,3.4,26.3,False
PN-103786,25,EQUIPMENT / FURNISHINGS,AIRBUS,A330-200,KRİTİK,VAR,Yurtiçi tamir,11.0,7,1.72,1.33,9.1,0.95,1.0,2.0,4.0,2.0,5.0,0.0,0.0,26.3,False
PN-102445,77,ENGINE INDICATING,BOEING,737-900ER,KRİTİK DEĞİL,YOK,Yurtdışı tamir,26.0,37,9.25,1.0,36.5,0.9,3.0,6.0,16.0,6.0,16.0,0.0,0.0,26.3,False
PN-104291,79,OIL,AIRBUS,A321-200,KRİTİK DEĞİL,YOK,Satınalma,37.0,9,2.25,0.69,6.1,0.9,2.0,3.0,6.0,3.0,5.0,0.111,0.7,26.3,False
PN-102914,31,INDICATING / RECORDING SYSTEMS,BOEING,737-800,KRİTİK DEĞİL,YOK,Yurtdışı tamir,36.0,18,4.5,0.56,9.8,0.9,2.0,4.0,9.0,3.0,6.0,0.056,0.5,26.3,False
PN-104419,23,COMMUNICATIONS,AIRBUS,A330-300,KRİTİK,VAR,Yurtiçi tamir,13.0,19,4.75,1.11,20.8,0.95,2.0,3.0,8.0,3.0,9.0,0.053,1.1,26.3,False
PN-101347,71,POWER PLANT,BOEING,737-800,KRİTİK DEĞİL,YOK,Satınalma,37.0,12,3.0,0.56,6.4,0.9,2.0,4.0,7.0,3.0,5.0,0.25,1.6,26.3,False
PN-101989,79,OIL,AIRBUS,A330-200,KRİTİK,VAR,Yurtiçi tamir,10.0,9,2.25,1.33,11.8,0.95,1.0,2.0,5.0,2.0,5.0,0.111,1.3,26.3,False
PN-102516,56,WINDOWS,AIRBUS,A330-200,KRİTİK DEĞİL,YOK,Satınalma,24.0,13,3.25,1.33,17.0,0.9,2.0,3.0,7.0,4.0,9.0,0.154,2.6,26.3,False
PN-101848,35,OXYGEN,AIRBUS,A330-200,KRİTİK DEĞİL,YOK,Satınalma,28.0,5,0.86,1.33,4.5,0.9,1.0,2.0,3.0,2.0,4.0,0.0,0.0,26.2,False
PN-100096,27,FLIGHT CONTROLS,AIRBUS,A320-200,KRİTİK DEĞİL,YOK,Yurtdışı tamir,38.0,7,1.26,0.64,3.2,0.9,1.0,2.0,4.0,2.0,3.0,0.0,0.0,26.2,False
PN-101933,79,OIL,AIRBUS,A321-200,KRİTİK DEĞİL,YOK,Satınalma,30.0,36,9.0,0.69,24.1,0.9,2.0,6.0,15.0,4.0,11.0,0.167,4.0,26.2,False
PN-104436,56,WINDOWS,BOEING,777-300ER,KRİTİK DEĞİL,YOK,Satınalma,15.0,9,2.25,1.67,14.7,0.9,1.0,2.0,5.0,2.0,6.0,0.222,3.3,26.2,False
PN-102824,52,DOORS,AIRBUS,A320-200,KRİTİK DEĞİL,YOK,Satınalma,37.0,9,2.09,0.64,5.2,0.9,1.0,3.0,6.0,2.0,4.0,0.111,0.6,26.2,False
PN-100336,80,STARTING,BOEING,737-800,KRİTİK DEĞİL,YOK,Yurtdışı tamir,38.0,5,1.21,0.56,2.6,0.9,1.0,2.0,4.0,2.0,3.0,0.0,0.0,26.2,False
PN-104138,76,ENGINE CONTROLS,BOEING,737-900ER,KRİTİK DEĞİL,YOK,Yurtdışı tamir,38.0,4,0.85,1.0,3.3,0.9,1.0,2.0,3.0,2.0,3.0,0.25,0.8,26.2,False
PN-100189,28,FUEL,AIRBUS,A330-200,KRİTİK,VAR,Yurtiçi tamir,7.0,15,3.75,1.33,19.6,0.95,2.0,2.0,6.0,3.0,8.0,0.0,0.0,26.2,False
PN-101423,56,WINDOWS,BOEING,777-300ER,KRİTİK DEĞİL,YOK,Satınalma,19.0,2,0.65,1.67,4.2,0.9,1.0,2.0,3.0,2.0,4.0,0.0,0.0,26.2,False
PN-103291,34,NAVIGATION,BOEING,737-800,KRİTİK DEĞİL,YOK,Satınalma,31.0,39,9.75,0.56,21.5,0.9,2.0,7.0,17.0,4.0,10.0,0.077,1.7,26.2,False
PN-104866,34,NAVIGATION,AIRBUS,A320-200,KRİTİK DEĞİL,YOK,Satınalma,39.0,0,0.0,0.64,0.0,0.9,0.0,0.0,0.0,0.0,0.0,0.0,0.0,26.2,False
PN-101382,30,ICE & RAIN PROTECTION,BOEING,737-800,KRİTİK DEĞİL,YOK,Satınalma,38.0,5,1.52,0.56,3.3,0.9,1.0,3.0,5.0,2.0,3.0,0.0,0.0,26.2,False
PN-104980,77,ENGINE INDICATING,AIRBUS,A330-200,KRİTİK DEĞİL,YOK,Satınalma,28.0,1,0.85,1.33,4.4,0.9,1.0,2.0,3.0,2.0,4.0,0.0,0.0,26.2,False
PN-104205,73,ENGINE FUEL AND CONTROL,AIRBUS,A330-200,KRİTİK DEĞİL,YOK,Yurtdışı tamir,27.0,7,1.5,1.33,7.8,0.9,1.0,2.0,4.0,2.0,4.0,0.143,1.1,26.2,False
PN-104835,35,OXYGEN,BOEING,777-300ER,KRİTİK DEĞİL,YOK,Satınalma,16.0,6,1.78,1.67,11.6,0.9,1.0,2.0,4.0,2.0,5.0,0.167,1.9,26.2,False
PN-103533,80,STARTING,AIRBUS,A319-100,KRİTİK DEĞİL,YOK,Satınalma,34.0,24,6.0,0.56,13.2,0.9,2.0,5.0,11.0,4.0,8.0,0.083,1.1,26.2,False
PN-104955,26,FIRE PROTECTION,AIRBUS,A330-200,KRİTİK DEĞİL,YOK,Satınalma,26.0,7,1.75,1.33,9.3,0.9,2.0,2.0,4.0,3.0,6.0,0.0,0.0,26.1,False
PN-103634,79,OIL,AIRBUS,A321-200,KRİTİK DEĞİL,YOK,Yurtdışı tamir,36.0,11,2.53,0.69,6.8,0.9,2.0,3.0,6.0,3.0,5.0,0.091,0.6,26.1,False
PN-102405,74,IGNITION,AIRBUS,A330-300,KRİTİK DEĞİL,YOK,Satınalma,26.0,24,6.0,1.11,25.9,0.9,2.0,4.0,10.0,4.0,11.0,0.125,3.2,26.1,False
PN-103005,30,ICE & RAIN PROTECTION,AIRBUS,A321-200,KRİTİK DEĞİL,YOK,Yurtdışı tamir,35.0,14,3.5,0.69,9.5,0.9,2.0,4.0,8.0,3.0,6.0,0.143,1.4,26.1,False
PN-104460,23,COMMUNICATIONS,AIRBUS,A321-200,KRİTİK DEĞİL,YOK,Yurtdışı tamir,37.0,6,1.62,0.69,4.5,0.9,1.0,3.0,5.0,2.0,4.0,0.333,1.5,26.1,False
PN-102990,32,LANDING GEAR,AIRBUS,A321-200,KRİTİK,VAR,Yurtiçi tamir,9.0,55,13.75,0.69,37.4,0.95,2.0,4.0,18.0,3.0,13.0,0.127,4.8,26.1,False
PN-101146,35,OXYGEN,AIRBUS,A321-200,KRİTİK DEĞİL,YOK,Satınalma,37.0,7,1.75,0.69,4.8,0.9,1.0,3.0,5.0,2.0,4.0,0.0,0.0,26.1,False
PN-103814,30,ICE & RAIN PROTECTION,BOEING,737-800,KRİTİK DEĞİL,YOK,Yurtdışı tamir,38.0,2,0.65,0.56,1.4,0.9,1.0,2.0,3.0,2.0,3.0,0.0,0.0,26.1,False
PN-103622,29,HYDRAULIC POWER,BOEING,737-800,KRİTİK DEĞİL,YOK,Satınalma,37.0,10,1.88,0.56,4.2,0.9,1.0,3.0,5.0,2.0,4.0,0.1,0.4,26.1,False
PN-102948,35,OXYGEN,AIRBUS,A330-200,KRİTİK DEĞİL,YOK,Satınalma,28.0,3,0.69,1.33,3.5,0.9,1.0,2.0,3.0,2.0,3.0,0.0,0.0,26.1,False
PN-103701,26,FIRE PROTECTION,AIRBUS,A330-200,KRİTİK DEĞİL,YOK,Satınalma,24.0,11,2.75,1.33,14.4,0.9,2.0,3.0,6.0,3.0,7.0,0.091,1.3,26.1,False
PN-102809,25,EQUIPMENT / FURNISHINGS,AIRBUS,A321-200,KRİTİK DEĞİL,YOK,Yurtdışı tamir,38.0,1,0.85,0.69,2.3,0.9,1.0,2.0,3.0,2.0,3.0,0.0,0.0,26.1,False
PN-101365,21,AIR CONDITIONING,AIRBUS,A321-200,KRİTİK DEĞİL,YOK,Yurtdışı tamir,35.0,14,3.5,0.69,9.4,0.9,2.0,4.0,8.0,3.0,6.0,0.071,0.7,26.1,False
PN-103963,30,ICE & RAIN PROTECTION,AIRBUS,A320neo,KRİTİK DEĞİL,VAR,Yurtiçi tamir,24.0,10,2.5,2.59,25.2,0.9,2.0,3.0,6.0,4.0,11.0,0.1,2.5,26.1,False
PN-100184,34,NAVIGATION,AIRBUS,A321-200,KRİTİK DEĞİL,YOK,Yurtdışı tamir,38.0,3,0.85,0.69,2.3,0.9,1.0,2.0,3.0,2.0,3.0,0.0,0.0,26.1,False
PN-100183,71,POWER PLANT,AIRBUS,A330-300,KRİTİK DEĞİL,YOK,Yurtdışı tamir,32.0,9,2.25,1.11,9.8,0.9,2.0,3.0,6.0,3.0,6.0,0.111,1.1,26.1,False
PN-103398,21,AIR CONDITIONING,AIRBUS,A330-200,KRİTİK,VAR,Yurtiçi tamir,7.0,14,3.5,1.33,18.5,0.95,1.0,2.0,6.0,2.0,7.0,0.071,1.3,26.1,False
PN-100005,76,ENGINE CONTROLS,AIRBUS,A319-100,KRİTİK DEĞİL,YOK,Yurtdışı tamir,38.0,1,0.85,0.56,1.8,0.9,1.0,2.0,3.0,2.0,3.0,1.0,1.8,26.1,False
PN-103165,31,INDICATING / RECORDING SYSTEMS,BOEING,737-800,KRİTİK DEĞİL,YOK,Satınalma,33.0,26,6.5,0.56,14.3,0.9,2.0,5.0,12.0,4.0,8.0,0.038,0.6,26.0,False
PN-101102,77,ENGINE INDICATING,AIRBUS,A330-200,KRİTİK,VAR,Yurtiçi tamir,10.0,6,1.78,1.33,9.2,0.95,1.0,2.0,4.0,2.0,5.0,0.0,0.0,26.0,False
PN-102018,71,POWER PLANT,BOEING,737-900ER,KRİTİK DEĞİL,YOK,Satınalma,34.0,12,3.0,1.0,11.7,0.9,2.0,4.0,7.0,4.0,7.0,0.0,0.0,26.0,False
PN-103093,27,FLIGHT CONTROLS,AIRBUS,A319-100,KRİTİK DEĞİL,YOK,Satınalma,32.0,32,8.0,0.56,17.4,0.9,2.0,6.0,14.0,4.0,9.0,0.219,3.8,26.0,False
PN-101455,22,AUTO FLIGHT,AIRBUS,A330-300,KRİTİK DEĞİL,YOK,Satınalma,31.0,10,2.5,1.11,11.0,0.9,2.0,3.0,6.0,3.0,6.0,0.1,1.1,26.0,False
PN-102396,79,OIL,AIRBUS,A320neo,KRİTİK DEĞİL,VAR,Yurtiçi tamir,10.0,24,6.0,2.59,61.5,0.9,2.0,3.0,9.0,4.0,20.0,0.0,0.0,26.0,False
PN-101447,79,OIL,AIRBUS,A320-200,KRİTİK DEĞİL,YOK,Satınalma,32.0,27,6.75,0.64,16.7,0.9,2.0,5.0,12.0,4.0,9.0,0.0,0.0,26.0,False
PN-102312,35,OXYGEN,AIRBUS,A330-200,KRİTİK DEĞİL,YOK,Satınalma,26.0,6,1.5,1.33,7.7,0.9,1.0,2.0,4.0,2.0,4.0,0.0,0.0,26.0,False
PN-100729,56,WINDOWS,AIRBUS,A321neo,KRİTİK DEĞİL,VAR,Yurtiçi tamir,14.0,8,2.0,2.96,23.4,0.9,2.0,2.0,4.0,3.0,9.0,0.0,0.0,26.0,False
PN-101145,34,NAVIGATION,BOEING,737-800,KRİTİK DEĞİL,YOK,Satınalma,38.0,2,0.42,0.56,0.9,0.9,1.0,2.0,3.0,2.0,3.0,0.0,0.0,26.0,False
PN-100772,21,AIR CONDITIONING,BOEING,737-800,KRİTİK DEĞİL,YOK,Yurtdışı tamir,33.0,26,6.5,0.56,14.1,0.9,2.0,5.0,12.0,4.0,8.0,0.154,2.2,26.0,False
PN-102306,29,HYDRAULIC POWER,AIRBUS,A321neo,KRİTİK DEĞİL,VAR,Yurtiçi tamir,13.0,9,2.25,2.96,26.0,0.9,2.0,2.0,5.0,3.0,10.0,0.222,5.8,26.0,False
PN-104780,76,ENGINE CONTROLS,BOEING,737-800,KRİTİK DEĞİL,YOK,Satınalma,28.0,51,12.75,0.56,27.5,0.9,2.0,7.0,20.0,5.0,12.0,0.039,1.1,26.0,False
PN-104435,79,OIL,BOEING,737-800,KRİTİK DEĞİL,YOK,Satınalma,35.0,16,4.0,0.56,8.7,0.9,2.0,4.0,8.0,3.0,6.0,0.125,1.1,26.0,False
PN-104009,24,ELECTRICAL POWER,AIRBUS,A330-300,KRİTİK,VAR,Yurtiçi tamir,15.0,11,2.75,1.11,12.0,0.95,2.0,3.0,6.0,3.0,6.0,0.091,1.1,26.0,False
PN-100222,71,POWER PLANT,AIRBUS,A321-200,KRİTİK DEĞİL,YOK,Satınalma,34.0,17,4.25,0.69,11.4,0.9,2.0,4.0,9.0,4.0,7.0,0.235,2.7,26.0,False
PN-100219,77,ENGINE INDICATING,AIRBUS,A330-300,KRİTİK DEĞİL,YOK,Satınalma,29.0,15,3.75,1.11,16.5,0.9,2.0,4.0,8.0,4.0,9.0,0.4,6.6,26.0,False
PN-100445,56,WINDOWS,AIRBUS,A321neo,KRİTİK DEĞİL,VAR,Yurtiçi tamir,14.0,8,2.0,2.96,23.4,0.9,2.0,2.0,4.0,3.0,9.0,0.25,5.8,26.0,False
PN-102679,30,ICE & RAIN PROTECTION,AIRBUS,A330-200,KRİTİK DEĞİL,YOK,Satınalma,27.0,5,1.13,1.33,5.8,0.9,1.0,2.0,4.0,2.0,4.0,0.0,0.0,26.0,False
PN-104305,73,ENGINE FUEL AND CONTROL,BOEING,737-900ER,KRİTİK DEĞİL,YOK,Satınalma,29.0,26,6.5,1.0,25.4,0.9,2.0,5.0,12.0,5.0,12.0,0.192,4.9,26.0,False
PN-103043,35,OXYGEN,AIRBUS,A330-300,KRİTİK DEĞİL,YOK,Yurtdışı tamir,30.0,13,3.25,1.11,13.9,0.9,2.0,4.0,8.0,4.0,8.0,0.077,1.1,26.0,False
PN-104882,34,NAVIGATION,BOEING,777-F,KRİTİK DEĞİL,VAR,Yurtiçi tamir,22.0,12,3.64,2.5,35.8,0.9,2.0,3.0,7.0,5.0,14.0,0.417,14.9,25.9,False
PN-104881,80,STARTING,AIRBUS,A321-200,KRİTİK DEĞİL,YOK,Yurtdışı tamir,34.0,16,4.0,0.69,10.8,0.9,2.0,4.0,8.0,4.0,7.0,0.062,0.7,25.9,False
PN-104849,77,ENGINE INDICATING,AIRBUS,A320-200,KRİTİK DEĞİL,YOK,Satınalma,37.0,5,1.12,0.64,2.8,0.9,1.0,2.0,4.0,2.0,3.0,0.2,0.6,25.9,False
PN-102185,28,FUEL,AIRBUS,A321-200,KRİTİK DEĞİL,YOK,Satınalma,37.0,1,0.85,0.69,2.3,0.9,1.0,2.0,3.0,2.0,3.0,0.0,0.0,25.9,False
PN-102387,80,STARTING,BOEING,737-800,KRİTİK DEĞİL,YOK,Satınalma,34.0,19,4.75,0.56,10.4,0.9,2.0,4.0,9.0,3.0,6.0,0.105,1.1,25.9,False
PN-102388,79,OIL,AIRBUS,A321-200,KRİTİK DEĞİL,YOK,Satınalma,34.0,15,3.75,0.69,10.1,0.9,2.0,4.0,8.0,3.0,6.0,0.267,2.7,25.9,False
PN-100382,79,OIL,AIRBUS,A330-300,KRİTİK DEĞİL,YOK,Satınalma,22.0,32,8.0,1.11,34.8,0.9,2.0,4.0,12.0,5.0,14.0,0.125,4.4,25.9,False
PN-104320,56,WINDOWS,BOEING,737-800,KRİTİK,VAR,Yurtiçi tamir,18.0,20,5.0,0.56,11.1,0.95,2.0,3.0,8.0,3.0,6.0,0.25,2.8,25.9,False
PN-103478,31,INDICATING / RECORDING SYSTEMS,AIRBUS,A320-200,KRİTİK DEĞİL,YOK,Satınalma,36.0,9,2.25,0.64,5.5,0.9,1.0,3.0,6.0,2.0,4.0,0.222,1.2,25.9,False
PN-101758,36,PNEUMATIC,BOEING,777-F,KRİTİK DEĞİL,VAR,Yurtiçi tamir,9.0,29,7.25,2.5,71.0,0.9,2.0,3.0,11.0,4.0,22.0,0.034,2.4,25.9,False
PN-100789,21,AIR CONDITIONING,AIRBUS,A321neo,KRİTİK DEĞİL,VAR,Yurtiçi tamir,8.0,13,3.25,2.96,37.8,0.9,2.0,2.0,6.0,3.0,13.0,0.077,2.9,25.8,False
PN-102437,56,WINDOWS,BOEING,737-800,KRİTİK DEĞİL,YOK,Satınalma,35.0,13,3.25,0.56,7.0,0.9,2.0,4.0,8.0,3.0,5.0,0.0,0.0,25.8,False
PN-103476,36,PNEUMATIC,BOEING,737-800,KRİTİK DEĞİL,YOK,Satınalma,37.0,2,0.42,0.56,0.9,0.9,1.0,2.0,3.0,2.0,3.0,0.0,0.0,25.8,False
PN-100309,23,COMMUNICATIONS,AIRBUS,A320-200,KRİTİK DEĞİL,YOK,Yurtdışı tamir,36.0,7,1.75,0.64,4.4,0.9,1.0,3.0,5.0,2.0,4.0,0.286,1.2,25.8,False
PN-104172,35,OXYGEN,AIRBUS,A330-200,KRİTİK DEĞİL,YOK,Yurtdışı tamir,25.0,8,1.7,1.33,8.8,0.9,1.0,2.0,4.0,2.0,5.0,0.125,1.1,25.8,False
PN-103305,27,FLIGHT CONTROLS,BOEING,737-800,KRİTİK DEĞİL,YOK,Yurtdışı tamir,36.0,8,2.0,0.56,4.3,0.9,1.0,3.0,5.0,2.0,4.0,0.25,1.1,25.8,False
PN-101467,30,ICE & RAIN PROTECTION,AIRBUS,A320-200,KRİTİK DEĞİL,YOK,Yurtdışı tamir,36.0,5,1.68,0.64,4.3,0.9,1.0,3.0,5.0,2.0,4.0,0.0,0.0,25.8,False
PN-102283,73,ENGINE FUEL AND CONTROL,AIRBUS,A330-300,KRİTİK DEĞİL,YOK,Satınalma,29.0,14,3.23,1.11,14.1,0.9,2.0,4.0,8.0,4.0,8.0,0.071,1.0,25.8,False
PN-102644,32,LANDING GEAR,AIRBUS,A321-200,KRİTİK DEĞİL,YOK,Yurtdışı tamir,37.0,3,0.65,0.69,1.7,0.9,1.0,2.0,3.0,2.0,3.0,0.0,0.0,25.8,False
PN-104028,56,WINDOWS,AIRBUS,A330-200,KRİTİK DEĞİL,YOK,Yurtdışı tamir,25.0,7,1.55,1.33,8.1,0.9,1.0,2.0,4.0,2.0,5.0,0.0,0.0,25.8,False
PN-101938,79,OIL,AIRBUS,A321-200,KRİTİK DEĞİL,YOK,Yurtdışı tamir,31.0,26,6.5,0.69,17.5,0.9,2.0,5.0,12.0,4.0,9.0,0.231,4.0,25.8,False
PN-100696,71,POWER PLANT,AIRBUS,A330-300,KRİTİK DEĞİL,YOK,Yurtdışı tamir,34.0,1,0.21,1.11,0.9,0.9,1.0,2.0,3.0,2.0,3.0,0.0,0.0,25.8,False
PN-101929,79,OIL,AIRBUS,A319-100,KRİTİK DEĞİL,YOK,Yurtdışı tamir,35.0,13,3.25,0.56,7.0,0.9,2.0,4.0,8.0,3.0,5.0,0.0,0.0,25.8,False
PN-101880,31,INDICATING / RECORDING SYSTEMS,AIRBUS,A330-200,KRİTİK,VAR,Yurtiçi tamir,7.0,11,2.75,1.33,14.5,0.95,1.0,2.0,5.0,2.0,6.0,0.091,1.3,25.8,False
PN-101825,77,ENGINE INDICATING,AIRBUS,A330-300,KRİTİK DEĞİL,YOK,Satınalma,28.0,16,4.0,1.11,17.3,0.9,2.0,4.0,8.0,4.0,9.0,0.0,0.0,25.8,False
PN-100008,26,FIRE PROTECTION,AIRBUS,A330-200,KRİTİK DEĞİL,YOK,Satınalma,23.0,11,2.75,1.33,14.4,0.9,2.0,3.0,6.0,3.0,7.0,0.091,1.3,25.8,False
PN-103099,28,FUEL,AIRBUS,A321neo,KRİTİK DEĞİL,VAR,Yurtiçi tamir,7.0,14,3.5,2.96,40.4,0.9,2.0,2.0,6.0,3.0,14.0,0.071,2.9,25.8,False
PN-101116,80,STARTING,AIRBUS,A321-200,KRİTİK DEĞİL,YOK,Yurtdışı tamir,33.0,18,4.5,0.69,12.5,0.9,2.0,4.0,9.0,4.0,8.0,0.167,2.1,25.8,False
PN-102029,29,HYDRAULIC POWER,AIRBUS,A330-300,KRİTİK DEĞİL,YOK,Yurtdışı tamir,28.0,16,4.0,1.11,17.6,0.9,2.0,4.0,8.0,4.0,9.0,0.125,2.2,25.8,False
PN-102040,28,FUEL,AIRBUS,A319-100,KRİTİK DEĞİL,YOK,Yurtdışı tamir,36.0,9,1.77,0.56,3.8,0.9,1.0,3.0,5.0,2.0,3.0,0.0,0.0,25.8,False
PN-102073,29,HYDRAULIC POWER,AIRBUS,A321-200,KRİTİK,VAR,Yurtiçi tamir,14.0,31,7.75,0.69,21.3,0.95,2.0,4.0,12.0,3.0,9.0,0.097,2.1,25.8,False
PN-104834,80,STARTING,AIRBUS,A321-200,KRİTİK DEĞİL,YOK,Satınalma,35.0,10,2.5,0.69,6.8,0.9,2.0,3.0,6.0,3.0,5.0,0.3,2.0,25.8,False
PN-102646,36,PNEUMATIC,BOEING,777-300ER,KRİTİK DEĞİL,YOK,Satınalma,13.0,10,2.5,1.67,16.0,0.9,1.0,2.0,5.0,2.0,6.0,0.0,0.0,25.8,False
PN-103462,76,ENGINE CONTROLS,AIRBUS,A330-200,KRİTİK,VAR,Yurtiçi tamir,12.0,1,0.28,1.33,1.5,0.95,1.0,2.0,3.0,2.0,3.0,0.0,0.0,25.8,False
PN-103133,23,COMMUNICATIONS,AIRBUS,A320-200,KRİTİK DEĞİL,YOK,Satınalma,33.0,18,4.5,0.64,11.3,0.9,2.0,4.0,9.0,4.0,7.0,0.056,0.6,25.7,False
PN-101940,25,EQUIPMENT / FURNISHINGS,AIRBUS,A319-100,KRİTİK DEĞİL,YOK,Satınalma,36.0,7,1.29,0.56,2.8,0.9,1.0,2.0,4.0,2.0,3.0,0.286,0.8,25.7,False
PN-101675,80,STARTING,AIRBUS,A330-300,KRİTİK,VAR,Yurtiçi tamir,8.0,26,6.5,1.11,28.3,0.95,2.0,3.0,10.0,3.0,11.0,0.038,1.1,25.7,False
PN-100641,77,ENGINE INDICATING,AIRBUS,A320-200,KRİTİK DEĞİL,YOK,Satınalma,36.0,4,1.05,0.64,2.6,0.9,1.0,2.0,4.0,2.0,3.0,0.0,0.0,25.7,False
PN-104925,23,COMMUNICATIONS,AIRBUS,A320-200,KRİTİK DEĞİL,YOK,Yurtdışı tamir,36.0,5,0.99,0.64,2.5,0.9,1.0,2.0,3.0,2.0,3.0,0.0,0.0,25.7,False
PN-103435,49,AIRBORNE AUXILIARY POWER (APU),AIRBUS,A330-300,KRİTİK,VAR,Yurtiçi tamir,13.0,13,3.25,1.11,14.0,0.95,2.0,3.0,7.0,3.0,7.0,0.077,1.1,25.7,False
PN-104100,23,COMMUNICATIONS,AIRBUS,A319-100,KRİTİK DEĞİL,YOK,Yurtdışı tamir,32.0,26,6.5,0.56,14.1,0.9,2.0,5.0,12.0,4.0,8.0,0.038,0.5,25.7,False
PN-101002,36,PNEUMATIC,AIRBUS,A319-100,KRİTİK DEĞİL,YOK,Satınalma,37.0,0,0.0,0.56,0.0,0.9,0.0,0.0,0.0,0.0,0.0,0.0,0.0,25.7,False
PN-104149,31,INDICATING / RECORDING SYSTEMS,AIRBUS,A321-200,KRİTİK DEĞİL,YOK,Yurtdışı tamir,36.0,5,1.1,0.69,2.9,0.9,1.0,2.0,4.0,2.0,3.0,0.0,0.0,25.7,False
PN-103441,21,AIR CONDITIONING,AIRBUS,A330-300,KRİTİK,VAR,Yurtiçi tamir,13.0,13,3.25,1.11,13.9,0.95,2.0,3.0,7.0,3.0,7.0,0.077,1.1,25.7,False
PN-102744,26,FIRE PROTECTION,AIRBUS,A321neo,KRİTİK DEĞİL,VAR,Yurtiçi tamir,17.0,4,1.1,2.96,12.6,0.9,1.0,2.0,4.0,2.0,6.0,0.0,0.0,25.7,False
PN-104271,35,OXYGEN,AIRBUS,A330-300,KRİTİK DEĞİL,YOK,Satınalma,34.0,0,0.0,1.11,0.0,0.9,0.0,0.0,0.0,0.0,0.0,0.0,0.0,25.7,False
PN-102581,34,NAVIGATION,AIRBUS,A330-300,KRİTİK DEĞİL,YOK,Satınalma,30.0,10,2.5,1.11,10.9,0.9,2.0,3.0,6.0,3.0,6.0,0.2,2.2,25.7,False
PN-104359,80,STARTING,AIRBUS,A320-200,KRİTİK,VAR,Yurtiçi tamir,20.0,7,1.75,0.64,4.4,0.95,1.0,3.0,5.0,2.0,4.0,0.571,2.5,25.7,False
PN-104196,36,PNEUMATIC,AIRBUS,A321-200,KRİTİK,VAR,Yurtiçi tamir,12.0,38,9.5,0.69,25.7,0.95,2.0,4.0,14.0,3.0,10.0,0.053,1.4,25.7,False
PN-101612,56,WINDOWS,BOEING,737-900ER,KRİTİK DEĞİL,YOK,Yurtdışı tamir,34.0,9,2.25,1.0,8.7,0.9,2.0,3.0,6.0,3.0,6.0,0.111,1.0,25.7,False
PN-104900,29,HYDRAULIC POWER,AIRBUS,A330-200,KRİTİK,VAR,Yurtiçi tamir,5.0,14,3.5,1.33,18.4,0.95,1.0,2.0,6.0,2.0,7.0,0.0,0.0,25.6,False
PN-101919,35,OXYGEN,AIRBUS,A330-200,KRİTİK DEĞİL,YOK,Satınalma,22.0,11,2.75,1.33,14.4,0.9,2.0,3.0,6.0,3.0,7.0,0.273,3.9,25.6,False
PN-102035,74,IGNITION,AIRBUS,A320-200,KRİTİK DEĞİL,YOK,Yurtdışı tamir,30.0,29,7.25,0.64,18.2,0.9,2.0,5.0,13.0,4.0,9.0,0.069,1.3,25.6,False
PN-101223,56,WINDOWS,AIRBUS,A321neo,KRİTİK DEĞİL,VAR,Yurtiçi tamir,5.0,15,3.75,2.96,43.1,0.9,1.0,2.0,6.0,2.0,13.0,0.0,0.0,25.6,False
PN-104674,74,IGNITION,AIRBUS,A321-200,KRİTİK,VAR,Yurtiçi tamir,19.0,8,2.0,0.69,5.5,0.95,1.0,3.0,5.0,2.0,4.0,0.25,1.4,25.6,False
PN-102831,73,ENGINE FUEL AND CONTROL,BOEING,737-800,KRİTİK DEĞİL,YOK,Satınalma,35.0,8,2.0,0.56,4.3,0.9,1.0,3.0,5.0,2.0,4.0,0.0,0.0,25.6,False
PN-103469,76,ENGINE CONTROLS,BOEING,737-900ER,KRİTİK DEĞİL,YOK,Satınalma,29.0,21,5.25,1.0,20.3,0.9,2.0,4.0,10.0,4.0,10.0,0.143,2.9,25.6,False
PN-100270,28,FUEL,AIRBUS,A320-200,KRİTİK DEĞİL,YOK,Yurtdışı tamir,34.0,12,3.0,0.64,7.5,0.9,2.0,4.0,7.0,3.0,5.0,0.0,0.0,25.6,False
PN-100381,79,OIL,AIRBUS,A320-200,KRİTİK DEĞİL,YOK,Yurtdışı tamir,35.0,8,2.0,0.64,5.0,0.9,1.0,3.0,5.0,2.0,4.0,0.25,1.2,25.6,False
PN-102319,73,ENGINE FUEL AND CONTROL,AIRBUS,A330-300,KRİTİK DEĞİL,YOK,Yurtdışı tamir,24.0,24,6.0,1.11,26.0,0.9,2.0,4.0,10.0,4.0,11.0,0.083,2.2,25.6,False
PN-100316,71,POWER PLANT,AIRBUS,A321-200,KRİTİK DEĞİL,YOK,Satınalma,36.0,2,0.65,0.69,1.8,0.9,1.0,2.0,3.0,2.0,3.0,0.0,0.0,25.6,False
PN-100315,56,WINDOWS,AIRBUS,A330-300,KRİTİK DEĞİL,YOK,Yurtdışı tamir,27.0,17,4.25,1.11,18.3,0.9,2.0,4.0,9.0,4.0,9.0,0.176,3.2,25.6,False
PN-100389,24,ELECTRICAL POWER,AIRBUS,A320-200,KRİTİK DEĞİL,YOK,Satınalma,32.0,20,5.0,0.64,12.7,0.9,2.0,4.0,9.0,4.0,8.0,0.1,1.3,25.6,False
PN-101623,21,AIR CONDITIONING,AIRBUS,A321-200,KRİTİK DEĞİL,YOK,Yurtdışı tamir,23.0,54,13.5,0.69,37.0,0.9,2.0,7.0,21.0,5.0,15.0,0.056,2.1,25.6,False
PN-102419,31,INDICATING / RECORDING SYSTEMS,AIRBUS,A321neo,KRİTİK DEĞİL,VAR,Yurtiçi tamir,8.0,12,3.0,2.96,34.9,0.9,2.0,2.0,5.0,3.0,12.0,0.167,5.8,25.6,False
PN-104687,28,FUEL,AIRBUS,A321-200,KRİTİK DEĞİL,YOK,Yurtdışı tamir,36.0,3,0.85,0.69,2.3,0.9,1.0,2.0,3.0,2.0,3.0,0.0,0.0,25.6,False
PN-104369,35,OXYGEN,AIRBUS,A330-300,KRİTİK DEĞİL,YOK,Satınalma,33.0,1,0.28,1.11,1.3,0.9,1.0,2.0,3.0,2.0,3.0,0.0,0.0,25.6,False
PN-100746,35,OXYGEN,AIRBUS,A321-200,KRİTİK DEĞİL,YOK,Satınalma,36.0,3,0.55,0.69,1.5,0.9,1.0,2.0,3.0,2.0,3.0,0.333,0.5,25.6,False
PN-103802,73,ENGINE FUEL AND CONTROL,AIRBUS,A330-200,KRİTİK DEĞİL,YOK,Satınalma,26.0,4,0.69,1.33,3.5,0.9,1.0,2.0,3.0,2.0,3.0,0.0,0.0,25.6,False
PN-104355,74,IGNITION,AIRBUS,A321-200,KRİTİK DEĞİL,YOK,Yurtdışı tamir,34.0,11,2.75,0.69,7.5,0.9,2.0,4.0,7.0,3.0,5.0,0.273,2.1,25.6,False
PN-101866,23,COMMUNICATIONS,AIRBUS,A321neo,KRİTİK DEĞİL,VAR,Yurtiçi tamir,10.0,10,2.5,2.96,28.9,0.9,2.0,2.0,5.0,3.0,11.0,0.2,5.8,25.5,False
PN-100074,56,WINDOWS,AIRBUS,A330-300,KRİTİK DEĞİL,YOK,Satınalma,30.0,8,2.0,1.11,8.8,0.9,2.0,3.0,5.0,3.0,6.0,0.125,1.1,25.5,False
PN-103210,79,OIL,BOEING,737-900ER,KRİTİK DEĞİL,YOK,Yurtdışı tamir,27.0,26,6.5,1.0,25.3,0.9,2.0,4.0,11.0,4.0,11.0,0.154,3.9,25.5,False
PN-102024,22,AUTO FLIGHT,BOEING,737-800,KRİTİK DEĞİL,YOK,Satınalma,34.0,11,2.75,0.56,6.1,0.9,1.0,4.0,7.0,2.0,4.0,0.091,0.6,25.5,False
PN-102902,76,ENGINE CONTROLS,AIRBUS,A321-200,KRİTİK,VAR,Yurtiçi tamir,20.0,3,0.6,0.69,1.6,0.95,1.0,2.0,3.0,2.0,3.0,0.0,0.0,25.5,False
PN-100101,26,FIRE PROTECTION,BOEING,737-800,KRİTİK DEĞİL,YOK,Yurtdışı tamir,34.0,11,2.75,0.56,6.0,0.9,1.0,4.0,7.0,2.0,4.0,0.0,0.0,25.5,False
PN-104284,24,ELECTRICAL POWER,BOEING,737-800,KRİTİK DEĞİL,YOK,Yurtdışı tamir,35.0,7,1.64,0.56,3.5,0.9,1.0,3.0,5.0,2.0,3.0,0.286,1.0,25.5,False
PN-100876,36,PNEUMATIC,AIRBUS,A319-100,KRİTİK DEĞİL,YOK,Yurtdışı tamir,25.0,56,14.0,0.56,30.6,0.9,2.0,7.0,21.0,5.0,13.0,0.143,4.4,25.5,False
PN-100925,79,OIL,AIRBUS,A330-200,KRİTİK,VAR,Yurtiçi tamir,10.0,3,0.7,1.33,3.9,0.95,1.0,2.0,3.0,2.0,3.0,0.0,0.0,25.5,False
PN-102219,26,FIRE PROTECTION,AIRBUS,A320-200,KRİTİK DEĞİL,YOK,Satınalma,34.0,10,2.49,0.64,6.3,0.9,1.0,3.0,6.0,2.0,4.0,0.2,1.3,25.5,False
PN-103639,52,DOORS,AIRBUS,A321neo,KRİTİK DEĞİL,VAR,Yurtiçi tamir,10.0,3,2.55,2.96,29.0,0.9,2.0,2.0,5.0,3.0,11.0,0.0,0.0,25.5,False
PN-102348,26,FIRE PROTECTION,AIRBUS,A320-200,KRİTİK DEĞİL,YOK,Satınalma,35.0,5,1.36,0.64,3.3,0.9,1.0,2.0,4.0,2.0,3.0,0.0,0.0,25.5,False
PN-103791,25,EQUIPMENT / FURNISHINGS,BOEING,777-300ER,KRİTİK DEĞİL,YOK,Satınalma,11.0,11,2.75,1.67,17.7,0.9,1.0,2.0,5.0,2.0,7.0,0.0,0.0,25.5,False
PN-101685,35,OXYGEN,BOEING,737-900ER,KRİTİK DEĞİL,YOK,Yurtdışı tamir,34.0,4,1.7,1.0,6.8,0.9,2.0,3.0,5.0,3.0,5.0,0.0,0.0,25.5,False
PN-100363,77,ENGINE INDICATING,AIRBUS,A320-200,KRİTİK DEĞİL,YOK,Yurtdışı tamir,33.0,15,3.75,0.64,9.4,0.9,2.0,4.0,8.0,3.0,6.0,0.133,1.3,25.5,False
PN-101711,34,NAVIGATION,AIRBUS,A321-200,KRİTİK DEĞİL,YOK,Satınalma,30.0,24,6.0,0.69,16.5,0.9,2.0,4.0,10.0,4.0,9.0,0.0,0.0,25.5,False
PN-100158,35,OXYGEN,AIRBUS,A320-200,KRİTİK DEĞİL,YOK,Yurtdışı tamir,34.0,8,2.0,0.64,5.1,0.9,1.0,3.0,5.0,2.0,4.0,0.0,0.0,25.4,False
PN-102483,29,HYDRAULIC POWER,AIRBUS,A320-200,KRİTİK,VAR,Yurtiçi tamir,14.0,27,6.75,0.64,17.0,0.95,2.0,4.0,11.0,3.0,8.0,0.148,2.5,25.4,False
PN-101228,25,EQUIPMENT / FURNISHINGS,BOEING,737-800,KRİTİK,VAR,Yurtiçi tamir,14.0,30,7.5,0.56,16.5,0.95,2.0,4.0,12.0,3.0,8.0,0.067,1.1,25.4,False
PN-102974,21,AIR CONDITIONING,BOEING,737-800,KRİTİK DEĞİL,YOK,Satınalma,34.0,8,2.53,0.56,5.5,0.9,1.0,3.0,6.0,2.0,4.0,0.125,0.7,25.4,False
PN-102931,56,WINDOWS,AIRBUS,A321neo,KRİTİK DEĞİL,VAR,Yurtiçi tamir,11.0,9,2.25,2.96,25.6,0.9,2.0,2.0,5.0,3.0,10.0,0.222,5.7,25.4,False
PN-103903,21,AIR CONDITIONING,AIRBUS,A330-200,KRİTİK,VAR,Yurtiçi tamir,8.0,6,1.5,1.33,7.8,0.95,1.0,2.0,4.0,2.0,4.0,0.0,0.0,25.4,False
PN-102005,24,ELECTRICAL POWER,AIRBUS,A321-200,KRİTİK,VAR,Yurtiçi tamir,12.0,33,8.25,0.69,22.7,0.95,2.0,4.0,13.0,3.0,9.0,0.303,6.9,25.4,False
PN-104875,56,WINDOWS,AIRBUS,A320-200,KRİTİK DEĞİL,YOK,Satınalma,30.0,25,6.25,0.64,15.7,0.9,2.0,5.0,12.0,4.0,8.0,0.04,0.6,25.4,False
PN-101651,21,AIR CONDITIONING,AIRBUS,A330-200,KRİTİK,VAR,Yurtiçi tamir,6.0,10,2.5,1.33,13.2,0.95,1.0,2.0,5.0,2.0,6.0,0.0,0.0,25.4,False
PN-103134,71,POWER PLANT,AIRBUS,A320-200,KRİTİK,VAR,Yurtiçi tamir,14.0,27,6.75,0.64,16.7,0.95,2.0,4.0,11.0,3.0,8.0,0.111,1.9,25.4,False
PN-100620,32,LANDING GEAR,AIRBUS,A320-200,KRİTİK,VAR,Yurtiçi tamir,19.0,5,1.25,0.64,3.1,0.95,1.0,2.0,4.0,2.0,3.0,0.0,0.0,25.4,False
PN-103975,71,POWER PLANT,AIRBUS,A319-100,KRİTİK,VAR,Yurtiçi tamir,5.0,75,18.75,0.56,41.0,0.95,2.0,4.0,23.0,3.0,14.0,0.053,2.2,25.4,False
PN-104851,71,POWER PLANT,AIRBUS,A320-200,KRİTİK DEĞİL,YOK,Yurtdışı tamir,31.0,17,5.24,0.64,13.3,0.9,2.0,4.0,10.0,4.0,8.0,0.059,0.8,25.4,False
PN-104932,77,ENGINE INDICATING,BOEING,737-800,KRİTİK DEĞİL,YOK,Satınalma,32.0,20,5.0,0.56,11.0,0.9,2.0,4.0,9.0,3.0,6.0,0.25,2.8,25.4,False
PN-102657,28,FUEL,AIRBUS,A330-300,KRİTİK DEĞİL,YOK,Satınalma,28.0,14,3.01,1.11,13.4,0.9,2.0,3.0,7.0,4.0,8.0,0.143,1.9,25.4,False
PN-104290,22,AUTO FLIGHT,AIRBUS,A321-200,KRİTİK DEĞİL,YOK,Yurtdışı tamir,35.0,1,0.85,0.69,2.3,0.9,1.0,2.0,3.0,2.0,3.0,0.0,0.0,25.4,False
PN-100936,25,EQUIPMENT / FURNISHINGS,AIRBUS,A321-200,KRİTİK DEĞİL,YOK,Yurtdışı tamir,35.0,4,0.85,0.69,2.3,0.9,1.0,2.0,3.0,2.0,3.0,0.25,0.6,25.4,False
PN-104566,71,POWER PLANT,BOEING,737-800,KRİTİK DEĞİL,YOK,Satınalma,35.0,4,1.0,0.56,2.2,0.9,1.0,2.0,3.0,2.0,3.0,0.25,0.6,25.4,False
PN-102911,23,COMMUNICATIONS,BOEING,737-900ER,KRİTİK DEĞİL,YOK,Satınalma,31.0,13,3.25,1.0,12.8,0.9,2.0,4.0,8.0,4.0,8.0,0.231,2.9,25.4,False
PN-102527,79,OIL,AIRBUS,A321-200,KRİTİK DEĞİL,YOK,Satınalma,36.0,0,0.0,0.69,0.0,0.9,0.0,0.0,0.0,0.0,0.0,0.0,0.0,25.4,False
PN-100774,76,ENGINE CONTROLS,BOEING,737-800,KRİTİK DEĞİL,YOK,Satınalma,35.0,5,1.25,0.56,2.7,0.9,1.0,2.0,4.0,2.0,3.0,0.4,1.1,25.4,False
PN-101582,35,OXYGEN,BOEING,737-800,KRİTİK DEĞİL,YOK,Satınalma,29.0,34,8.5,0.56,18.5,0.9,2.0,6.0,15.0,4.0,9.0,0.147,2.7,25.4,False
PN-100171,23,COMMUNICATIONS,AIRBUS,A321neo,KRİTİK DEĞİL,VAR,Yurtiçi tamir,3.0,16,4.0,2.96,46.5,0.9,1.0,2.0,6.0,2.0,14.0,0.25,11.6,25.4,False
PN-102377,24,ELECTRICAL POWER,BOEING,737-800,KRİTİK DEĞİL,YOK,Yurtdışı tamir,32.0,20,5.0,0.56,10.7,0.9,2.0,4.0,9.0,3.0,6.0,0.15,1.6,25.4,False
PN-104631,28,FUEL,BOEING,737-800,KRİTİK DEĞİL,YOK,Satınalma,26.0,48,12.0,0.56,26.0,0.9,2.0,7.0,19.0,4.0,11.0,0.104,2.7,25.3,False
PN-104818,35,OXYGEN,AIRBUS,A321neo,KRİTİK DEĞİL,VAR,Yurtiçi tamir,16.0,4,0.91,2.96,10.9,0.9,1.0,2.0,3.0,2.0,5.0,0.0,0.0,25.3,False
PN-103785,36,PNEUMATIC,AIRBUS,A330-300,KRİTİK,VAR,Yurtiçi tamir,7.0,24,6.0,1.11,26.3,0.95,2.0,3.0,9.0,3.0,10.0,0.125,3.3,25.3,False
PN-104606,27,FLIGHT CONTROLS,BOEING,737-800,KRİTİK DEĞİL,YOK,Satınalma,33.0,12,3.0,0.56,6.6,0.9,1.0,4.0,7.0,2.0,4.0,0.0,0.0,25.3,False
PN-101289,52,DOORS,BOEING,737-800,KRİTİK DEĞİL,YOK,Yurtdışı tamir,31.0,23,5.75,0.56,12.5,0.9,2.0,4.0,10.0,4.0,8.0,0.043,0.5,25.3,False
PN-102501,23,COMMUNICATIONS,BOEING,737-800,KRİTİK DEĞİL,YOK,Satınalma,32.0,17,4.25,0.56,9.3,0.9,2.0,4.0,9.0,3.0,6.0,0.059,0.5,25.3,False
PN-100852,80,STARTING,AIRBUS,A319-100,KRİTİK DEĞİL,YOK,Satınalma,35.0,3,0.57,0.56,1.2,0.9,1.0,2.0,3.0,2.0,3.0,0.0,0.0,25.3,False
PN-104324,80,STARTING,AIRBUS,A330-300,KRİTİK DEĞİL,YOK,Yurtdışı tamir,24.0,21,5.25,1.11,22.7,0.9,2.0,4.0,10.0,4.0,10.0,0.143,3.2,25.3,False
PN-102474,23,COMMUNICATIONS,AIRBUS,A330-300,KRİTİK DEĞİL,YOK,Satınalma,26.0,16,4.0,1.11,17.2,0.9,2.0,4.0,8.0,4.0,9.0,0.0,0.0,25.3,False
PN-102624,77,ENGINE INDICATING,AIRBUS,A330-300,KRİTİK DEĞİL,YOK,Yurtdışı tamir,31.0,1,0.85,1.11,3.6,0.9,1.0,2.0,3.0,2.0,3.0,0.0,0.0,25.3,False
PN-101688,79,OIL,AIRBUS,A320-200,KRİTİK DEĞİL,YOK,Satınalma,35.0,3,0.65,0.64,1.6,0.9,1.0,2.0,3.0,2.0,3.0,0.0,0.0,25.3,False
PN-101871,26,FIRE PROTECTION,AIRBUS,A320-200,KRİTİK DEĞİL,YOK,Satınalma,33.0,11,2.75,0.64,6.9,0.9,2.0,3.0,6.0,3.0,5.0,0.273,1.9,25.3,False
PN-101966,30,ICE & RAIN PROTECTION,AIRBUS,A320-200,KRİTİK DEĞİL,YOK,Satınalma,35.0,3,0.46,0.64,1.1,0.9,1.0,2.0,3.0,2.0,3.0,0.333,0.4,25.3,False
PN-100869,22,AUTO FLIGHT,AIRBUS,A321neo,KRİTİK DEĞİL,VAR,Yurtiçi tamir,9.0,10,2.5,2.96,29.3,0.9,2.0,2.0,5.0,3.0,11.0,0.4,11.7,25.3,False
PN-104724,28,FUEL,BOEING,737-800,KRİTİK DEĞİL,YOK,Satınalma,32.0,17,4.25,0.56,9.3,0.9,2.0,4.0,9.0,3.0,6.0,0.0,0.0,25.3,False
PN-103672,49,AIRBORNE AUXILIARY POWER (APU),AIRBUS,A321-200,KRİTİK DEĞİL,YOK,Satınalma,31.0,18,4.5,0.69,12.4,0.9,2.0,4.0,9.0,4.0,8.0,0.056,0.7,25.3,False
PN-101826,23,COMMUNICATIONS,AIRBUS,A319-100,KRİTİK DEĞİL,YOK,Yurtdışı tamir,31.0,20,5.0,0.56,10.8,0.9,2.0,4.0,9.0,3.0,6.0,0.0,0.0,25.2,False
PN-101378,35,OXYGEN,AIRBUS,A319-100,KRİTİK DEĞİL,YOK,Satınalma,34.0,5,1.19,0.56,2.6,0.9,1.0,2.0,4.0,2.0,3.0,0.0,0.0,25.2,False
PN-103328,31,INDICATING / RECORDING SYSTEMS,AIRBUS,A330-200,KRİTİK DEĞİL,YOK,Satınalma,20.0,12,3.0,1.33,15.5,0.9,2.0,3.0,6.0,3.0,7.0,0.333,5.2,25.2,False
PN-100291,27,FLIGHT CONTROLS,AIRBUS,A320-200,KRİTİK DEĞİL,YOK,Yurtdışı tamir,33.0,9,2.25,0.64,5.6,0.9,1.0,3.0,6.0,2.0,4.0,0.0,0.0,25.2,False
PN-100216,23,COMMUNICATIONS,AIRBUS,A330-200,KRİTİK,VAR,Yurtiçi tamir,7.0,6,1.54,1.33,8.1,0.95,1.0,2.0,4.0,2.0,5.0,0.167,1.3,25.2,False
PN-100793,74,IGNITION,AIRBUS,A330-200,KRİTİK DEĞİL,YOK,Satınalma,26.0,0,0.0,1.33,0.0,0.9,0.0,0.0,0.0,0.0,0.0,0.0,0.0,25.2,False
PN-102528,23,COMMUNICATIONS,AIRBUS,A330-300,KRİTİK DEĞİL,YOK,Yurtdışı tamir,23.0,22,5.5,1.11,24.0,0.9,2.0,4.0,10.0,4.0,10.0,0.045,1.1,25.2,False
PN-102825,74,IGNITION,AIRBUS,A320-200,KRİTİK DEĞİL,YOK,Yurtdışı tamir,31.0,18,4.5,0.64,11.3,0.9,2.0,4.0,9.0,3.0,6.0,0.111,1.3,25.2,False
PN-103140,34,NAVIGATION,AIRBUS,A321-200,KRİTİK,VAR,Yurtiçi tamir,18.0,6,1.43,0.69,3.9,0.95,1.0,2.0,4.0,2.0,3.0,0.0,0.0,25.2,False
PN-102093,26,FIRE PROTECTION,AIRBUS,A320neo,KRİTİK DEĞİL,VAR,Yurtiçi tamir,8.0,23,5.75,2.59,59.2,0.9,2.0,2.0,8.0,4.0,19.0,0.0,0.0,25.2,False
PN-101842,74,IGNITION,AIRBUS,A330-300,KRİTİK DEĞİL,YOK,Satınalma,14.0,44,11.0,1.11,48.1,0.9,2.0,4.0,15.0,4.0,17.0,0.25,12.0,25.2,False
PN-103143,36,PNEUMATIC,AIRBUS,A321-200,KRİTİK DEĞİL,YOK,Yurtdışı tamir,27.0,31,7.75,0.69,21.0,0.9,2.0,5.0,13.0,4.0,10.0,0.226,4.7,25.1,False
PN-102460,29,HYDRAULIC POWER,AIRBUS,A320-200,KRİTİK,VAR,Yurtiçi tamir,12.0,30,7.5,0.64,18.9,0.95,2.0,3.0,11.0,3.0,8.0,0.033,0.6,25.1,False
PN-100247,31,INDICATING / RECORDING SYSTEMS,AIRBUS,A320-200,KRİTİK DEĞİL,YOK,Satınalma,33.0,8,1.97,0.64,4.9,0.9,1.0,3.0,5.0,2.0,4.0,0.375,1.8,25.1,False
PN-102439,22,AUTO FLIGHT,AIRBUS,A320-200,KRİTİK DEĞİL,YOK,Yurtdışı tamir,34.0,5,0.99,0.64,2.5,0.9,1.0,2.0,3.0,2.0,3.0,0.2,0.5,25.1,False
PN-100762,79,OIL,AIRBUS,A320-200,KRİTİK DEĞİL,YOK,Satınalma,26.0,38,9.5,0.64,23.6,0.9,2.0,6.0,16.0,4.0,10.0,0.079,1.9,25.1,False
PN-104462,49,AIRBORNE AUXILIARY POWER (APU),AIRBUS,A330-300,KRİTİK,VAR,Yurtiçi tamir,10.0,15,3.75,1.11,16.3,0.95,2.0,3.0,7.0,3.0,8.0,0.067,1.1,25.1,False
PN-101534,74,IGNITION,AIRBUS,A320-200,KRİTİK DEĞİL,YOK,Yurtdışı tamir,30.0,20,5.0,0.64,12.6,0.9,2.0,4.0,9.0,4.0,8.0,0.0,0.0,25.1,False
PN-102117,36,PNEUMATIC,AIRBUS,A330-300,KRİTİK DEĞİL,YOK,Yurtdışı tamir,30.0,5,0.99,1.11,4.3,0.9,1.0,2.0,3.0,2.0,4.0,0.0,0.0,25.1,False
PN-101671,36,PNEUMATIC,BOEING,737-800,KRİTİK DEĞİL,YOK,Yurtdışı tamir,34.0,4,0.74,0.56,1.6,0.9,1.0,2.0,3.0,2.0,3.0,0.25,0.4,25.1,False
PN-100063,80,STARTING,AIRBUS,A330-200,KRİTİK,VAR,Yurtiçi tamir,6.0,7,1.95,1.33,10.1,0.95,1.0,2.0,4.0,2.0,5.0,0.0,0.0,25.1,False
PN-102104,76,ENGINE CONTROLS,BOEING,737-800,KRİTİK DEĞİL,YOK,Yurtdışı tamir,31.0,18,4.5,0.56,9.7,0.9,2.0,4.0,9.0,3.0,6.0,0.0,0.0,25.1,False
PN-104827,35,OXYGEN,AIRBUS,A321neo,KRİTİK DEĞİL,VAR,Yurtiçi tamir,15.0,4,1.0,2.96,11.6,0.9,1.0,2.0,3.0,2.0,5.0,0.25,2.9,25.1,False
PN-102275,32,LANDING GEAR,AIRBUS,A320-200,KRİTİK DEĞİL,YOK,Satınalma,32.0,12,3.0,0.64,7.5,0.9,2.0,4.0,7.0,3.0,5.0,0.083,0.6,25.1,False
PN-102132,35,OXYGEN,AIRBUS,A321-200,KRİTİK,VAR,Yurtiçi tamir,17.0,8,2.12,0.69,5.9,0.95,1.0,3.0,6.0,2.0,4.0,0.125,0.7,25.1,False
PN-101961,80,STARTING,AIRBUS,A321neo,KRİTİK DEĞİL,VAR,Yurtiçi tamir,9.0,9,2.25,2.96,26.4,0.9,2.0,2.0,5.0,3.0,10.0,0.333,8.8,25.0,False
PN-100566,26,FIRE PROTECTION,AIRBUS,A321neo,KRİTİK DEĞİL,VAR,Yurtiçi tamir,7.0,11,2.75,2.96,31.3,0.9,1.0,2.0,5.0,2.0,10.0,0.091,2.8,25.0,False
PN-100662,21,AIR CONDITIONING,AIRBUS,A320-200,KRİTİK DEĞİL,YOK,Satınalma,33.0,5,1.39,0.64,3.4,0.9,1.0,2.0,4.0,2.0,3.0,0.0,0.0,25.0,False
PN-102103,24,ELECTRICAL POWER,BOEING,737-800,KRİTİK,VAR,Yurtiçi tamir,12.0,32,8.0,0.56,17.5,0.95,2.0,4.0,12.0,3.0,8.0,0.156,2.7,25.0,False
PN-104066,76,ENGINE CONTROLS,AIRBUS,A330-300,KRİTİK DEĞİL,YOK,Satınalma,24.0,18,4.5,1.11,19.5,0.9,2.0,4.0,9.0,4.0,9.0,0.0,0.0,25.0,False
PN-103081,74,IGNITION,AIRBUS,A321-200,KRİTİK DEĞİL,YOK,Satınalma,33.0,5,1.25,0.69,3.5,0.9,1.0,2.0,4.0,2.0,3.0,0.0,0.0,25.0,False
PN-103100,30,ICE & RAIN PROTECTION,AIRBUS,A330-200,KRİTİK DEĞİL,YOK,Yurtdışı tamir,24.0,2,0.65,1.33,3.3,0.9,1.0,2.0,3.0,2.0,3.0,0.0,0.0,25.0,False
PN-104455,22,AUTO FLIGHT,AIRBUS,A321neo,KRİTİK DEĞİL,VAR,Yurtiçi tamir,5.0,13,3.25,2.96,37.2,0.9,1.0,2.0,6.0,2.0,12.0,0.077,2.9,25.0,False
PN-103804,21,AIR CONDITIONING,BOEING,737-800,KRİTİK,VAR,Yurtiçi tamir,17.0,8,2.0,0.56,4.3,0.95,1.0,3.0,5.0,2.0,4.0,0.0,0.0,25.0,False
PN-104772,25,EQUIPMENT / FURNISHINGS,AIRBUS,A319-100,KRİTİK DEĞİL,YOK,Satınalma,33.0,7,1.47,0.56,3.2,0.9,1.0,2.0,4.0,2.0,3.0,0.0,0.0,25.0,False
PN-101499,74,IGNITION,AIRBUS,A320-200,KRİTİK,VAR,Yurtiçi tamir,7.0,49,12.25,0.64,31.2,0.95,2.0,3.0,16.0,3.0,11.0,0.163,5.1,25.0,False
PN-102417,27,FLIGHT CONTROLS,BOEING,737-800,KRİTİK DEĞİL,YOK,Yurtdışı tamir,34.0,2,0.42,0.56,0.9,0.9,1.0,2.0,3.0,2.0,3.0,0.5,0.5,25.0,False
PN-103628,74,IGNITION,AIRBUS,A330-200,KRİTİK,VAR,Yurtiçi tamir,5.0,9,2.25,1.33,11.6,0.95,1.0,2.0,5.0,2.0,5.0,0.222,2.6,25.0,False
PN-104463,56,WINDOWS,AIRBUS,A321-200,KRİTİK DEĞİL,YOK,Yurtdışı tamir,31.0,13,3.25,0.69,9.0,0.9,2.0,4.0,8.0,3.0,6.0,0.231,2.1,25.0,False
PN-103562,31,INDICATING / RECORDING SYSTEMS,AIRBUS,A320-200,KRİTİK,VAR,Yurtiçi tamir,7.0,50,12.5,0.64,31.0,0.95,2.0,3.0,16.0,3.0,11.0,0.04,1.2,25.0,False
PN-104239,27,FLIGHT CONTROLS,AIRBUS,A321-200,KRİTİK,VAR,Yurtiçi tamir,18.0,4,0.71,0.69,2.0,0.95,1.0,2.0,3.0,2.0,3.0,0.0,0.0,25.0,False
PN-104666,28,FUEL,BOEING,737-800,KRİTİK,VAR,Yurtiçi tamir,12.0,34,8.5,0.56,18.5,0.95,2.0,4.0,13.0,3.0,8.0,0.118,2.2,25.0,False
PN-100930,35,OXYGEN,AIRBUS,A330-300,KRİTİK DEĞİL,YOK,Yurtdışı tamir,30.0,3,0.65,1.11,2.9,0.9,1.0,2.0,3.0,2.0,3.0,0.0,0.0,25.0,False
PN-103389,56,WINDOWS,AIRBUS,A320-200,KRİTİK DEĞİL,YOK,Satınalma,30.0,19,4.75,0.64,11.9,0.9,2.0,4.0,9.0,3.0,6.0,0.105,1.3,25.0,False
PN-101765,79,OIL,AIRBUS,A330-200,KRİTİK,VAR,Yurtiçi tamir,6.0,6,1.54,1.33,7.9,0.95,1.0,2.0,4.0,2.0,4.0,0.0,0.0,24.9,False
PN-101913,73,ENGINE FUEL AND CONTROL,AIRBUS,A320-200,KRİTİK DEĞİL,YOK,Satınalma,32.0,9,2.25,0.64,5.7,0.9,1.0,3.0,6.0,2.0,4.0,0.222,1.3,24.9,False
PN-102910,23,COMMUNICATIONS,AIRBUS,A320neo,KRİTİK DEĞİL,VAR,Yurtiçi tamir,10.0,20,5.0,2.59,50.3,0.9,2.0,2.0,7.0,4.0,17.0,0.0,0.0,24.9,False
PN-102495,26,FIRE PROTECTION,AIRBUS,A320neo,KRİTİK DEĞİL,VAR,Yurtiçi tamir,27.0,3,0.46,2.59,4.7,0.9,1.0,2.0,3.0,2.0,4.0,0.0,0.0,24.9,False
PN-100383,27,FLIGHT CONTROLS,AIRBUS,A321-200,KRİTİK DEĞİL,YOK,Satınalma,31.0,11,2.75,0.69,7.6,0.9,2.0,3.0,6.0,3.0,5.0,0.0,0.0,24.9,False
PN-104576,23,COMMUNICATIONS,AIRBUS,A320neo,KRİTİK DEĞİL,VAR,Yurtiçi tamir,23.0,7,1.49,2.59,15.4,0.9,2.0,2.0,4.0,3.0,7.0,0.143,2.2,24.9,False
PN-102600,76,ENGINE CONTROLS,AIRBUS,A330-300,KRİTİK,VAR,Yurtiçi tamir,14.0,1,0.85,1.11,3.6,0.95,1.0,2.0,3.0,2.0,3.0,0.0,0.0,24.9,False
PN-100780,76,ENGINE CONTROLS,BOEING,737-800,KRİTİK DEĞİL,YOK,Satınalma,32.0,8,2.34,0.56,5.1,0.9,1.0,3.0,6.0,2.0,4.0,0.0,0.0,24.9,False
PN-103234,36,PNEUMATIC,AIRBUS,A320-200,KRİTİK DEĞİL,YOK,Yurtdışı tamir,33.0,5,0.97,0.64,2.5,0.9,1.0,2.0,3.0,2.0,3.0,0.0,0.0,24.9,False
PN-104774,28,FUEL,BOEING,737-800,KRİTİK DEĞİL,YOK,Yurtdışı tamir,33.0,4,1.1,0.56,2.4,0.9,1.0,2.0,4.0,2.0,3.0,0.25,0.6,24.9,False
PN-104856,74,IGNITION,BOEING,737-800,KRİTİK DEĞİL,YOK,Yurtdışı tamir,33.0,4,1.27,0.56,2.8,0.9,1.0,2.0,4.0,2.0,3.0,0.5,1.4,24.9,False
PN-103340,36,PNEUMATIC,AIRBUS,A321-200,KRİTİK,VAR,Yurtiçi tamir,10.0,33,8.25,0.69,22.7,0.95,2.0,3.0,12.0,3.0,9.0,0.091,2.1,24.9,False
PN-100963,26,FIRE PROTECTION,AIRBUS,A321-200,KRİTİK DEĞİL,YOK,Satınalma,31.0,11,2.75,0.69,7.5,0.9,2.0,3.0,6.0,3.0,5.0,0.0,0.0,24.9,False
PN-103240,26,FIRE PROTECTION,BOEING,737-800,KRİTİK DEĞİL,YOK,Satınalma,33.0,5,1.06,0.56,2.3,0.9,1.0,2.0,4.0,2.0,3.0,0.4,0.9,24.9,False
PN-101982,22,AUTO FLIGHT,BOEING,737-900ER,KRİTİK,VAR,Yurtiçi tamir,6.0,34,8.5,1.0,33.1,0.95,2.0,3.0,12.0,3.0,12.0,0.088,2.9,24.9,False
PN-101521,71,POWER PLANT,AIRBUS,A320neo,KRİTİK DEĞİL,VAR,Yurtiçi tamir,5.0,25,6.25,2.59,64.0,0.9,2.0,2.0,9.0,3.0,19.0,0.2,12.8,24.9,False
PN-101238,28,FUEL,BOEING,737-900ER,KRİTİK,VAR,Yurtiçi tamir,7.0,31,7.75,1.0,30.4,0.95,2.0,3.0,11.0,3.0,11.0,0.129,3.9,24.9,False
PN-103021,24,ELECTRICAL POWER,AIRBUS,A320neo,KRİTİK DEĞİL,VAR,Yurtiçi tamir,21.0,8,2.0,2.59,20.3,0.9,2.0,2.0,4.0,4.0,10.0,0.0,0.0,24.9,False
PN-104461,29,HYDRAULIC POWER,AIRBUS,A320-200,KRİTİK,VAR,Yurtiçi tamir,12.0,27,6.75,0.64,17.0,0.95,2.0,3.0,10.0,3.0,8.0,0.148,2.5,24.9,False
PN-100375,23,COMMUNICATIONS,AIRBUS,A320neo,KRİTİK DEĞİL,VAR,Yurtiçi tamir,10.0,19,4.75,2.59,48.9,0.9,2.0,2.0,7.0,4.0,17.0,0.105,5.1,24.8,False
PN-102407,71,POWER PLANT,AIRBUS,A320-200,KRİTİK DEĞİL,YOK,Satınalma,33.0,2,0.65,0.64,1.7,0.9,1.0,2.0,3.0,2.0,3.0,0.0,0.0,24.8,False
PN-104884,21,AIR CONDITIONING,AIRBUS,A320-200,KRİTİK,VAR,Yurtiçi tamir,17.0,1,0.85,0.64,2.1,0.95,1.0,2.0,3.0,2.0,3.0,0.0,0.0,24.8,False
PN-104118,26,FIRE PROTECTION,AIRBUS,A320neo,KRİTİK DEĞİL,VAR,Yurtiçi tamir,18.0,11,2.75,2.59,27.9,0.9,2.0,2.0,5.0,4.0,11.0,0.091,2.5,24.8,False
PN-102509,24,ELECTRICAL POWER,AIRBUS,A321neo,KRİTİK DEĞİL,VAR,Yurtiçi tamir,6.0,11,2.75,2.96,32.5,0.9,1.0,2.0,5.0,2.0,11.0,0.091,3.0,24.8,False
PN-102466,28,FUEL,AIRBUS,A321-200,KRİTİK DEĞİL,YOK,Satınalma,31.0,10,2.5,0.69,6.8,0.9,1.0,3.0,6.0,2.0,4.0,0.1,0.7,24.8,False
PN-100068,22,AUTO FLIGHT,BOEING,737-800,KRİTİK DEĞİL,YOK,Yurtdışı tamir,32.0,6,1.96,0.56,4.3,0.9,1.0,3.0,5.0,2.0,4.0,0.167,0.7,24.8,False
PN-100639,79,OIL,AIRBUS,A321-200,KRİTİK DEĞİL,YOK,Satınalma,32.0,6,1.5,0.69,4.0,0.9,1.0,2.0,4.0,2.0,3.0,0.167,0.7,24.8,False
PN-100105,73,ENGINE FUEL AND CONTROL,AIRBUS,A320-200,KRİTİK,VAR,Yurtiçi tamir,14.0,17,4.25,0.64,10.5,0.95,2.0,3.0,8.0,3.0,6.0,0.059,0.6,24.8,False
PN-104782,29,HYDRAULIC POWER,AIRBUS,A320-200,KRİTİK,VAR,Yurtiçi tamir,14.0,17,4.25,0.64,10.5,0.95,2.0,3.0,8.0,3.0,6.0,0.118,1.2,24.8,False
PN-102706,71,POWER PLANT,AIRBUS,A319-100,KRİTİK DEĞİL,YOK,Satınalma,30.0,18,4.5,0.56,9.8,0.9,2.0,4.0,9.0,3.0,6.0,0.0,0.0,24.8,False
PN-102449,25,EQUIPMENT / FURNISHINGS,BOEING,737-800,KRİTİK DEĞİL,YOK,Satınalma,29.0,22,5.5,0.56,12.0,0.9,2.0,4.0,10.0,3.0,6.0,0.091,1.1,24.8,False
PN-101122,27,FLIGHT CONTROLS,AIRBUS,A321neo,KRİTİK DEĞİL,VAR,Yurtiçi tamir,13.0,8,1.17,2.96,13.4,0.9,1.0,2.0,4.0,2.0,6.0,0.0,0.0,24.8,False
PN-103438,79,OIL,BOEING,737-800,KRİTİK DEĞİL,YOK,Yurtdışı tamir,33.0,4,0.8,0.56,1.7,0.9,1.0,2.0,3.0,2.0,3.0,0.25,0.4,24.8,False
PN-101115,34,NAVIGATION,BOEING,737-800,KRİTİK,VAR,Yurtiçi tamir,15.0,15,3.75,0.56,8.1,0.95,1.0,3.0,7.0,2.0,5.0,0.067,0.5,24.8,False
PN-102130,71,POWER PLANT,AIRBUS,A320neo,KRİTİK DEĞİL,VAR,Yurtiçi tamir,8.0,22,5.5,2.59,55.1,0.9,2.0,2.0,8.0,4.0,18.0,0.045,2.5,24.8,False
PN-102494,31,INDICATING / RECORDING SYSTEMS,AIRBUS,A330-300,KRİTİK DEĞİL,YOK,Satınalma,30.0,1,0.28,1.11,1.2,0.9,1.0,2.0,3.0,2.0,3.0,0.0,0.0,24.8,False
PN-103199,27,FLIGHT CONTROLS,AIRBUS,A319-100,KRİTİK DEĞİL,YOK,Satınalma,33.0,3,0.72,0.56,1.5,0.9,1.0,2.0,3.0,2.0,3.0,0.0,0.0,24.8,False
PN-100090,32,LANDING GEAR,BOEING,737-900ER,KRİTİK,VAR,Yurtiçi tamir,10.0,21,5.25,1.0,20.8,0.95,2.0,3.0,9.0,3.0,9.0,0.095,2.0,24.8,False
PN-104425,76,ENGINE CONTROLS,AIRBUS,A320-200,KRİTİK DEĞİL,YOK,Satınalma,22.0,50,12.5,0.64,31.4,0.9,2.0,7.0,20.0,4.0,12.0,0.1,3.1,24.8,False
PN-104372,26,FIRE PROTECTION,AIRBUS,A321neo,KRİTİK DEĞİL,VAR,Yurtiçi tamir,6.0,11,2.75,2.96,32.5,0.9,1.0,2.0,5.0,2.0,11.0,0.0,0.0,24.8,False
PN-103380,74,IGNITION,AIRBUS,A321-200,KRİTİK DEĞİL,YOK,Yurtdışı tamir,30.0,14,3.5,0.69,9.5,0.9,2.0,4.0,8.0,3.0,6.0,0.286,2.7,24.8,False
PN-102286,77,ENGINE INDICATING,AIRBUS,A321-200,KRİTİK DEĞİL,YOK,Satınalma,25.0,34,8.5,0.69,23.2,0.9,2.0,5.0,14.0,4.0,10.0,0.118,2.7,24.8,False
PN-104371,25,EQUIPMENT / FURNISHINGS,AIRBUS,A330-300,KRİTİK DEĞİL,YOK,Yurtdışı tamir,28.0,6,1.5,1.11,6.6,0.9,1.0,2.0,4.0,2.0,4.0,0.0,0.0,24.8,False
PN-100371,56,WINDOWS,AIRBUS,A321neo,KRİTİK DEĞİL,VAR,Yurtiçi tamir,5.0,12,3.0,2.96,34.9,0.9,1.0,2.0,5.0,2.0,11.0,0.333,11.6,24.8,False
PN-103344,35,OXYGEN,AIRBUS,A321neo,KRİTİK DEĞİL,VAR,Yurtiçi tamir,9.0,8,2.0,2.96,23.2,0.9,1.0,2.0,4.0,2.0,8.0,0.0,0.0,24.7,False
PN-100672,52,DOORS,BOEING,737-800,KRİTİK DEĞİL,YOK,Yurtdışı tamir,32.0,5,1.25,0.56,2.7,0.9,1.0,2.0,4.0,2.0,3.0,0.0,0.0,24.7,False
PN-102658,56,WINDOWS,AIRBUS,A321neo,KRİTİK DEĞİL,VAR,Yurtiçi tamir,14.0,2,0.85,2.96,9.7,0.9,1.0,2.0,3.0,2.0,5.0,0.0,0.0,24.7,False
PN-102330,22,AUTO FLIGHT,AIRBUS,A330-300,KRİTİK DEĞİL,YOK,Yurtdışı tamir,29.0,4,0.74,1.11,3.3,0.9,1.0,2.0,3.0,2.0,3.0,0.0,0.0,24.7,False
PN-102976,34,NAVIGATION,AIRBUS,A320neo,KRİTİK DEĞİL,VAR,Yurtiçi tamir,7.0,22,5.5,2.59,56.4,0.9,2.0,2.0,8.0,4.0,19.0,0.0,0.0,24.7,False
PN-103898,28,FUEL,AIRBUS,A330-300,KRİTİK DEĞİL,YOK,Satınalma,27.0,8,1.96,1.11,8.6,0.9,2.0,2.0,4.0,3.0,6.0,0.25,2.1,24.7,False
PN-104727,77,ENGINE INDICATING,AIRBUS,A321-200,KRİTİK DEĞİL,YOK,Yurtdışı tamir,30.0,12,3.0,0.69,8.2,0.9,2.0,3.0,6.0,3.0,6.0,0.083,0.7,24.7,False
PN-102664,26,FIRE PROTECTION,BOEING,737-800,KRİTİK DEĞİL,YOK,Satınalma,32.0,6,1.43,0.56,3.1,0.9,1.0,2.0,4.0,2.0,3.0,0.0,0.0,24.7,False
PN-101632,23,COMMUNICATIONS,AIRBUS,A321neo,KRİTİK DEĞİL,VAR,Yurtiçi tamir,10.0,8,1.82,2.96,20.9,0.9,1.0,2.0,4.0,2.0,8.0,0.25,5.2,24.7,False
PN-100354,80,STARTING,BOEING,737-800,KRİTİK,VAR,Yurtiçi tamir,7.0,52,13.0,0.56,27.9,0.95,2.0,3.0,16.0,3.0,10.0,0.058,1.6,24.7,False
PN-102972,49,AIRBORNE AUXILIARY POWER (APU),BOEING,777-F,KRİTİK DEĞİL,VAR,Yurtiçi tamir,9.0,24,6.0,2.5,58.3,0.9,2.0,2.0,8.0,4.0,19.0,0.167,9.7,24.7,False
PN-102515,74,IGNITION,AIRBUS,A321-200,KRİTİK DEĞİL,YOK,Yurtdışı tamir,31.0,8,2.0,0.69,5.5,0.9,1.0,3.0,5.0,2.0,4.0,0.125,0.7,24.7,False
PN-100931,71,POWER PLANT,AIRBUS,A330-300,KRİTİK,VAR,Yurtiçi tamir,10.0,13,2.7,1.11,11.6,0.95,1.0,2.0,5.0,2.0,5.0,0.0,0.0,24.7,False
PN-101480,24,ELECTRICAL POWER,AIRBUS,A320-200,KRİTİK DEĞİL,YOK,Satınalma,19.0,60,15.0,0.64,38.2,0.9,2.0,7.0,22.0,4.0,14.0,0.067,2.5,24.7,False
PN-101805,22,AUTO FLIGHT,AIRBUS,A320-200,KRİTİK DEĞİL,YOK,Yurtdışı tamir,28.0,21,5.25,0.64,13.1,0.9,2.0,4.0,10.0,4.0,8.0,0.048,0.6,24.6,False
PN-102158,74,IGNITION,AIRBUS,A330-300,KRİTİK DEĞİL,YOK,Satınalma,20.0,24,6.0,1.11,25.8,0.9,2.0,4.0,10.0,4.0,11.0,0.125,3.2,24.6,False
PN-100621,34,NAVIGATION,AIRBUS,A321-200,KRİTİK DEĞİL,YOK,Satınalma,31.0,8,1.6,0.69,4.3,0.9,1.0,2.0,4.0,2.0,4.0,0.0,0.0,24.6,False
PN-103735,26,FIRE PROTECTION,AIRBUS,A320-200,KRİTİK DEĞİL,YOK,Yurtdışı tamir,32.0,1,0.85,0.64,2.1,0.9,1.0,2.0,3.0,2.0,3.0,0.0,0.0,24.6,False
PN-100464,21,AIR CONDITIONING,AIRBUS,A320neo,KRİTİK DEĞİL,VAR,Yurtiçi tamir,7.0,22,5.5,2.59,55.5,0.9,2.0,2.0,8.0,4.0,18.0,0.091,5.0,24.6,False
PN-102344,49,AIRBORNE AUXILIARY POWER (APU),AIRBUS,A321-200,KRİTİK DEĞİL,YOK,Yurtdışı tamir,26.0,27,6.75,0.69,18.5,0.9,2.0,4.0,11.0,4.0,9.0,0.0,0.0,24.6,False
PN-100313,28,FUEL,AIRBUS,A319-100,KRİTİK,VAR,Yurtiçi tamir,15.0,10,2.5,0.56,5.4,0.95,1.0,3.0,6.0,2.0,4.0,0.1,0.5,24.6,False
PN-102606,35,OXYGEN,AIRBUS,A320-200,KRİTİK DEĞİL,YOK,Yurtdışı tamir,22.0,46,11.5,0.64,29.2,0.9,2.0,6.0,18.0,4.0,12.0,0.109,3.2,24.6,False
PN-102978,28,FUEL,AIRBUS,A330-300,KRİTİK,VAR,Yurtiçi tamir,11.0,7,1.75,1.11,7.6,0.95,1.0,2.0,4.0,2.0,4.0,0.143,1.1,24.6,False
PN-100200,30,ICE & RAIN PROTECTION,BOEING,737-800,KRİTİK DEĞİL,YOK,Yurtdışı tamir,31.0,9,2.25,0.56,5.0,0.9,1.0,3.0,6.0,2.0,4.0,0.0,0.0,24.6,False
PN-104637,34,NAVIGATION,AIRBUS,A320neo,KRİTİK DEĞİL,VAR,Yurtiçi tamir,3.0,26,6.5,2.59,66.0,0.9,1.0,2.0,9.0,2.0,19.0,0.231,15.2,24.6,False
PN-103459,31,INDICATING / RECORDING SYSTEMS,AIRBUS,A321-200,KRİTİK DEĞİL,YOK,Yurtdışı tamir,29.0,15,3.75,0.69,10.2,0.9,2.0,4.0,8.0,3.0,6.0,0.267,2.7,24.6,False
PN-102612,25,EQUIPMENT / FURNISHINGS,BOEING,737-800,KRİTİK DEĞİL,YOK,Satınalma,29.0,18,4.5,0.56,9.8,0.9,2.0,4.0,9.0,3.0,6.0,0.056,0.5,24.6,False
PN-104560,34,NAVIGATION,AIRBUS,A320-200,KRİTİK DEĞİL,YOK,Satınalma,24.0,38,9.5,0.64,23.7,0.9,2.0,6.0,16.0,4.0,10.0,0.079,1.9,24.6,False
PN-103050,74,IGNITION,AIRBUS,A321-200,KRİTİK DEĞİL,YOK,Yurtdışı tamir,23.0,39,9.75,0.69,26.9,0.9,2.0,6.0,16.0,4.0,11.0,0.179,4.8,24.6,False
PN-103023,26,FIRE PROTECTION,BOEING,737-800,KRİTİK DEĞİL,YOK,Satınalma,31.0,9,2.25,0.56,5.0,0.9,1.0,3.0,6.0,2.0,4.0,0.0,0.0,24.6,False
PN-103024,30,ICE & RAIN PROTECTION,AIRBUS,A321-200,KRİTİK DEĞİL,YOK,Yurtdışı tamir,32.0,2,0.85,0.69,2.3,0.9,1.0,2.0,3.0,2.0,3.0,0.0,0.0,24.6,False
PN-101561,27,FLIGHT CONTROLS,BOEING,737-800,KRİTİK DEĞİL,YOK,Satınalma,28.0,24,6.0,0.56,12.9,0.9,2.0,4.0,10.0,3.0,7.0,0.042,0.5,24.6,False
PN-102935,26,FIRE PROTECTION,AIRBUS,A320-200,KRİTİK DEĞİL,YOK,Yurtdışı tamir,32.0,4,0.91,0.64,2.2,0.9,1.0,2.0,3.0,2.0,3.0,0.0,0.0,24.6,False
PN-101052,35,OXYGEN,AIRBUS,A321-200,KRİTİK DEĞİL,YOK,Satınalma,31.0,2,1.7,0.69,4.7,0.9,1.0,2.0,4.0,2.0,4.0,0.0,0.0,24.6,False
PN-103551,35,OXYGEN,AIRBUS,A330-300,KRİTİK DEĞİL,YOK,Satınalma,22.0,19,4.75,1.11,20.8,0.9,2.0,4.0,9.0,4.0,10.0,0.053,1.1,24.6,False
PN-102721,56,WINDOWS,AIRBUS,A330-300,KRİTİK,VAR,Yurtiçi tamir,13.0,3,0.65,1.11,2.9,0.95,1.0,2.0,3.0,2.0,3.0,0.0,0.0,24.6,False
PN-102777,77,ENGINE INDICATING,BOEING,737-800,KRİTİK DEĞİL,YOK,Satınalma,30.0,14,3.5,0.56,7.5,0.9,2.0,4.0,8.0,3.0,5.0,0.357,2.7,24.6,False
PN-102170,21,AIR CONDITIONING,AIRBUS,A320-200,KRİTİK,VAR,Yurtiçi tamir,9.0,33,8.25,0.64,20.7,0.95,2.0,3.0,12.0,3.0,9.0,0.121,2.5,24.5,False
PN-102722,23,COMMUNICATIONS,AIRBUS,A320-200,KRİTİK DEĞİL,YOK,Satınalma,30.0,11,2.75,0.64,6.9,0.9,1.0,3.0,6.0,2.0,4.0,0.091,0.6,24.5,False
PN-104730,77,ENGINE INDICATING,AIRBUS,A321-200,KRİTİK DEĞİL,YOK,Yurtdışı tamir,27.0,21,5.25,0.69,14.3,0.9,2.0,4.0,10.0,4.0,8.0,0.048,0.7,24.5,False
PN-104945,71,POWER PLANT,BOEING,737-800,KRİTİK DEĞİL,YOK,Satınalma,29.0,17,4.0,0.56,8.7,0.9,2.0,4.0,9.0,3.0,6.0,0.176,1.5,24.5,False
PN-104960,30,ICE & RAIN PROTECTION,AIRBUS,A321neo,KRİTİK DEĞİL,VAR,Yurtiçi tamir,7.0,9,2.25,2.96,26.6,0.9,1.0,2.0,5.0,2.0,9.0,0.111,3.0,24.5,False
PN-104807,77,ENGINE INDICATING,BOEING,737-900ER,KRİTİK,VAR,Yurtiçi tamir,10.0,18,4.5,1.0,17.6,0.95,2.0,3.0,8.0,3.0,8.0,0.167,2.9,24.5,False
PN-102740,25,EQUIPMENT / FURNISHINGS,AIRBUS,A320-200,KRİTİK DEĞİL,YOK,Yurtdışı tamir,30.0,11,2.75,0.64,6.9,0.9,1.0,3.0,6.0,2.0,4.0,0.0,0.0,24.5,False
PN-100588,74,IGNITION,AIRBUS,A330-300,KRİTİK DEĞİL,YOK,Yurtdışı tamir,28.0,3,0.7,1.11,3.1,0.9,1.0,2.0,3.0,2.0,3.0,0.0,0.0,24.5,False
PN-102958,35,OXYGEN,AIRBUS,A320neo,KRİTİK DEĞİL,VAR,Yurtiçi tamir,8.0,20,5.0,2.59,51.7,0.9,2.0,2.0,7.0,4.0,17.0,0.05,2.6,24.5,False
PN-104442,56,WINDOWS,AIRBUS,A330-300,KRİTİK,VAR,Yurtiçi tamir,13.0,1,0.28,1.11,1.2,0.95,1.0,2.0,3.0,2.0,3.0,0.0,0.0,24.5,False
PN-103667,25,EQUIPMENT / FURNISHINGS,AIRBUS,A321neo,KRİTİK DEĞİL,VAR,Yurtiçi tamir,7.0,9,2.25,2.96,26.2,0.9,1.0,2.0,5.0,2.0,9.0,0.333,8.7,24.5,False
PN-100295,35,OXYGEN,AIRBUS,A330-300,KRİTİK DEĞİL,YOK,Yurtdışı tamir,25.0,10,2.5,1.11,11.1,0.9,2.0,3.0,6.0,3.0,6.0,0.0,0.0,24.5,False
PN-103745,80,STARTING,AIRBUS,A320-200,KRİTİK DEĞİL,YOK,Satınalma,32.0,3,0.46,0.64,1.2,0.9,1.0,2.0,3.0,2.0,3.0,0.0,0.0,24.5,False
PN-104657,36,PNEUMATIC,BOEING,777-F,KRİTİK DEĞİL,VAR,Yurtiçi tamir,9.0,23,5.75,2.5,55.7,0.9,2.0,2.0,8.0,4.0,18.0,0.391,21.8,24.5,False
PN-104653,26,FIRE PROTECTION,AIRBUS,A330-300,KRİTİK DEĞİL,YOK,Satınalma,26.0,8,2.0,1.11,8.7,0.9,2.0,2.0,4.0,3.0,6.0,0.0,0.0,24.5,False
PN-100886,22,AUTO FLIGHT,AIRBUS,A330-300,KRİTİK DEĞİL,YOK,Yurtdışı tamir,26.0,7,1.88,1.11,8.5,0.9,1.0,2.0,4.0,2.0,5.0,0.143,1.2,24.5,False
PN-103239,22,AUTO FLIGHT,AIRBUS,A321-200,KRİTİK DEĞİL,YOK,Yurtdışı tamir,30.0,10,2.5,0.69,6.8,0.9,1.0,3.0,6.0,2.0,4.0,0.1,0.7,24.5,False
PN-104872,22,AUTO FLIGHT,AIRBUS,A330-200,KRİTİK,VAR,Yurtiçi tamir,6.0,5,0.81,1.33,4.1,0.95,1.0,2.0,3.0,2.0,4.0,0.0,0.0,24.5,False
PN-104659,34,NAVIGATION,AIRBUS,A320-200,KRİTİK DEĞİL,YOK,Yurtdışı tamir,31.0,9,1.66,0.64,4.3,0.9,1.0,2.0,4.0,2.0,4.0,0.0,0.0,24.5,False
PN-104673,76,ENGINE CONTROLS,BOEING,737-800,KRİTİK DEĞİL,YOK,Yurtdışı tamir,32.0,2,0.5,0.56,1.1,0.9,1.0,2.0,3.0,2.0,3.0,0.0,0.0,24.5,False
PN-103457,21,AIR CONDITIONING,AIRBUS,A320-200,KRİTİK,VAR,Yurtiçi tamir,6.0,46,11.5,0.64,28.7,0.95,2.0,3.0,15.0,3.0,11.0,0.283,8.1,24.5,False
PN-104830,30,ICE & RAIN PROTECTION,AIRBUS,A320neo,KRİTİK DEĞİL,VAR,Yurtiçi tamir,11.0,17,4.25,2.59,42.5,0.9,2.0,2.0,7.0,4.0,15.0,0.118,5.0,24.4,False
PN-102762,30,ICE & RAIN PROTECTION,AIRBUS,A320-200,KRİTİK DEĞİL,YOK,Satınalma,23.0,38,9.5,0.64,24.2,0.9,2.0,5.0,15.0,4.0,11.0,0.053,1.3,24.4,False
PN-103961,76,ENGINE CONTROLS,BOEING,737-800,KRİTİK DEĞİL,YOK,Satınalma,24.0,41,10.25,0.56,22.0,0.9,2.0,6.0,17.0,4.0,10.0,0.146,3.2,24.4,False
PN-100175,34,NAVIGATION,AIRBUS,A330-200,KRİTİK DEĞİL,YOK,Yurtdışı tamir,22.0,2,0.42,1.33,2.2,0.9,1.0,2.0,3.0,2.0,3.0,1.0,2.2,24.4,False
PN-102934,74,IGNITION,BOEING,737-800,KRİTİK DEĞİL,YOK,Yurtdışı tamir,29.0,16,4.0,0.56,8.6,0.9,2.0,4.0,8.0,3.0,6.0,0.25,2.2,24.4,False
PN-100471,73,ENGINE FUEL AND CONTROL,BOEING,737-800,KRİTİK DEĞİL,YOK,Yurtdışı tamir,29.0,15,3.75,0.56,8.1,0.9,2.0,4.0,8.0,3.0,6.0,0.267,2.2,24.4,False
PN-103790,23,COMMUNICATIONS,BOEING,737-800,KRİTİK DEĞİL,YOK,Satınalma,26.0,30,7.5,0.56,16.4,0.9,2.0,5.0,13.0,4.0,9.0,0.1,1.6,24.4,False
PN-104555,26,FIRE PROTECTION,AIRBUS,A321-200,KRİTİK DEĞİL,YOK,Satınalma,29.0,10,2.77,0.69,7.7,0.9,2.0,3.0,6.0,3.0,5.0,0.0,0.0,24.4,False
PN-103737,35,OXYGEN,BOEING,737-800,KRİTİK DEĞİL,YOK,Satınalma,31.0,6,1.14,0.56,2.4,0.9,1.0,2.0,4.0,2.0,3.0,0.167,0.4,24.4,False
PN-103645,35,OXYGEN,BOEING,737-800,KRİTİK,VAR,Yurtiçi tamir,16.0,1,0.28,0.56,0.6,0.95,1.0,2.0,3.0,2.0,3.0,0.0,0.0,24.4,False
PN-103486,29,HYDRAULIC POWER,AIRBUS,A319-100,KRİTİK,VAR,Yurtiçi tamir,15.0,7,1.75,0.56,3.7,0.95,1.0,2.0,4.0,2.0,3.0,0.143,0.5,24.4,False
PN-101988,26,FIRE PROTECTION,AIRBUS,A321-200,KRİTİK DEĞİL,YOK,Yurtdışı tamir,31.0,5,0.99,0.69,2.6,0.9,1.0,2.0,3.0,2.0,3.0,0.0,0.0,24.4,False
PN-103844,77,ENGINE INDICATING,AIRBUS,A321-200,KRİTİK,VAR,Yurtiçi tamir,10.0,25,6.25,0.69,17.0,0.95,2.0,3.0,10.0,3.0,8.0,0.08,1.4,24.4,False
PN-102353,34,NAVIGATION,AIRBUS,A320-200,KRİTİK DEĞİL,YOK,Yurtdışı tamir,26.0,26,6.5,0.64,16.4,0.9,2.0,4.0,11.0,4.0,9.0,0.038,0.6,24.4,False
PN-103242,77,ENGINE INDICATING,BOEING,737-900ER,KRİTİK DEĞİL,YOK,Yurtdışı tamir,28.0,11,2.75,1.0,10.8,0.9,2.0,3.0,6.0,3.0,6.0,0.0,0.0,24.4,False
PN-100959,31,INDICATING / RECORDING SYSTEMS,BOEING,737-900ER,KRİTİK DEĞİL,YOK,Yurtdışı tamir,23.0,25,6.25,1.0,24.4,0.9,2.0,4.0,11.0,4.0,11.0,0.08,2.0,24.4,False
PN-102650,76,ENGINE CONTROLS,BOEING,737-800,KRİTİK DEĞİL,YOK,Satınalma,29.0,16,4.0,0.56,8.6,0.9,2.0,4.0,8.0,3.0,6.0,0.188,1.6,24.4,False
PN-102238,34,NAVIGATION,AIRBUS,A320-200,KRİTİK DEĞİL,YOK,Satınalma,29.0,13,3.25,0.64,8.2,0.9,2.0,4.0,8.0,3.0,6.0,0.0,0.0,24.4,False
PN-101841,23,COMMUNICATIONS,AIRBUS,A320-200,KRİTİK DEĞİL,YOK,Yurtdışı tamir,29.0,13,3.25,0.64,8.2,0.9,2.0,4.0,8.0,3.0,6.0,0.0,0.0,24.4,False
PN-101775,24,ELECTRICAL POWER,AIRBUS,A319-100,KRİTİK,VAR,Yurtiçi tamir,16.0,1,0.42,0.56,1.0,0.95,1.0,2.0,3.0,2.0,3.0,0.0,0.0,24.4,False
PN-104933,74,IGNITION,AIRBUS,A320-200,KRİTİK DEĞİL,YOK,Yurtdışı tamir,31.0,7,1.26,0.64,3.2,0.9,1.0,2.0,4.0,2.0,3.0,0.0,0.0,24.4,False
PN-104523,80,STARTING,AIRBUS,A321neo,KRİTİK DEĞİL,VAR,Yurtiçi tamir,8.0,8,2.0,2.96,22.8,0.9,1.0,2.0,4.0,2.0,8.0,0.0,0.0,24.4,False
PN-104958,77,ENGINE INDICATING,AIRBUS,A320-200,KRİTİK,VAR,Yurtiçi tamir,11.0,23,5.75,0.64,14.2,0.95,2.0,3.0,9.0,3.0,7.0,0.043,0.6,24.4,False
PN-104993,36,PNEUMATIC,AIRBUS,A320-200,KRİTİK DEĞİL,YOK,Satınalma,30.0,9,2.25,0.64,5.6,0.9,1.0,3.0,6.0,2.0,4.0,0.0,0.0,24.4,False
PN-100754,36,PNEUMATIC,AIRBUS,A319-100,KRİTİK,VAR,Yurtiçi tamir,8.0,40,10.0,0.56,22.0,0.95,2.0,3.0,13.0,3.0,9.0,0.125,2.7,24.4,False
PN-104152,77,ENGINE INDICATING,BOEING,737-800,KRİTİK DEĞİL,YOK,Satınalma,31.0,1,0.85,0.56,1.8,0.9,1.0,2.0,3.0,2.0,3.0,0.0,0.0,24.3,False
PN-101259,73,ENGINE FUEL AND CONTROL,AIRBUS,A320-200,KRİTİK DEĞİL,YOK,Satınalma,31.0,3,0.55,0.64,1.4,0.9,1.0,2.0,3.0,2.0,3.0,0.0,0.0,24.3,False
PN-100263,79,OIL,AIRBUS,A321-200,KRİTİK DEĞİL,YOK,Yurtdışı tamir,24.0,31,7.75,0.69,20.7,0.9,2.0,5.0,13.0,4.0,10.0,0.0,0.0,24.3,False
PN-103155,76,ENGINE CONTROLS,AIRBUS,A320neo,KRİTİK DEĞİL,VAR,Yurtiçi tamir,12.0,15,3.75,2.59,38.2,0.9,2.0,2.0,6.0,4.0,14.0,0.0,0.0,24.3,False
PN-103934,25,EQUIPMENT / FURNISHINGS,AIRBUS,A330-300,KRİTİK DEĞİL,YOK,Satınalma,28.0,1,0.42,1.11,1.8,0.9,1.0,2.0,3.0,2.0,3.0,0.0,0.0,24.3,False
PN-101603,29,HYDRAULIC POWER,AIRBUS,A321-200,KRİTİK DEĞİL,YOK,Satınalma,28.0,15,3.75,0.69,10.2,0.9,2.0,4.0,8.0,3.0,6.0,0.467,4.8,24.3,False
PN-100499,32,LANDING GEAR,AIRBUS,A320-200,KRİTİK,VAR,Yurtiçi tamir,13.0,13,3.25,0.64,8.2,0.95,1.0,3.0,7.0,2.0,5.0,0.0,0.0,24.3,False
PN-102471,23,COMMUNICATIONS,AIRBUS,A320-200,KRİTİK,VAR,Yurtiçi tamir,12.0,17,4.25,0.64,10.8,0.95,1.0,3.0,8.0,2.0,5.0,0.176,1.9,24.3,False
PN-101964,74,IGNITION,AIRBUS,A320-200,KRİTİK,VAR,Yurtiçi tamir,14.0,8,1.9,0.64,4.8,0.95,1.0,2.0,4.0,2.0,4.0,0.0,0.0,24.3,False
PN-104505,30,ICE & RAIN PROTECTION,AIRBUS,A321neo,KRİTİK DEĞİL,VAR,Yurtiçi tamir,10.0,6,1.4,2.96,16.4,0.9,1.0,2.0,4.0,2.0,7.0,0.0,0.0,24.3,False
PN-102552,26,FIRE PROTECTION,AIRBUS,A330-300,KRİTİK,VAR,Yurtiçi tamir,5.0,19,4.75,1.11,20.8,0.95,1.0,2.0,7.0,2.0,8.0,0.105,2.2,24.3,False
PN-100856,27,FLIGHT CONTROLS,AIRBUS,A330-300,KRİTİK,VAR,Yurtiçi tamir,9.0,9,2.25,1.11,10.0,0.95,1.0,2.0,5.0,2.0,5.0,0.222,2.2,24.3,False
PN-100953,32,LANDING GEAR,AIRBUS,A319-100,KRİTİK,VAR,Yurtiçi tamir,13.0,15,3.75,0.56,8.3,0.95,1.0,3.0,7.0,2.0,5.0,0.067,0.6,24.3,False
PN-103460,31,INDICATING / RECORDING SYSTEMS,AIRBUS,A319-100,KRİTİK,VAR,Yurtiçi tamir,11.0,25,6.25,0.56,13.7,0.95,2.0,3.0,10.0,3.0,7.0,0.24,3.3,24.3,False
PN-102602,73,ENGINE FUEL AND CONTROL,AIRBUS,A319-100,KRİTİK DEĞİL,YOK,Satınalma,27.0,22,5.5,0.56,12.0,0.9,2.0,4.0,10.0,3.0,6.0,0.0,0.0,24.3,False
PN-103616,22,AUTO FLIGHT,AIRBUS,A321-200,KRİTİK,VAR,Yurtiçi tamir,11.0,20,5.0,0.69,13.7,0.95,2.0,3.0,8.0,3.0,7.0,0.05,0.7,24.3,False
PN-100009,23,COMMUNICATIONS,BOEING,737-800,KRİTİK DEĞİL,YOK,Satınalma,24.0,38,9.5,0.56,20.6,0.9,2.0,6.0,16.0,4.0,10.0,0.132,2.7,24.3,False
PN-100823,52,DOORS,BOEING,737-900ER,KRİTİK DEĞİL,YOK,Satınalma,26.0,16,4.0,1.0,15.4,0.9,2.0,4.0,8.0,4.0,8.0,0.0,0.0,24.3,False
PN-101736,35,OXYGEN,AIRBUS,A321-200,KRİTİK DEĞİL,YOK,Satınalma,30.0,6,1.5,0.69,4.1,0.9,1.0,2.0,4.0,2.0,4.0,0.0,0.0,24.3,False
PN-102326,29,HYDRAULIC POWER,AIRBUS,A320-200,KRİTİK DEĞİL,YOK,Satınalma,29.0,12,3.0,0.64,7.6,0.9,1.0,3.0,6.0,2.0,4.0,0.083,0.6,24.3,False
PN-101902,71,POWER PLANT,AIRBUS,A319-100,KRİTİK DEĞİL,YOK,Satınalma,23.0,43,10.75,0.56,23.4,0.9,2.0,6.0,17.0,4.0,10.0,0.116,2.7,24.3,False
PN-102905,76,ENGINE CONTROLS,BOEING,737-800,KRİTİK DEĞİL,YOK,Satınalma,17.0,72,18.0,0.56,39.0,0.9,2.0,7.0,25.0,4.0,14.0,0.139,5.4,24.3,False
PN-102162,31,INDICATING / RECORDING SYSTEMS,AIRBUS,A321neo,KRİTİK DEĞİL,VAR,Yurtiçi tamir,7.0,8,2.0,2.96,22.8,0.9,1.0,2.0,4.0,2.0,8.0,0.125,2.8,24.2,False
PN-102165,79,OIL,AIRBUS,A321neo,KRİTİK DEĞİL,VAR,Yurtiçi tamir,5.0,10,2.5,2.96,28.6,0.9,1.0,2.0,5.0,2.0,10.0,0.0,0.0,24.2,False
PN-103629,74,IGNITION,AIRBUS,A320-200,KRİTİK DEĞİL,YOK,Satınalma,31.0,1,0.42,0.64,1.0,0.9,1.0,2.0,3.0,2.0,3.0,0.0,0.0,24.2,False
PN-100806,36,PNEUMATIC,AIRBUS,A320-200,KRİTİK DEĞİL,YOK,Yurtdışı tamir,28.0,14,3.5,0.64,8.7,0.9,2.0,4.0,8.0,3.0,6.0,0.0,0.0,24.2,False
PN-101698,30,ICE & RAIN PROTECTION,AIRBUS,A320-200,KRİTİK DEĞİL,YOK,Satınalma,27.0,18,4.5,0.64,11.2,0.9,2.0,4.0,9.0,3.0,6.0,0.167,1.9,24.2,False
PN-102271,29,HYDRAULIC POWER,AIRBUS,A321-200,KRİTİK,VAR,Yurtiçi tamir,8.0,30,7.5,0.69,20.1,0.95,2.0,3.0,11.0,3.0,9.0,0.133,2.7,24.2,False
PN-102425,36,PNEUMATIC,AIRBUS,A321-200,KRİTİK DEĞİL,YOK,Satınalma,16.0,60,15.0,0.69,41.0,0.9,2.0,6.0,21.0,4.0,15.0,0.1,4.1,24.2,False
PN-100654,36,PNEUMATIC,AIRBUS,A320-200,KRİTİK DEĞİL,YOK,Satınalma,20.0,48,12.0,0.64,30.3,0.9,2.0,6.0,18.0,4.0,12.0,0.042,1.3,24.2,False
PN-100637,28,FUEL,AIRBUS,A319-100,KRİTİK DEĞİL,YOK,Satınalma,30.0,7,1.31,0.56,2.9,0.9,1.0,2.0,4.0,2.0,3.0,0.143,0.4,24.2,False
PN-103810,26,FIRE PROTECTION,AIRBUS,A320-200,KRİTİK DEĞİL,YOK,Yurtdışı tamir,28.0,14,3.5,0.64,8.8,0.9,2.0,4.0,8.0,3.0,6.0,0.0,0.0,24.2,False
PN-102416,52,DOORS,BOEING,737-800,KRİTİK DEĞİL,YOK,Satınalma,29.0,11,2.75,0.56,6.0,0.9,1.0,3.0,6.0,2.0,4.0,0.0,0.0,24.2,False
PN-100456,24,ELECTRICAL POWER,AIRBUS,A320-200,KRİTİK DEĞİL,YOK,Satınalma,29.0,9,2.25,0.64,5.6,0.9,1.0,3.0,6.0,2.0,4.0,0.0,0.0,24.2,False
PN-103450,34,NAVIGATION,AIRBUS,A321-200,KRİTİK DEĞİL,YOK,Satınalma,30.0,6,1.33,0.69,3.6,0.9,1.0,2.0,4.0,2.0,3.0,0.333,1.2,24.2,False
PN-102971,22,AUTO FLIGHT,AIRBUS,A320-200,KRİTİK DEĞİL,YOK,Satınalma,23.0,35,8.75,0.64,21.8,0.9,2.0,5.0,14.0,4.0,10.0,0.171,3.7,24.2,False
PN-101030,34,NAVIGATION,AIRBUS,A319-100,KRİTİK DEĞİL,YOK,Satınalma,24.0,36,9.0,0.56,19.7,0.9,2.0,5.0,14.0,4.0,9.0,0.194,3.8,24.2,False
PN-100968,77,ENGINE INDICATING,AIRBUS,A321-200,KRİTİK DEĞİL,YOK,Yurtdışı tamir,28.0,12,3.0,0.69,8.2,0.9,2.0,3.0,6.0,3.0,6.0,0.083,0.7,24.2,False
PN-102342,36,PNEUMATIC,AIRBUS,A320neo,KRİTİK DEĞİL,VAR,Yurtiçi tamir,11.0,16,4.0,2.59,40.0,0.9,2.0,2.0,6.0,4.0,14.0,0.0,0.0,24.2,False
PN-104553,36,PNEUMATIC,AIRBUS,A321neo,KRİTİK DEĞİL,VAR,Yurtiçi tamir,5.0,10,2.5,2.96,28.4,0.9,1.0,2.0,5.0,2.0,10.0,0.2,5.7,24.2,False
PN-101709,26,FIRE PROTECTION,AIRBUS,A320neo,KRİTİK DEĞİL,VAR,Yurtiçi tamir,8.0,19,4.75,2.59,48.7,0.9,2.0,2.0,7.0,4.0,17.0,0.158,7.7,24.2,False
PN-102072,31,INDICATING / RECORDING SYSTEMS,AIRBUS,A320-200,KRİTİK DEĞİL,YOK,Satınalma,30.0,5,1.36,0.64,3.4,0.9,1.0,2.0,4.0,2.0,3.0,0.0,0.0,24.2,False
PN-101542,23,COMMUNICATIONS,AIRBUS,A320-200,KRİTİK,VAR,Yurtiçi tamir,8.0,31,7.75,0.64,19.7,0.95,2.0,3.0,11.0,3.0,8.0,0.129,2.5,24.1,False
PN-104972,74,IGNITION,AIRBUS,A321-200,KRİTİK DEĞİL,YOK,Satınalma,30.0,2,0.65,0.69,1.9,0.9,1.0,2.0,3.0,2.0,3.0,0.0,0.0,24.1,False
PN-104104,23,COMMUNICATIONS,BOEING,737-800,KRİTİK,VAR,Yurtiçi tamir,8.0,35,8.75,0.56,18.8,0.95,2.0,3.0,12.0,3.0,8.0,0.286,5.4,24.1,False
PN-100521,24,ELECTRICAL POWER,BOEING,737-800,KRİTİK DEĞİL,YOK,Yurtdışı tamir,31.0,0,0.0,0.56,0.0,0.9,0.0,0.0,0.0,0.0,0.0,0.0,0.0,24.1,False
PN-104131,79,OIL,AIRBUS,A320-200,KRİTİK,VAR,Yurtiçi tamir,10.0,22,5.5,0.64,13.7,0.95,2.0,3.0,9.0,3.0,7.0,0.045,0.6,24.1,False
PN-100056,36,PNEUMATIC,AIRBUS,A319-100,KRİTİK,VAR,Yurtiçi tamir,11.0,20,5.0,0.56,10.9,0.95,1.0,3.0,8.0,2.0,5.0,0.15,1.6,24.1,False
PN-104072,74,IGNITION,BOEING,737-800,KRİTİK DEĞİL,YOK,Satınalma,30.0,2,0.85,0.56,1.9,0.9,1.0,2.0,3.0,2.0,3.0,0.0,0.0,24.1,False
PN-100674,52,DOORS,BOEING,737-800,KRİTİK DEĞİL,YOK,Yurtdışı tamir,30.0,3,0.85,0.56,1.8,0.9,1.0,2.0,3.0,2.0,3.0,0.0,0.0,24.1,False
PN-103869,71,POWER PLANT,BOEING,737-800,KRİTİK DEĞİL,YOK,Satınalma,29.0,10,2.5,0.56,5.4,0.9,1.0,3.0,6.0,2.0,4.0,0.4,2.2,24.1,False
PN-102579,36,PNEUMATIC,BOEING,737-800,KRİTİK DEĞİL,YOK,Yurtdışı tamir,28.0,14,3.5,0.56,7.5,0.9,1.0,4.0,8.0,2.0,4.0,0.0,0.0,24.1,False
PN-101641,22,AUTO FLIGHT,AIRBUS,A330-200,KRİTİK,VAR,Yurtiçi tamir,5.0,1,0.42,1.33,2.2,0.95,1.0,2.0,3.0,2.0,3.0,0.0,0.0,24.1,False
PN-103890,36,PNEUMATIC,AIRBUS,A320-200,KRİTİK,VAR,Yurtiçi tamir,10.0,22,5.5,0.64,13.8,0.95,2.0,3.0,9.0,3.0,7.0,0.045,0.6,24.1,False
PN-102401,36,PNEUMATIC,AIRBUS,A321-200,KRİTİK DEĞİL,YOK,Yurtdışı tamir,30.0,3,0.65,0.69,1.8,0.9,1.0,2.0,3.0,2.0,3.0,0.0,0.0,24.1,False
PN-104351,36,PNEUMATIC,AIRBUS,A321-200,KRİTİK DEĞİL,YOK,Yurtdışı tamir,30.0,3,0.85,0.69,2.3,0.9,1.0,2.0,3.0,2.0,3.0,0.0,0.0,24.1,False
PN-103619,23,COMMUNICATIONS,AIRBUS,A319-100,KRİTİK DEĞİL,YOK,Satınalma,29.0,9,2.24,0.56,4.9,0.9,1.0,3.0,6.0,2.0,4.0,0.0,0.0,24.1,False
PN-104793,27,FLIGHT CONTROLS,AIRBUS,A320-200,KRİTİK,VAR,Yurtiçi tamir,5.0,44,11.0,0.64,27.8,0.95,2.0,3.0,14.0,3.0,10.0,0.159,4.4,24.1,False
PN-101727,36,PNEUMATIC,AIRBUS,A320-200,KRİTİK DEĞİL,YOK,Satınalma,30.0,5,0.93,0.64,2.4,0.9,1.0,2.0,3.0,2.0,3.0,0.2,0.5,24.1,False
PN-101085,74,IGNITION,BOEING,737-900ER,KRİTİK,VAR,Yurtiçi tamir,13.0,8,1.42,1.0,5.6,0.95,1.0,2.0,4.0,2.0,4.0,0.25,1.4,24.1,False
PN-104564,77,ENGINE INDICATING,AIRBUS,A321-200,KRİTİK DEĞİL,YOK,Satınalma,28.0,12,3.0,0.69,8.1,0.9,2.0,3.0,6.0,3.0,6.0,0.0,0.0,24.1,False
PN-104048,29,HYDRAULIC POWER,BOEING,737-800,KRİTİK DEĞİL,YOK,Satınalma,27.0,18,4.5,0.56,9.8,0.9,2.0,4.0,9.0,3.0,6.0,0.111,1.1,24.1,False
PN-103041,28,FUEL,AIRBUS,A330-300,KRİTİK DEĞİL,YOK,Satınalma,27.0,2,0.35,1.11,1.5,0.9,1.0,2.0,3.0,2.0,3.0,0.0,0.0,24.1,False
PN-101111,27,FLIGHT CONTROLS,AIRBUS,A321-200,KRİTİK,VAR,Yurtiçi tamir,10.0,20,5.0,0.69,14.0,0.95,2.0,3.0,8.0,3.0,7.0,0.0,0.0,24.1,False
PN-102309,35,OXYGEN,AIRBUS,A330-300,KRİTİK DEĞİL,YOK,Satınalma,24.0,8,2.3,1.11,10.1,0.9,2.0,2.0,5.0,3.0,6.0,0.375,3.8,24.1,False
PN-100341,28,FUEL,AIRBUS,A321neo,KRİTİK DEĞİL,VAR,Yurtiçi tamir,13.0,2,0.42,2.96,4.8,0.9,1.0,2.0,3.0,2.0,4.0,0.0,0.0,24.0,False
PN-100066,77,ENGINE INDICATING,AIRBUS,A319-100,KRİTİK DEĞİL,YOK,Yurtdışı tamir,30.0,3,0.7,0.56,1.5,0.9,1.0,2.0,3.0,2.0,3.0,0.333,0.5,24.0,False
PN-101886,52,DOORS,AIRBUS,A321-200,KRİTİK DEĞİL,YOK,Yurtdışı tamir,30.0,2,0.35,0.69,0.9,0.9,1.0,2.0,3.0,2.0,3.0,0.0,0.0,24.0,False
PN-102754,80,STARTING,BOEING,737-800,KRİTİK DEĞİL,YOK,Satınalma,17.0,68,17.0,0.56,36.5,0.9,2.0,7.0,24.0,4.0,14.0,0.132,4.8,24.0,False
PN-100627,30,ICE & RAIN PROTECTION,AIRBUS,A320-200,KRİTİK DEĞİL,YOK,Satınalma,25.0,24,6.0,0.64,15.1,0.9,2.0,4.0,10.0,4.0,8.0,0.083,1.3,24.0,False
PN-101241,73,ENGINE FUEL AND CONTROL,AIRBUS,A320-200,KRİTİK DEĞİL,YOK,Yurtdışı tamir,28.0,11,2.75,0.64,6.8,0.9,1.0,3.0,6.0,2.0,4.0,0.273,1.9,24.0,False
PN-103371,27,FLIGHT CONTROLS,AIRBUS,A321-200,KRİTİK DEĞİL,YOK,Satınalma,30.0,2,0.35,0.69,0.9,0.9,1.0,2.0,3.0,2.0,3.0,0.0,0.0,24.0,False
PN-102252,27,FLIGHT CONTROLS,AIRBUS,A321-200,KRİTİK,VAR,Yurtiçi tamir,13.0,5,1.68,0.69,4.5,0.95,1.0,2.0,4.0,2.0,4.0,0.6,2.7,24.0,False
PN-103772,35,OXYGEN,AIRBUS,A330-300,KRİTİK DEĞİL,YOK,Yurtdışı tamir,27.0,1,0.21,1.11,0.9,0.9,1.0,2.0,3.0,2.0,3.0,0.0,0.0,24.0,False
PN-104599,71,POWER PLANT,AIRBUS,A319-100,KRİTİK DEĞİL,YOK,Satınalma,28.0,13,3.25,0.56,7.1,0.9,1.0,3.0,7.0,2.0,4.0,0.154,1.1,24.0,False
PN-100240,24,ELECTRICAL POWER,AIRBUS,A320-200,KRİTİK DEĞİL,YOK,Yurtdışı tamir,27.0,15,3.75,0.64,9.3,0.9,2.0,4.0,8.0,3.0,6.0,0.067,0.6,24.0,False
PN-103856,30,ICE & RAIN PROTECTION,AIRBUS,A321-200,KRİTİK DEĞİL,YOK,Satınalma,29.0,4,1.36,0.69,3.6,0.9,1.0,2.0,4.0,2.0,3.0,0.0,0.0,24.0,False
PN-101678,79,OIL,BOEING,737-800,KRİTİK DEĞİL,YOK,Satınalma,18.0,61,15.25,0.56,33.4,0.9,2.0,7.0,23.0,4.0,13.0,0.082,2.7,24.0,False
PN-103458,74,IGNITION,BOEING,737-800,KRİTİK DEĞİL,YOK,Satınalma,27.0,16,4.0,0.56,8.8,0.9,2.0,4.0,8.0,3.0,6.0,0.062,0.6,24.0,False
PN-102041,77,ENGINE INDICATING,AIRBUS,A319-100,KRİTİK DEĞİL,YOK,Yurtdışı tamir,29.0,7,1.96,0.56,4.3,0.9,1.0,3.0,5.0,2.0,4.0,0.0,0.0,24.0,False
PN-102391,25,EQUIPMENT / FURNISHINGS,AIRBUS,A321-200,KRİTİK DEĞİL,YOK,Satınalma,26.0,17,4.25,0.69,11.6,0.9,2.0,4.0,9.0,3.0,6.0,0.294,3.4,24.0,False
PN-103557,29,HYDRAULIC POWER,AIRBUS,A330-300,KRİTİK,VAR,Yurtiçi tamir,5.0,16,4.0,1.11,17.4,0.95,1.0,2.0,6.0,2.0,7.0,0.125,2.2,24.0,False
PN-102051,28,FUEL,BOEING,737-800,KRİTİK,VAR,Yurtiçi tamir,10.0,24,6.0,0.56,13.1,0.95,1.0,3.0,9.0,2.0,6.0,0.25,3.3,24.0,False
PN-102939,25,EQUIPMENT / FURNISHINGS,AIRBUS,A320-200,KRİTİK,VAR,Yurtiçi tamir,12.0,13,2.88,0.64,7.2,0.95,1.0,3.0,6.0,2.0,4.0,0.077,0.6,24.0,False
PN-102224,31,INDICATING / RECORDING SYSTEMS,AIRBUS,A320-200,KRİTİK,VAR,Yurtiçi tamir,9.0,25,6.25,0.64,15.9,0.95,2.0,3.0,10.0,3.0,7.0,0.08,1.3,24.0,False
PN-103417,76,ENGINE CONTROLS,BOEING,737-900ER,KRİTİK DEĞİL,YOK,Satınalma,27.0,5,2.3,1.0,8.9,0.9,2.0,3.0,6.0,3.0,6.0,0.0,0.0,24.0,False
PN-104998,56,WINDOWS,BOEING,737-800,KRİTİK DEĞİL,YOK,Satınalma,29.0,8,2.0,0.56,4.3,0.9,1.0,3.0,5.0,2.0,4.0,0.375,1.6,24.0,False
PN-104041,52,DOORS,AIRBUS,A320neo,KRİTİK DEĞİL,VAR,Yurtiçi tamir,9.0,17,4.25,2.59,43.7,0.9,2.0,2.0,7.0,4.0,15.0,0.118,5.1,24.0,False
PN-102208,27,FLIGHT CONTROLS,AIRBUS,A320-200,KRİTİK DEĞİL,YOK,Yurtdışı tamir,24.0,28,7.0,0.64,17.5,0.9,2.0,4.0,11.0,4.0,9.0,0.036,0.6,24.0,False
PN-100557,76,ENGINE CONTROLS,AIRBUS,A320-200,KRİTİK DEĞİL,YOK,Yurtdışı tamir,28.0,10,2.5,0.64,6.2,0.9,1.0,3.0,6.0,2.0,4.0,0.0,0.0,24.0,False
PN-102960,77,ENGINE INDICATING,BOEING,737-800,KRİTİK DEĞİL,YOK,Satınalma,21.0,47,11.75,0.56,25.8,0.9,2.0,6.0,18.0,4.0,11.0,0.191,4.9,24.0,False
PN-103211,28,FUEL,AIRBUS,A330-300,KRİTİK DEĞİL,YOK,Satınalma,23.0,11,2.75,1.11,11.9,0.9,2.0,3.0,6.0,3.0,6.0,0.091,1.1,24.0,False
PN-100893,80,STARTING,AIRBUS,A319-100,KRİTİK DEĞİL,YOK,Yurtdışı tamir,29.0,7,1.75,0.56,3.8,0.9,1.0,2.0,4.0,2.0,3.0,0.0,0.0,24.0,False
PN-101069,21,AIR CONDITIONING,AIRBUS,A321-200,KRİTİK,VAR,Yurtiçi tamir,10.0,17,4.25,0.69,11.4,0.95,1.0,3.0,8.0,2.0,5.0,0.059,0.7,23.9,False
PN-103362,22,AUTO FLIGHT,BOEING,737-800,KRİTİK DEĞİL,YOK,Yurtdışı tamir,28.0,11,2.75,0.56,6.0,0.9,1.0,3.0,6.0,2.0,4.0,0.182,1.1,23.9,False
PN-102192,28,FUEL,BOEING,737-800,KRİTİK DEĞİL,YOK,Yurtdışı tamir,29.0,7,1.26,0.56,2.7,0.9,1.0,2.0,4.0,2.0,3.0,0.0,0.0,23.9,False
PN-101930,23,COMMUNICATIONS,AIRBUS,A321-200,KRİTİK DEĞİL,YOK,Yurtdışı tamir,29.0,5,0.91,0.69,2.5,0.9,1.0,2.0,3.0,2.0,3.0,0.4,1.0,23.9,False
PN-100833,24,ELECTRICAL POWER,AIRBUS,A320neo,KRİTİK DEĞİL,VAR,Yurtiçi tamir,3.0,23,5.75,2.59,58.5,0.9,1.0,2.0,8.0,2.0,17.0,0.174,10.2,23.9,False
PN-100303,77,ENGINE INDICATING,AIRBUS,A330-300,KRİTİK,VAR,Yurtiçi tamir,9.0,5,1.39,1.11,6.1,0.95,1.0,2.0,4.0,2.0,4.0,0.0,0.0,23.9,False
PN-104352,36,PNEUMATIC,BOEING,737-800,KRİTİK DEĞİL,YOK,Yurtdışı tamir,29.0,9,1.44,0.56,3.1,0.9,1.0,2.0,4.0,2.0,3.0,0.0,0.0,23.9,False
PN-104313,23,COMMUNICATIONS,AIRBUS,A320-200,KRİTİK DEĞİL,YOK,Satınalma,29.0,3,1.1,0.64,2.7,0.9,1.0,2.0,4.0,2.0,3.0,0.0,0.0,23.9,False
PN-102698,24,ELECTRICAL POWER,BOEING,737-800,KRİTİK,VAR,Yurtiçi tamir,10.0,22,5.5,0.56,11.9,0.95,1.0,3.0,9.0,2.0,5.0,0.045,0.5,23.9,False
PN-104671,56,WINDOWS,AIRBUS,A330-300,KRİTİK,VAR,Yurtiçi tamir,6.0,13,3.25,1.11,14.6,0.95,1.0,2.0,6.0,2.0,6.0,0.0,0.0,23.9,False
PN-103911,80,STARTING,BOEING,737-800,KRİTİK DEĞİL,YOK,Yurtdışı tamir,27.0,16,4.0,0.56,8.6,0.9,2.0,4.0,8.0,3.0,6.0,0.188,1.6,23.9,False
PN-100855,76,ENGINE CONTROLS,AIRBUS,A321-200,KRİTİK DEĞİL,YOK,Yurtdışı tamir,29.0,5,1.02,0.69,2.8,0.9,1.0,2.0,4.0,2.0,3.0,0.0,0.0,23.9,False
PN-101400,76,ENGINE CONTROLS,AIRBUS,A320-200,KRİTİK DEĞİL,YOK,Satınalma,22.0,35,8.75,0.64,22.2,0.9,2.0,5.0,14.0,4.0,10.0,0.029,0.6,23.9,False
PN-104186,27,FLIGHT CONTROLS,BOEING,777-F,KRİTİK DEĞİL,VAR,Yurtiçi tamir,13.0,16,4.0,2.5,38.4,0.9,2.0,2.0,6.0,4.0,14.0,0.062,2.4,23.9,False
PN-104095,36,PNEUMATIC,AIRBUS,A321-200,KRİTİK DEĞİL,YOK,Satınalma,30.0,1,0.21,0.69,0.6,0.9,1.0,2.0,3.0,2.0,3.0,0.0,0.0,23.9,False
PN-101309,76,ENGINE CONTROLS,BOEING,737-900ER,KRİTİK DEĞİL,YOK,Satınalma,29.0,3,0.85,1.0,3.3,0.9,1.0,2.0,3.0,2.0,3.0,0.0,0.0,23.9,False
PN-100094,77,ENGINE INDICATING,AIRBUS,A321-200,KRİTİK,VAR,Yurtiçi tamir,13.0,8,1.27,0.69,3.4,0.95,1.0,2.0,4.0,2.0,3.0,0.375,1.3,23.9,False
PN-102341,31,INDICATING / RECORDING SYSTEMS,AIRBUS,A321neo,KRİTİK DEĞİL,VAR,Yurtiçi tamir,9.0,6,1.25,2.96,14.4,0.9,1.0,2.0,4.0,2.0,6.0,0.0,0.0,23.9,False
PN-104360,21,AIR CONDITIONING,AIRBUS,A320neo,KRİTİK DEĞİL,VAR,Yurtiçi tamir,8.0,18,4.5,2.59,45.5,0.9,2.0,2.0,7.0,3.0,15.0,0.0,0.0,23.9,False
PN-103382,79,OIL,BOEING,737-900ER,KRİTİK DEĞİL,YOK,Yurtdışı tamir,25.0,13,3.25,1.0,12.8,0.9,2.0,3.0,7.0,3.0,7.0,0.0,0.0,23.8,False
PN-101891,27,FLIGHT CONTROLS,BOEING,737-900ER,KRİTİK,VAR,Yurtiçi tamir,12.0,7,1.31,1.0,5.2,0.95,1.0,2.0,4.0,2.0,4.0,0.0,0.0,23.8,False
PN-101079,74,IGNITION,AIRBUS,A320-200,KRİTİK DEĞİL,YOK,Satınalma,26.0,16,4.0,0.64,9.9,0.9,2.0,4.0,8.0,3.0,6.0,0.188,1.9,23.8,False
PN-102812,26,FIRE PROTECTION,AIRBUS,A321-200,KRİTİK DEĞİL,YOK,Satınalma,28.0,7,1.75,0.69,4.8,0.9,1.0,2.0,4.0,2.0,4.0,0.0,0.0,23.8,False
PN-104154,26,FIRE PROTECTION,AIRBUS,A330-200,KRİTİK DEĞİL,YOK,Satınalma,19.0,3,0.65,1.33,3.4,0.9,1.0,2.0,3.0,2.0,3.0,0.0,0.0,23.8,False
PN-101248,29,HYDRAULIC POWER,AIRBUS,A321-200,KRİTİK,VAR,Yurtiçi tamir,8.0,23,5.75,0.69,15.7,0.95,1.0,3.0,9.0,2.0,6.0,0.043,0.7,23.8,False
PN-104182,23,COMMUNICATIONS,AIRBUS,A330-300,KRİTİK DEĞİL,YOK,Yurtdışı tamir,25.0,5,1.02,1.11,4.4,0.9,1.0,2.0,4.0,2.0,4.0,0.0,0.0,23.8,False
PN-103354,80,STARTING,AIRBUS,A319-100,KRİTİK DEĞİL,YOK,Satınalma,24.0,29,7.25,0.56,15.6,0.9,2.0,4.0,12.0,4.0,8.0,0.069,1.1,23.8,False
PN-103259,31,INDICATING / RECORDING SYSTEMS,AIRBUS,A319-100,KRİTİK DEĞİL,YOK,Yurtdışı tamir,29.0,3,0.85,0.56,1.8,0.9,1.0,2.0,3.0,2.0,3.0,0.0,0.0,23.8,False
PN-100873,24,ELECTRICAL POWER,AIRBUS,A320-200,KRİTİK,VAR,Yurtiçi tamir,6.0,34,8.5,0.64,21.5,0.95,1.0,3.0,12.0,2.0,8.0,0.088,1.9,23.8,False
PN-104032,27,FLIGHT CONTROLS,BOEING,737-800,KRİTİK DEĞİL,YOK,Yurtdışı tamir,28.0,8,2.0,0.56,4.3,0.9,1.0,3.0,5.0,2.0,4.0,0.0,0.0,23.8,False
PN-103077,74,IGNITION,BOEING,737-800,KRİTİK,VAR,Yurtiçi tamir,11.0,14,3.5,0.56,7.6,0.95,1.0,3.0,7.0,2.0,4.0,0.286,2.2,23.8,False
PN-103463,22,AUTO FLIGHT,AIRBUS,A321-200,KRİTİK,VAR,Yurtiçi tamir,8.0,24,6.0,0.69,16.6,0.95,1.0,3.0,9.0,2.0,7.0,0.083,1.4,23.8,False
PN-100779,76,ENGINE CONTROLS,AIRBUS,A320-200,KRİTİK DEĞİL,YOK,Satınalma,28.0,6,1.6,0.64,4.0,0.9,1.0,2.0,4.0,2.0,3.0,0.333,1.3,23.8,False
PN-104815,28,FUEL,AIRBUS,A320-200,KRİTİK DEĞİL,YOK,Satınalma,27.0,11,2.75,0.64,6.9,0.9,1.0,3.0,6.0,2.0,4.0,0.091,0.6,23.8,False
PN-102641,34,NAVIGATION,AIRBUS,A330-300,KRİTİK DEĞİL,YOK,Satınalma,15.0,29,7.25,1.11,31.5,0.9,2.0,4.0,12.0,4.0,12.0,0.103,3.3,23.8,False
PN-100991,36,PNEUMATIC,AIRBUS,A319-100,KRİTİK DEĞİL,YOK,Yurtdışı tamir,29.0,4,0.85,0.56,1.9,0.9,1.0,2.0,3.0,2.0,3.0,0.0,0.0,23.8,False
PN-100848,74,IGNITION,BOEING,737-900ER,KRİTİK DEĞİL,YOK,Yurtdışı tamir,22.0,21,5.25,1.0,20.5,0.9,2.0,4.0,10.0,4.0,10.0,0.19,3.9,23.8,False
PN-101958,56,WINDOWS,AIRBUS,A319-100,KRİTİK,VAR,Yurtiçi tamir,12.0,10,2.5,0.56,5.5,0.95,1.0,2.0,5.0,2.0,4.0,0.2,1.1,23.8,False
PN-101657,76,ENGINE CONTROLS,AIRBUS,A320-200,KRİTİK DEĞİL,YOK,Satınalma,28.0,5,1.68,0.64,4.2,0.9,1.0,2.0,4.0,2.0,4.0,0.2,0.8,23.8,False
PN-101573,74,IGNITION,AIRBUS,A320-200,KRİTİK DEĞİL,YOK,Satınalma,20.0,41,10.25,0.64,25.7,0.9,2.0,5.0,16.0,4.0,11.0,0.146,3.8,23.8,False
PN-104407,25,EQUIPMENT / FURNISHINGS,BOEING,737-900ER,KRİTİK,VAR,Yurtiçi tamir,13.0,4,0.74,1.0,2.9,0.95,1.0,2.0,3.0,2.0,3.0,0.5,1.5,23.8,False
PN-102733,26,FIRE PROTECTION,AIRBUS,A321neo,KRİTİK DEĞİL,VAR,Yurtiçi tamir,9.0,5,1.12,2.96,13.2,0.9,1.0,2.0,4.0,2.0,6.0,0.0,0.0,23.8,False
PN-103293,28,FUEL,AIRBUS,A320-200,KRİTİK,VAR,Yurtiçi tamir,9.0,22,5.5,0.64,13.8,0.95,1.0,3.0,9.0,2.0,6.0,0.0,0.0,23.8,False
PN-101596,56,WINDOWS,AIRBUS,A330-300,KRİTİK DEĞİL,YOK,Satınalma,26.0,1,0.42,1.11,1.8,0.9,1.0,2.0,3.0,2.0,3.0,0.0,0.0,23.8,False
PN-100036,76,ENGINE CONTROLS,BOEING,737-900ER,KRİTİK DEĞİL,YOK,Yurtdışı tamir,25.0,13,3.26,1.0,12.9,0.9,2.0,3.0,7.0,3.0,7.0,0.0,0.0,23.8,False
PN-104908,73,ENGINE FUEL AND CONTROL,AIRBUS,A330-300,KRİTİK DEĞİL,YOK,Satınalma,23.0,9,2.25,1.11,9.8,0.9,2.0,2.0,5.0,3.0,6.0,0.111,1.1,23.8,False
PN-104788,28,FUEL,AIRBUS,A330-300,KRİTİK DEĞİL,YOK,Satınalma,21.0,14,3.5,1.11,15.4,0.9,2.0,3.0,7.0,3.0,7.0,0.143,2.2,23.8,False
PN-101051,30,ICE & RAIN PROTECTION,AIRBUS,A330-300,KRİTİK DEĞİL,YOK,Satınalma,24.0,6,1.5,1.11,6.5,0.9,1.0,2.0,4.0,2.0,4.0,0.0,0.0,23.8,False
PN-101054,22,AUTO FLIGHT,AIRBUS,A321-200,KRİTİK DEĞİL,YOK,Satınalma,29.0,4,0.69,0.69,1.9,0.9,1.0,2.0,3.0,2.0,3.0,0.5,0.9,23.8,False
PN-101034,22,AUTO FLIGHT,BOEING,737-800,KRİTİK DEĞİL,YOK,Satınalma,29.0,3,0.7,0.56,1.5,0.9,1.0,2.0,3.0,2.0,3.0,0.0,0.0,23.8,False
PN-104001,74,IGNITION,AIRBUS,A321-200,KRİTİK DEĞİL,YOK,Satınalma,29.0,2,0.85,0.69,2.3,0.9,1.0,2.0,3.0,2.0,3.0,0.5,1.1,23.8,False
PN-104382,30,ICE & RAIN PROTECTION,AIRBUS,A321-200,KRİTİK DEĞİL,YOK,Satınalma,26.0,13,3.25,0.69,9.0,0.9,2.0,3.0,7.0,3.0,6.0,0.154,1.4,23.7,False
PN-103795,28,FUEL,BOEING,737-900ER,KRİTİK,VAR,Yurtiçi tamir,6.0,21,5.25,1.0,20.3,0.95,1.0,2.0,8.0,2.0,8.0,0.048,1.0,23.7,False
PN-103547,76,ENGINE CONTROLS,AIRBUS,A320-200,KRİTİK DEĞİL,YOK,Yurtdışı tamir,28.0,4,1.27,0.64,3.3,0.9,1.0,2.0,4.0,2.0,3.0,0.5,1.6,23.7,False
PN-103853,30,ICE & RAIN PROTECTION,AIRBUS,A321neo,KRİTİK DEĞİL,VAR,Yurtiçi tamir,8.0,8,1.33,2.96,15.5,0.9,1.0,2.0,4.0,2.0,6.0,0.25,3.9,23.7,False
PN-101118,71,POWER PLANT,AIRBUS,A321-200,KRİTİK DEĞİL,YOK,Satınalma,28.0,6,1.21,0.69,3.2,0.9,1.0,2.0,4.0,2.0,3.0,0.0,0.0,23.7,False
PN-102656,22,AUTO FLIGHT,AIRBUS,A321-200,KRİTİK,VAR,Yurtiçi tamir,7.0,27,6.75,0.69,18.2,0.95,1.0,3.0,10.0,2.0,7.0,0.037,0.7,23.7,False
PN-104600,80,STARTING,AIRBUS,A321-200,KRİTİK,VAR,Yurtiçi tamir,10.0,14,3.5,0.69,9.5,0.95,1.0,3.0,7.0,2.0,5.0,0.214,2.0,23.7,False
PN-102757,52,DOORS,AIRBUS,A321neo,KRİTİK DEĞİL,VAR,Yurtiçi tamir,5.0,8,2.0,2.96,23.0,0.9,1.0,2.0,4.0,2.0,8.0,0.0,0.0,23.7,False
PN-100151,28,FUEL,AIRBUS,A321neo,KRİTİK DEĞİL,VAR,Yurtiçi tamir,6.0,6,1.78,2.96,20.7,0.9,1.0,2.0,4.0,2.0,8.0,0.167,3.4,23.7,False
PN-100436,36,PNEUMATIC,AIRBUS,A321-200,KRİTİK DEĞİL,YOK,Satınalma,26.0,13,3.25,0.69,8.7,0.9,2.0,3.0,7.0,3.0,6.0,0.308,2.7,23.7,False
PN-104825,31,INDICATING / RECORDING SYSTEMS,AIRBUS,A321-200,KRİTİK,VAR,Yurtiçi tamir,9.0,19,4.75,0.69,12.7,0.95,1.0,3.0,8.0,2.0,6.0,0.105,1.3,23.7,False
PN-103806,23,COMMUNICATIONS,BOEING,737-800,KRİTİK DEĞİL,YOK,Satınalma,27.0,10,2.8,0.56,6.2,0.9,1.0,3.0,6.0,2.0,4.0,0.1,0.6,23.7,False
PN-102116,79,OIL,AIRBUS,A320-200,KRİTİK,VAR,Yurtiçi tamir,13.0,4,0.69,0.64,1.7,0.95,1.0,2.0,3.0,2.0,3.0,0.0,0.0,23.7,False
PN-101078,31,INDICATING / RECORDING SYSTEMS,BOEING,737-800,KRİTİK DEĞİL,YOK,Satınalma,29.0,0,0.0,0.56,0.0,0.9,0.0,0.0,0.0,0.0,0.0,0.0,0.0,23.6,False
PN-104029,31,INDICATING / RECORDING SYSTEMS,AIRBUS,A320-200,KRİTİK DEĞİL,YOK,Satınalma,26.0,13,3.25,0.64,8.1,0.9,1.0,3.0,7.0,2.0,5.0,0.385,3.1,23.6,False
PN-103739,74,IGNITION,AIRBUS,A330-300,KRİTİK DEĞİL,YOK,Satınalma,14.0,29,7.25,1.11,31.6,0.9,2.0,4.0,12.0,4.0,12.0,0.276,8.7,23.6,False
PN-101004,24,ELECTRICAL POWER,BOEING,737-800,KRİTİK,VAR,Yurtiçi tamir,6.0,36,9.0,0.56,19.5,0.95,1.0,3.0,12.0,2.0,7.0,0.139,2.7,23.6,False
PN-101498,34,NAVIGATION,AIRBUS,A321-200,KRİTİK DEĞİL,YOK,Satınalma,25.0,16,4.0,0.69,10.8,0.9,2.0,4.0,8.0,3.0,6.0,0.062,0.7,23.6,False
PN-101962,24,ELECTRICAL POWER,AIRBUS,A321-200,KRİTİK,VAR,Yurtiçi tamir,11.0,8,2.0,0.69,5.4,0.95,1.0,2.0,4.0,2.0,4.0,0.25,1.3,23.6,False
PN-102993,76,ENGINE CONTROLS,AIRBUS,A321-200,KRİTİK DEĞİL,YOK,Yurtdışı tamir,28.0,5,1.06,0.69,2.9,0.9,1.0,2.0,4.0,2.0,3.0,0.4,1.1,23.6,False
PN-102991,52,DOORS,BOEING,737-800,KRİTİK DEĞİL,YOK,Satınalma,27.0,9,2.25,0.56,5.0,0.9,1.0,3.0,6.0,2.0,4.0,0.111,0.6,23.6,False
PN-102943,25,EQUIPMENT / FURNISHINGS,BOEING,737-800,KRİTİK DEĞİL,YOK,Satınalma,27.0,10,2.5,0.56,5.4,0.9,1.0,3.0,6.0,2.0,4.0,0.0,0.0,23.6,False
PN-101459,35,OXYGEN,AIRBUS,A321-200,KRİTİK DEĞİL,YOK,Yurtdışı tamir,29.0,0,0.0,0.69,0.0,0.9,0.0,0.0,0.0,0.0,0.0,0.0,0.0,23.6,False
PN-100643,34,NAVIGATION,AIRBUS,A320-200,KRİTİK DEĞİL,YOK,Satınalma,24.0,21,5.25,0.64,13.0,0.9,2.0,4.0,10.0,3.0,7.0,0.143,1.9,23.6,False
PN-101173,25,EQUIPMENT / FURNISHINGS,AIRBUS,A321-200,KRİTİK DEĞİL,YOK,Yurtdışı tamir,28.0,3,0.7,0.69,1.9,0.9,1.0,2.0,3.0,2.0,3.0,0.333,0.6,23.6,False
PN-104880,30,ICE & RAIN PROTECTION,AIRBUS,A321-200,KRİTİK,VAR,Yurtiçi tamir,10.0,12,3.0,0.69,8.1,0.95,1.0,2.0,5.0,2.0,5.0,0.0,0.0,23.6,False
PN-102517,35,OXYGEN,AIRBUS,A321neo,KRİTİK DEĞİL,VAR,Yurtiçi tamir,8.0,5,1.25,2.96,14.6,0.9,1.0,2.0,4.0,2.0,6.0,0.2,2.9,23.6,False
PN-102115,26,FIRE PROTECTION,AIRBUS,A321-200,KRİTİK DEĞİL,YOK,Satınalma,29.0,0,0.0,0.69,0.0,0.9,0.0,0.0,0.0,0.0,0.0,0.0,0.0,23.6,False
PN-103237,80,STARTING,BOEING,737-800,KRİTİK DEĞİL,YOK,Yurtdışı tamir,26.0,14,3.5,0.56,7.5,0.9,1.0,3.0,7.0,2.0,4.0,0.071,0.5,23.6,False
PN-104633,25,EQUIPMENT / FURNISHINGS,AIRBUS,A321neo,KRİTİK DEĞİL,VAR,Yurtiçi tamir,8.0,5,1.25,2.96,14.6,0.9,1.0,2.0,4.0,2.0,6.0,0.0,0.0,23.6,False
PN-104242,74,IGNITION,AIRBUS,A320-200,KRİTİK DEĞİL,YOK,Satınalma,27.0,8,2.0,0.64,5.1,0.9,1.0,2.0,4.0,2.0,4.0,0.125,0.6,23.6,False
PN-100477,21,AIR CONDITIONING,BOEING,737-800,KRİTİK,VAR,Yurtiçi tamir,10.0,13,3.25,0.56,7.2,0.95,1.0,2.0,6.0,2.0,4.0,0.308,2.2,23.5,False
PN-100107,56,WINDOWS,AIRBUS,A320neo,KRİTİK DEĞİL,VAR,Yurtiçi tamir,12.0,12,3.0,2.59,29.9,0.9,2.0,2.0,5.0,3.0,11.0,0.333,10.0,23.5,False
PN-100012,72,ENGINE,AIRBUS,A320-200,KRİTİK DEĞİL,YOK,Yurtdışı tamir,26.0,11,2.75,0.64,6.9,0.9,1.0,3.0,6.0,2.0,4.0,0.182,1.2,23.5,False
PN-102802,80,STARTING,BOEING,737-800,KRİTİK,VAR,Yurtiçi tamir,10.0,13,3.25,0.56,7.2,0.95,1.0,2.0,6.0,2.0,4.0,0.077,0.6,23.5,False
PN-103925,36,PNEUMATIC,AIRBUS,A319-100,KRİTİK DEĞİL,YOK,Satınalma,28.0,4,0.68,0.56,1.5,0.9,1.0,2.0,3.0,2.0,3.0,0.25,0.4,23.5,False
PN-103411,80,STARTING,AIRBUS,A320-200,KRİTİK,VAR,Yurtiçi tamir,10.0,12,3.0,0.64,7.5,0.95,1.0,2.0,5.0,2.0,4.0,0.25,1.9,23.5,False
PN-101956,35,OXYGEN,AIRBUS,A320-200,KRİTİK DEĞİL,YOK,Satınalma,27.0,7,1.5,0.64,3.7,0.9,1.0,2.0,4.0,2.0,3.0,0.143,0.5,23.5,False
PN-104885,26,FIRE PROTECTION,BOEING,737-900ER,KRİTİK DEĞİL,YOK,Satınalma,26.0,7,1.75,1.0,6.9,0.9,1.0,2.0,4.0,2.0,4.0,0.143,1.0,23.5,False
PN-104261,26,FIRE PROTECTION,AIRBUS,A330-300,KRİTİK DEĞİL,YOK,Satınalma,22.0,9,2.25,1.11,9.6,0.9,1.0,2.0,5.0,2.0,5.0,0.111,1.1,23.5,False
PN-103276,22,AUTO FLIGHT,BOEING,737-800,KRİTİK DEĞİL,YOK,Satınalma,24.0,22,5.5,0.56,12.0,0.9,2.0,4.0,10.0,3.0,6.0,0.364,4.4,23.5,False
PN-102070,25,EQUIPMENT / FURNISHINGS,AIRBUS,A321-200,KRİTİK DEĞİL,YOK,Satınalma,24.0,18,4.5,0.69,12.4,0.9,2.0,4.0,9.0,3.0,7.0,0.111,1.4,23.5,False
PN-104016,28,FUEL,BOEING,737-800,KRİTİK,VAR,Yurtiçi tamir,12.0,4,0.79,0.56,1.7,0.95,1.0,2.0,3.0,2.0,3.0,0.0,0.0,23.5,False
PN-103734,29,HYDRAULIC POWER,AIRBUS,A321-200,KRİTİK,VAR,Yurtiçi tamir,4.0,35,8.75,0.69,24.1,0.95,1.0,3.0,12.0,2.0,9.0,0.143,3.4,23.5,False
PN-102563,31,INDICATING / RECORDING SYSTEMS,AIRBUS,A320-200,KRİTİK DEĞİL,YOK,Satınalma,27.0,6,1.5,0.64,3.8,0.9,1.0,2.0,4.0,2.0,3.0,0.0,0.0,23.5,False
PN-100847,22,AUTO FLIGHT,AIRBUS,A330-300,KRİTİK,VAR,Yurtiçi tamir,8.0,5,1.11,1.11,4.9,0.95,1.0,2.0,4.0,2.0,4.0,0.0,0.0,23.5,False
PN-102511,76,ENGINE CONTROLS,AIRBUS,A330-200,KRİTİK DEĞİL,YOK,Satınalma,18.0,4,0.69,1.33,3.7,0.9,1.0,2.0,3.0,2.0,3.0,0.0,0.0,23.5,False
PN-103496,23,COMMUNICATIONS,AIRBUS,A330-300,KRİTİK,VAR,Yurtiçi tamir,6.0,9,2.25,1.11,9.8,0.95,1.0,2.0,5.0,2.0,5.0,0.0,0.0,23.5,False
PN-102075,31,INDICATING / RECORDING SYSTEMS,AIRBUS,A320neo,KRİTİK DEĞİL,VAR,Yurtiçi tamir,12.0,12,3.0,2.59,30.8,0.9,2.0,2.0,5.0,4.0,12.0,0.083,2.6,23.5,False
PN-100232,21,AIR CONDITIONING,AIRBUS,A330-300,KRİTİK,VAR,Yurtiçi tamir,7.0,7,1.63,1.11,7.0,0.95,1.0,2.0,4.0,2.0,4.0,0.429,3.0,23.5,False
PN-103306,28,FUEL,BOEING,737-800,KRİTİK,VAR,Yurtiçi tamir,11.0,9,2.25,0.56,4.9,0.95,1.0,2.0,5.0,2.0,4.0,0.111,0.5,23.5,False
PN-100071,25,EQUIPMENT / FURNISHINGS,AIRBUS,A330-300,KRİTİK,VAR,Yurtiçi tamir,5.0,12,3.0,1.11,12.8,0.95,1.0,2.0,5.0,2.0,6.0,0.25,3.2,23.5,False
PN-102732,79,OIL,AIRBUS,A321neo,KRİTİK DEĞİL,VAR,Yurtiçi tamir,10.0,4,0.69,2.96,8.3,0.9,1.0,2.0,3.0,2.0,5.0,0.0,0.0,23.5,False
PN-103437,56,WINDOWS,AIRBUS,A321-200,KRİTİK,VAR,Yurtiçi tamir,10.0,11,2.75,0.69,7.5,0.95,1.0,2.0,5.0,2.0,4.0,0.273,2.1,23.5,False
PN-101569,80,STARTING,AIRBUS,A320-200,KRİTİK DEĞİL,YOK,Satınalma,24.0,18,4.5,0.64,11.3,0.9,2.0,4.0,9.0,3.0,6.0,0.056,0.6,23.4,False
PN-100478,56,WINDOWS,BOEING,737-800,KRİTİK DEĞİL,YOK,Satınalma,27.0,5,1.52,0.56,3.2,0.9,1.0,2.0,4.0,2.0,3.0,0.2,0.6,23.4,False
PN-104198,79,OIL,BOEING,737-800,KRİTİK DEĞİL,YOK,Yurtdışı tamir,25.0,16,4.0,0.56,8.7,0.9,1.0,4.0,8.0,2.0,5.0,0.062,0.5,23.4,False
PN-103153,73,ENGINE FUEL AND CONTROL,AIRBUS,A321-200,KRİTİK,VAR,Yurtiçi tamir,11.0,5,1.24,0.69,3.4,0.95,1.0,2.0,4.0,2.0,3.0,0.0,0.0,23.4,False
PN-100517,22,AUTO FLIGHT,AIRBUS,A320-200,KRİTİK,VAR,Yurtiçi tamir,8.0,18,4.5,0.64,11.4,0.95,1.0,3.0,8.0,2.0,5.0,0.056,0.6,23.4,False
PN-104808,31,INDICATING / RECORDING SYSTEMS,AIRBUS,A320-200,KRİTİK,VAR,Yurtiçi tamir,6.0,28,7.0,0.64,17.4,0.95,1.0,3.0,10.0,2.0,7.0,0.036,0.6,23.4,False
PN-103607,71,POWER PLANT,AIRBUS,A320-200,KRİTİK,VAR,Yurtiçi tamir,10.0,11,2.75,0.64,6.9,0.95,1.0,2.0,5.0,2.0,4.0,0.0,0.0,23.4,False
PN-102191,31,INDICATING / RECORDING SYSTEMS,AIRBUS,A320neo,KRİTİK DEĞİL,VAR,Yurtiçi tamir,7.0,17,4.25,2.59,43.0,0.9,2.0,2.0,7.0,3.0,14.0,0.0,0.0,23.4,False
PN-104019,56,WINDOWS,AIRBUS,A321-200,KRİTİK DEĞİL,YOK,Satınalma,27.0,5,1.26,0.69,3.4,0.9,1.0,2.0,4.0,2.0,3.0,0.0,0.0,23.4,False
PN-101398,21,AIR CONDITIONING,AIRBUS,A320-200,KRİTİK DEĞİL,YOK,Satınalma,25.0,13,3.25,0.64,8.2,0.9,1.0,3.0,7.0,2.0,5.0,0.0,0.0,23.4,False
PN-102136,36,PNEUMATIC,AIRBUS,A321-200,KRİTİK,VAR,Yurtiçi tamir,11.0,6,1.19,0.69,3.3,0.95,1.0,2.0,4.0,2.0,3.0,0.167,0.6,23.4,False
PN-100857,22,AUTO FLIGHT,AIRBUS,A321neo,KRİTİK DEĞİL,VAR,Yurtiçi tamir,8.0,4,1.05,2.96,12.1,0.9,1.0,2.0,4.0,2.0,6.0,0.25,3.0,23.4,False
PN-102539,34,NAVIGATION,BOEING,737-900ER,KRİTİK,VAR,Yurtiçi tamir,6.0,17,4.25,1.0,16.8,0.95,1.0,2.0,7.0,2.0,7.0,0.0,0.0,23.4,False
PN-103847,30,ICE & RAIN PROTECTION,BOEING,737-800,KRİTİK,VAR,Yurtiçi tamir,12.0,3,0.55,0.56,1.2,0.95,1.0,2.0,3.0,2.0,3.0,0.0,0.0,23.4,False
PN-102973,80,STARTING,AIRBUS,A320neo,KRİTİK DEĞİL,VAR,Yurtiçi tamir,13.0,12,2.62,2.59,26.7,0.9,2.0,2.0,5.0,3.0,10.0,0.333,8.9,23.4,False
PN-102702,26,FIRE PROTECTION,AIRBUS,A320-200,KRİTİK DEĞİL,YOK,Satınalma,24.0,17,4.25,0.64,10.6,0.9,2.0,4.0,9.0,3.0,6.0,0.118,1.3,23.4,False
PN-102630,79,OIL,AIRBUS,A321-200,KRİTİK DEĞİL,YOK,Yurtdışı tamir,25.0,13,3.25,0.69,8.8,0.9,1.0,3.0,7.0,2.0,5.0,0.308,2.7,23.4,False
PN-102962,80,STARTING,AIRBUS,A320-200,KRİTİK,VAR,Yurtiçi tamir,11.0,7,1.75,0.64,4.3,0.95,1.0,2.0,4.0,2.0,4.0,0.0,0.0,23.4,False
PN-104312,30,ICE & RAIN PROTECTION,AIRBUS,A321-200,KRİTİK,VAR,Yurtiçi tamir,12.0,2,0.57,0.69,1.6,0.95,1.0,2.0,3.0,2.0,3.0,0.0,0.0,23.4,False
PN-101074,34,NAVIGATION,AIRBUS,A321-200,KRİTİK DEĞİL,YOK,Satınalma,17.0,44,11.0,0.69,29.9,0.9,2.0,5.0,16.0,4.0,12.0,0.068,2.0,23.4,False
PN-102963,22,AUTO FLIGHT,BOEING,737-800,KRİTİK,VAR,Yurtiçi tamir,12.0,1,0.28,0.56,0.6,0.95,1.0,2.0,3.0,2.0,3.0,1.0,0.6,23.4,False
PN-100070,73,ENGINE FUEL AND CONTROL,AIRBUS,A319-100,KRİTİK DEĞİL,YOK,Satınalma,25.0,15,3.75,0.56,8.0,0.9,1.0,4.0,8.0,2.0,4.0,0.0,0.0,23.4,False
PN-103101,24,ELECTRICAL POWER,AIRBUS,A320-200,KRİTİK,VAR,Yurtiçi tamir,11.0,5,1.39,0.64,3.5,0.95,1.0,2.0,4.0,2.0,3.0,0.0,0.0,23.4,False
PN-103964,26,FIRE PROTECTION,AIRBUS,A330-300,KRİTİK DEĞİL,YOK,Satınalma,16.0,22,5.5,1.11,24.1,0.9,2.0,3.0,9.0,4.0,11.0,0.182,4.4,23.4,False
PN-100255,24,ELECTRICAL POWER,BOEING,737-900ER,KRİTİK DEĞİL,YOK,Satınalma,28.0,0,0.0,1.0,0.0,0.9,0.0,0.0,0.0,0.0,0.0,0.0,0.0,23.4,False
PN-101538,71,POWER PLANT,AIRBUS,A321-200,KRİTİK DEĞİL,YOK,Satınalma,24.0,16,4.0,0.69,10.9,0.9,2.0,4.0,8.0,3.0,6.0,0.125,1.4,23.4,False
PN-102818,24,ELECTRICAL POWER,AIRBUS,A321neo,KRİTİK DEĞİL,VAR,Yurtiçi tamir,9.0,2,0.85,2.96,9.7,0.9,1.0,2.0,3.0,2.0,5.0,0.0,0.0,23.4,False
PN-100054,34,NAVIGATION,AIRBUS,A321-200,KRİTİK,VAR,Yurtiçi tamir,4.0,32,8.0,0.69,21.9,0.95,1.0,2.0,10.0,2.0,8.0,0.062,1.4,23.3,False
PN-104569,26,FIRE PROTECTION,BOEING,737-800,KRİTİK DEĞİL,YOK,Satınalma,23.0,24,6.0,0.56,13.1,0.9,2.0,4.0,10.0,3.0,7.0,0.083,1.1,23.3,False
PN-102315,21,AIR CONDITIONING,AIRBUS,A319-100,KRİTİK,VAR,Yurtiçi tamir,7.0,24,6.0,0.56,13.0,0.95,1.0,3.0,9.0,2.0,6.0,0.125,1.6,23.3,False
PN-104741,34,NAVIGATION,AIRBUS,A321-200,KRİTİK DEĞİL,YOK,Satınalma,21.0,26,6.5,0.69,17.6,0.9,2.0,4.0,11.0,4.0,9.0,0.192,3.4,23.3,False
PN-100411,26,FIRE PROTECTION,AIRBUS,A320-200,KRİTİK DEĞİL,YOK,Satınalma,26.0,7,1.81,0.64,4.6,0.9,1.0,2.0,4.0,2.0,4.0,0.286,1.3,23.3,False
PN-101817,27,FLIGHT CONTROLS,BOEING,737-900ER,KRİTİK,VAR,Yurtiçi tamir,10.0,7,1.42,1.0,5.6,0.95,1.0,2.0,4.0,2.0,4.0,0.143,0.8,23.3,False
PN-103045,76,ENGINE CONTROLS,AIRBUS,A321-200,KRİTİK DEĞİL,YOK,Satınalma,27.0,3,0.65,0.69,1.8,0.9,1.0,2.0,3.0,2.0,3.0,0.333,0.6,23.3,False
PN-102869,26,FIRE PROTECTION,AIRBUS,A321-200,KRİTİK DEĞİL,YOK,Satınalma,27.0,3,0.85,0.69,2.3,0.9,1.0,2.0,3.0,2.0,3.0,0.0,0.0,23.3,False
PN-102022,56,WINDOWS,BOEING,737-900ER,KRİTİK DEĞİL,YOK,Yurtdışı tamir,27.0,2,0.42,1.0,1.7,0.9,1.0,2.0,3.0,2.0,3.0,1.0,1.7,23.3,False
PN-103736,30,ICE & RAIN PROTECTION,AIRBUS,A321neo,KRİTİK DEĞİL,VAR,Yurtiçi tamir,8.0,4,1.0,2.96,11.6,0.9,1.0,2.0,3.0,2.0,5.0,0.0,0.0,23.3,False
PN-102830,77,ENGINE INDICATING,BOEING,737-900ER,KRİTİK DEĞİL,YOK,Satınalma,26.0,5,1.06,1.0,4.1,0.9,1.0,2.0,4.0,2.0,4.0,0.0,0.0,23.3,False
PN-101352,34,NAVIGATION,AIRBUS,A321-200,KRİTİK DEĞİL,YOK,Satınalma,24.0,15,3.75,0.69,10.2,0.9,2.0,3.0,7.0,3.0,6.0,0.133,1.4,23.3,False
PN-100178,77,ENGINE INDICATING,BOEING,737-800,KRİTİK,VAR,Yurtiçi tamir,12.0,0,0.0,0.56,0.0,0.95,0.0,0.0,0.0,0.0,0.0,0.0,0.0,23.3,False
PN-102354,29,HYDRAULIC POWER,AIRBUS,A320-200,KRİTİK,VAR,Yurtiçi tamir,3.0,39,9.75,0.64,24.3,0.95,1.0,2.0,12.0,2.0,9.0,0.333,8.1,23.3,False
PN-101973,29,HYDRAULIC POWER,AIRBUS,A319-100,KRİTİK,VAR,Yurtiçi tamir,6.0,29,7.25,0.56,15.8,0.95,1.0,3.0,11.0,2.0,6.0,0.103,1.6,23.3,False
PN-100640,56,WINDOWS,AIRBUS,A321-200,KRİTİK,VAR,Yurtiçi tamir,12.0,0,0.0,0.69,0.0,0.95,0.0,0.0,0.0,0.0,0.0,0.0,0.0,23.3,False
PN-104362,34,NAVIGATION,AIRBUS,A320-200,KRİTİK DEĞİL,YOK,Satınalma,24.0,16,4.0,0.64,10.0,0.9,2.0,4.0,8.0,3.0,6.0,0.0,0.0,23.3,False
PN-101853,25,EQUIPMENT / FURNISHINGS,AIRBUS,A319-100,KRİTİK,VAR,Yurtiçi tamir,8.0,19,4.75,0.56,10.3,0.95,1.0,3.0,8.0,2.0,5.0,0.158,1.6,23.3,False
PN-102181,27,FLIGHT CONTROLS,AIRBUS,A319-100,KRİTİK,VAR,Yurtiçi tamir,9.0,14,3.5,0.56,7.9,0.95,1.0,2.0,6.0,2.0,4.0,0.0,0.0,23.3,False
PN-103788,80,STARTING,AIRBUS,A321-200,KRİTİK DEĞİL,YOK,Yurtdışı tamir,25.0,11,2.75,0.69,7.4,0.9,1.0,3.0,6.0,2.0,4.0,0.0,0.0,23.3,False
PN-101404,25,EQUIPMENT / FURNISHINGS,AIRBUS,A321-200,KRİTİK,VAR,Yurtiçi tamir,9.0,11,2.75,0.69,7.7,0.95,1.0,2.0,5.0,2.0,4.0,0.182,1.4,23.3,False
PN-103808,35,OXYGEN,AIRBUS,A321-200,KRİTİK DEĞİL,YOK,Satınalma,27.0,3,0.85,0.69,2.3,0.9,1.0,2.0,3.0,2.0,3.0,0.0,0.0,23.3,False
PN-100816,22,AUTO FLIGHT,BOEING,737-800,KRİTİK DEĞİL,YOK,Yurtdışı tamir,27.0,5,1.06,0.56,2.4,0.9,1.0,2.0,4.0,2.0,3.0,0.0,0.0,23.3,False
PN-100761,36,PNEUMATIC,BOEING,737-800,KRİTİK,VAR,Yurtiçi tamir,10.0,9,1.95,0.56,4.2,0.95,1.0,2.0,4.0,2.0,4.0,0.0,0.0,23.2,False
PN-101944,30,ICE & RAIN PROTECTION,AIRBUS,A320-200,KRİTİK DEĞİL,YOK,Yurtdışı tamir,26.0,5,1.19,0.64,3.0,0.9,1.0,2.0,4.0,2.0,3.0,0.0,0.0,23.2,False
PN-103935,76,ENGINE CONTROLS,AIRBUS,A321-200,KRİTİK DEĞİL,YOK,Satınalma,25.0,9,2.25,0.69,6.1,0.9,1.0,3.0,6.0,2.0,4.0,0.0,0.0,23.2,False
PN-101022,76,ENGINE CONTROLS,AIRBUS,A320-200,KRİTİK DEĞİL,YOK,Satınalma,25.0,9,2.25,0.64,5.8,0.9,1.0,3.0,6.0,2.0,4.0,0.0,0.0,23.2,False
PN-102451,77,ENGINE INDICATING,BOEING,737-800,KRİTİK,VAR,Yurtiçi tamir,10.0,8,2.0,0.56,4.3,0.95,1.0,2.0,4.0,2.0,4.0,0.5,2.2,23.2,False
PN-102427,31,INDICATING / RECORDING SYSTEMS,AIRBUS,A321neo,KRİTİK DEĞİL,VAR,Yurtiçi tamir,8.0,3,0.85,2.96,9.7,0.9,1.0,2.0,3.0,2.0,5.0,0.333,3.2,23.2,False
PN-103977,80,STARTING,AIRBUS,A321neo,KRİTİK DEĞİL,VAR,Yurtiçi tamir,9.0,2,0.65,2.96,7.4,0.9,1.0,2.0,3.0,2.0,4.0,0.0,0.0,23.2,False
PN-101202,80,STARTING,AIRBUS,A330-300,KRİTİK DEĞİL,YOK,Satınalma,22.0,7,1.44,1.11,6.2,0.9,1.0,2.0,4.0,2.0,4.0,0.143,0.9,23.2,False
PN-101614,22,AUTO FLIGHT,BOEING,737-900ER,KRİTİK,VAR,Yurtiçi tamir,11.0,2,0.35,1.0,1.4,0.95,1.0,2.0,3.0,2.0,3.0,0.0,0.0,23.2,False
PN-101865,31,INDICATING / RECORDING SYSTEMS,AIRBUS,A320-200,KRİTİK,VAR,Yurtiçi tamir,11.0,4,0.8,0.64,2.0,0.95,1.0,2.0,3.0,2.0,3.0,0.0,0.0,23.2,False
PN-100950,23,COMMUNICATIONS,BOEING,737-800,KRİTİK DEĞİL,YOK,Satınalma,25.0,9,2.7,0.56,5.9,0.9,1.0,3.0,6.0,2.0,4.0,0.111,0.7,23.2,False
PN-103311,31,INDICATING / RECORDING SYSTEMS,AIRBUS,A320-200,KRİTİK DEĞİL,YOK,Satınalma,22.0,23,5.75,0.64,14.4,0.9,2.0,4.0,10.0,3.0,7.0,0.087,1.3,23.2,False
PN-101668,35,OXYGEN,AIRBUS,A330-200,KRİTİK DEĞİL,YOK,Satınalma,15.0,6,1.6,1.33,8.3,0.9,1.0,2.0,4.0,2.0,5.0,0.167,1.4,23.2,False
PN-102209,24,ELECTRICAL POWER,AIRBUS,A321-200,KRİTİK,VAR,Yurtiçi tamir,8.0,14,3.5,0.69,9.4,0.95,1.0,2.0,6.0,2.0,5.0,0.071,0.7,23.2,False
PN-100860,80,STARTING,AIRBUS,A321-200,KRİTİK DEĞİL,YOK,Satınalma,26.0,5,1.1,0.69,3.0,0.9,1.0,2.0,4.0,2.0,3.0,0.6,1.8,23.2,False
PN-102187,27,FLIGHT CONTROLS,AIRBUS,A321neo,KRİTİK DEĞİL,VAR,Yurtiçi tamir,8.0,1,0.85,2.96,9.7,0.9,1.0,2.0,3.0,2.0,5.0,0.0,0.0,23.2,False
PN-100128,36,PNEUMATIC,AIRBUS,A321-200,KRİTİK,VAR,Yurtiçi tamir,10.0,7,1.75,0.69,4.7,0.95,1.0,2.0,4.0,2.0,4.0,0.143,0.7,23.2,False
PN-102877,79,OIL,BOEING,737-800,KRİTİK,VAR,Yurtiçi tamir,10.0,10,1.88,0.56,4.1,0.95,1.0,2.0,4.0,2.0,4.0,0.0,0.0,23.2,False
PN-103082,28,FUEL,AIRBUS,A321-200,KRİTİK,VAR,Yurtiçi tamir,9.0,11,2.75,0.69,7.4,0.95,1.0,2.0,5.0,2.0,4.0,0.182,1.3,23.2,False
PN-101990,35,OXYGEN,AIRBUS,A330-200,KRİTİK DEĞİL,YOK,Satınalma,15.0,4,1.57,1.33,8.5,0.9,1.0,2.0,4.0,2.0,5.0,0.0,0.0,23.2,False
PN-101358,23,COMMUNICATIONS,BOEING,737-800,KRİTİK DEĞİL,YOK,Satınalma,24.0,16,4.0,0.56,8.6,0.9,1.0,4.0,8.0,2.0,5.0,0.0,0.0,23.2,False
PN-100679,79,OIL,AIRBUS,A330-200,KRİTİK DEĞİL,YOK,Satınalma,14.0,8,2.0,1.33,10.3,0.9,1.0,2.0,4.0,2.0,5.0,0.0,0.0,23.2,False
PN-103895,79,OIL,BOEING,737-800,KRİTİK,VAR,Yurtiçi tamir,10.0,8,2.0,0.56,4.3,0.95,1.0,2.0,4.0,2.0,4.0,0.125,0.5,23.2,False
PN-100896,35,OXYGEN,AIRBUS,A320-200,KRİTİK DEĞİL,YOK,Satınalma,26.0,6,1.5,0.64,3.8,0.9,1.0,2.0,4.0,2.0,3.0,0.333,1.3,23.2,False
PN-100236,56,WINDOWS,AIRBUS,A320-200,KRİTİK,VAR,Yurtiçi tamir,8.0,16,4.0,0.64,10.1,0.95,1.0,2.0,6.0,2.0,5.0,0.062,0.6,23.2,False
PN-100728,34,NAVIGATION,BOEING,737-800,KRİTİK,VAR,Yurtiçi tamir,11.0,3,0.85,0.56,1.8,0.95,1.0,2.0,3.0,2.0,3.0,0.0,0.0,23.2,False
PN-100283,34,NAVIGATION,AIRBUS,A321-200,KRİTİK DEĞİL,YOK,Yurtdışı tamir,25.0,7,2.19,0.69,6.1,0.9,1.0,2.0,5.0,2.0,4.0,0.0,0.0,23.2,False
PN-103805,76,ENGINE CONTROLS,AIRBUS,A320-200,KRİTİK DEĞİL,YOK,Yurtdışı tamir,26.0,5,1.52,0.64,3.7,0.9,1.0,2.0,4.0,2.0,3.0,0.0,0.0,23.2,False
PN-100472,32,LANDING GEAR,AIRBUS,A320-200,KRİTİK,VAR,Yurtiçi tamir,8.0,15,3.75,0.64,9.3,0.95,1.0,2.0,6.0,2.0,5.0,0.067,0.6,23.2,False
PN-104540,49,AIRBORNE AUXILIARY POWER (APU),BOEING,737-800,KRİTİK DEĞİL,YOK,Satınalma,24.0,14,3.5,0.56,7.6,0.9,1.0,3.0,7.0,2.0,4.0,0.0,0.0,23.1,False
PN-104394,35,OXYGEN,AIRBUS,A320-200,KRİTİK,VAR,Yurtiçi tamir,11.0,1,0.42,0.64,1.0,0.95,1.0,2.0,3.0,2.0,3.0,0.0,0.0,23.1,False
PN-102745,31,INDICATING / RECORDING SYSTEMS,BOEING,737-800,KRİTİK DEĞİL,YOK,Satınalma,24.0,18,3.58,0.56,7.9,0.9,1.0,3.0,7.0,2.0,4.0,0.111,0.9,23.1,False
PN-104454,49,AIRBORNE AUXILIARY POWER (APU),BOEING,737-800,KRİTİK,VAR,Yurtiçi tamir,7.0,21,5.25,0.56,11.4,0.95,1.0,3.0,9.0,2.0,5.0,0.048,0.5,23.1,False
PN-103127,77,ENGINE INDICATING,BOEING,737-900ER,KRİTİK DEĞİL,YOK,Yurtdışı tamir,26.0,3,0.57,1.0,2.2,0.9,1.0,2.0,3.0,2.0,3.0,0.0,0.0,23.1,False
PN-104046,32,LANDING GEAR,AIRBUS,A319-100,KRİTİK,VAR,Yurtiçi tamir,8.0,17,4.25,0.56,9.1,0.95,1.0,3.0,8.0,2.0,5.0,0.059,0.5,23.1,False
PN-104904,25,EQUIPMENT / FURNISHINGS,AIRBUS,A330-300,KRİTİK DEĞİL,YOK,Satınalma,22.0,4,1.2,1.11,5.3,0.9,1.0,2.0,4.0,2.0,4.0,0.0,0.0,23.1,False
PN-104989,76,ENGINE CONTROLS,AIRBUS,A319-100,KRİTİK DEĞİL,YOK,Satınalma,26.0,7,1.31,0.56,2.9,0.9,1.0,2.0,4.0,2.0,3.0,0.0,0.0,23.1,False
PN-103013,72,ENGINE,AIRBUS,A321-200,KRİTİK,VAR,Yurtiçi tamir,8.0,13,3.25,0.69,8.7,0.95,1.0,2.0,6.0,2.0,5.0,0.154,1.3,23.1,False
PN-101952,22,AUTO FLIGHT,BOEING,737-800,KRİTİK DEĞİL,YOK,Yurtdışı tamir,25.0,8,2.3,0.56,5.0,0.9,1.0,3.0,6.0,2.0,4.0,0.625,3.1,23.1,False
PN-102807,29,HYDRAULIC POWER,AIRBUS,A321-200,KRİTİK,VAR,Yurtiçi tamir,9.0,8,2.23,0.69,6.2,0.95,1.0,2.0,5.0,2.0,4.0,0.0,0.0,23.1,False
PN-103487,79,OIL,AIRBUS,A321-200,KRİTİK,VAR,Yurtiçi tamir,10.0,5,1.11,0.69,3.0,0.95,1.0,2.0,4.0,2.0,3.0,0.0,0.0,23.1,False
PN-102108,28,FUEL,AIRBUS,A320-200,KRİTİK,VAR,Yurtiçi tamir,6.0,23,5.75,0.64,14.3,0.95,1.0,3.0,9.0,2.0,6.0,0.13,1.9,23.1,False
PN-104494,28,FUEL,BOEING,737-900ER,KRİTİK,VAR,Yurtiçi tamir,8.0,9,2.25,1.0,8.8,0.95,1.0,2.0,5.0,2.0,5.0,0.222,2.0,23.1,False
PN-104489,31,INDICATING / RECORDING SYSTEMS,AIRBUS,A319-100,KRİTİK DEĞİL,YOK,Satınalma,24.0,15,3.75,0.56,8.1,0.9,1.0,3.0,7.0,2.0,5.0,0.067,0.5,23.1,False
PN-102891,36,PNEUMATIC,AIRBUS,A321-200,KRİTİK DEĞİL,YOK,Satınalma,25.0,8,2.0,0.69,5.5,0.9,1.0,2.0,4.0,2.0,4.0,0.0,0.0,23.1,False
PN-101465,23,COMMUNICATIONS,AIRBUS,A320-200,KRİTİK DEĞİL,YOK,Satınalma,23.0,16,4.0,0.64,10.2,0.9,2.0,4.0,8.0,3.0,6.0,0.25,2.5,23.1,False
PN-101702,56,WINDOWS,AIRBUS,A320-200,KRİTİK DEĞİL,YOK,Satınalma,25.0,8,2.0,0.64,5.0,0.9,1.0,2.0,4.0,2.0,4.0,0.0,0.0,23.1,False
PN-104133,35,OXYGEN,AIRBUS,A330-300,KRİTİK DEĞİL,YOK,Satınalma,24.0,0,0.0,1.11,0.0,0.9,0.0,0.0,0.0,0.0,0.0,0.0,0.0,23.1,False
PN-104820,36,PNEUMATIC,AIRBUS,A319-100,KRİTİK DEĞİL,YOK,Satınalma,26.0,4,1.0,0.56,2.1,0.9,1.0,2.0,3.0,2.0,3.0,0.0,0.0,23.1,False
PN-101419,34,NAVIGATION,AIRBUS,A321neo,KRİTİK DEĞİL,VAR,Yurtiçi tamir,6.0,5,1.24,2.96,14.1,0.9,1.0,2.0,4.0,2.0,6.0,0.0,0.0,23.1,False
PN-103323,52,DOORS,AIRBUS,A320-200,KRİTİK DEĞİL,YOK,Satınalma,25.0,12,2.01,0.64,5.1,0.9,1.0,2.0,5.0,2.0,4.0,0.0,0.0,23.1,False
PN-100718,27,FLIGHT CONTROLS,AIRBUS,A321-200,KRİTİK,VAR,Yurtiçi tamir,8.0,13,3.25,0.69,8.7,0.95,1.0,2.0,6.0,2.0,5.0,0.077,0.7,23.1,False
PN-100045,80,STARTING,AIRBUS,A321-200,KRİTİK DEĞİL,YOK,Satınalma,24.0,11,2.75,0.69,7.4,0.9,1.0,3.0,6.0,2.0,4.0,0.0,0.0,23.1,False
PN-104735,31,INDICATING / RECORDING SYSTEMS,BOEING,737-900ER,KRİTİK,VAR,Yurtiçi tamir,9.0,6,1.5,1.0,6.1,0.95,1.0,2.0,4.0,2.0,4.0,0.0,0.0,23.1,False
PN-100059,56,WINDOWS,AIRBUS,A319-100,KRİTİK DEĞİL,YOK,Satınalma,26.0,5,1.26,0.56,2.8,0.9,1.0,2.0,4.0,2.0,3.0,0.6,1.7,23.1,False
PN-103181,26,FIRE PROTECTION,AIRBUS,A321-200,KRİTİK DEĞİL,YOK,Satınalma,26.0,2,0.85,0.69,2.3,0.9,1.0,2.0,3.0,2.0,3.0,0.0,0.0,23.1,False
PN-104370,36,PNEUMATIC,BOEING,737-800,KRİTİK,VAR,Yurtiçi tamir,9.0,11,2.75,0.56,5.9,0.95,1.0,2.0,5.0,2.0,4.0,0.182,1.1,23.1,False
PN-101827,80,STARTING,BOEING,737-800,KRİTİK DEĞİL,YOK,Satınalma,26.0,1,0.42,0.56,0.9,0.9,1.0,2.0,3.0,2.0,3.0,0.0,0.0,23.0,False
PN-102785,24,ELECTRICAL POWER,AIRBUS,A320-200,KRİTİK,VAR,Yurtiçi tamir,10.0,4,1.05,0.64,2.7,0.95,1.0,2.0,4.0,2.0,3.0,0.0,0.0,23.0,False
PN-102811,28,FUEL,AIRBUS,A320neo,KRİTİK DEĞİL,VAR,Yurtiçi tamir,12.0,10,2.5,2.59,25.1,0.9,2.0,2.0,5.0,3.0,10.0,0.2,5.0,23.0,False
PN-100148,74,IGNITION,BOEING,737-800,KRİTİK DEĞİL,YOK,Yurtdışı tamir,26.0,3,0.57,0.56,1.2,0.9,1.0,2.0,3.0,2.0,3.0,0.333,0.4,23.0,False
PN-104796,35,OXYGEN,BOEING,737-800,KRİTİK DEĞİL,YOK,Satınalma,26.0,3,0.64,0.56,1.4,0.9,1.0,2.0,3.0,2.0,3.0,0.667,0.9,23.0,False
PN-102901,73,ENGINE FUEL AND CONTROL,AIRBUS,A320neo,KRİTİK DEĞİL,VAR,Yurtiçi tamir,9.0,13,3.25,2.59,32.7,0.9,2.0,2.0,6.0,3.0,12.0,0.0,0.0,23.0,False
PN-100469,79,OIL,AIRBUS,A320-200,KRİTİK DEĞİL,YOK,Yurtdışı tamir,26.0,3,0.46,0.64,1.2,0.9,1.0,2.0,3.0,2.0,3.0,0.333,0.4,23.0,False
PN-102160,74,IGNITION,BOEING,737-800,KRİTİK DEĞİL,YOK,Satınalma,25.0,8,1.95,0.56,4.2,0.9,1.0,2.0,4.0,2.0,4.0,0.0,0.0,23.0,False
PN-102505,23,COMMUNICATIONS,AIRBUS,A321neo,KRİTİK DEĞİL,VAR,Yurtiçi tamir,8.0,3,0.7,2.96,8.0,0.9,1.0,2.0,3.0,2.0,4.0,0.0,0.0,23.0,False
PN-100822,24,ELECTRICAL POWER,BOEING,737-800,KRİTİK,VAR,Yurtiçi tamir,6.0,23,5.75,0.56,12.6,0.95,1.0,3.0,9.0,2.0,6.0,0.217,2.7,23.0,False
PN-101189,21,AIR CONDITIONING,AIRBUS,A321-200,KRİTİK,VAR,Yurtiçi tamir,10.0,4,0.91,0.69,2.4,0.95,1.0,2.0,3.0,2.0,3.0,0.0,0.0,23.0,False
PN-101405,25,EQUIPMENT / FURNISHINGS,BOEING,737-800,KRİTİK DEĞİL,YOK,Satınalma,26.0,4,0.85,0.56,1.8,0.9,1.0,2.0,3.0,2.0,3.0,0.0,0.0,23.0,False
PN-100980,49,AIRBORNE AUXILIARY POWER (APU),AIRBUS,A321neo,KRİTİK DEĞİL,VAR,Yurtiçi tamir,6.0,6,1.15,2.96,13.2,0.9,1.0,2.0,4.0,2.0,6.0,0.0,0.0,23.0,False
PN-104836,24,ELECTRICAL POWER,BOEING,737-800,KRİTİK,VAR,Yurtiçi tamir,10.0,5,1.21,0.56,2.6,0.95,1.0,2.0,4.0,2.0,3.0,0.2,0.5,23.0,False
PN-101363,26,FIRE PROTECTION,AIRBUS,A321-200,KRİTİK DEĞİL,YOK,Yurtdışı tamir,26.0,2,0.35,0.69,0.9,0.9,1.0,2.0,3.0,2.0,3.0,0.0,0.0,23.0,False
PN-103208,31,INDICATING / RECORDING SYSTEMS,AIRBUS,A319-100,KRİTİK DEĞİL,YOK,Satınalma,26.0,3,0.65,0.56,1.5,0.9,1.0,2.0,3.0,2.0,3.0,0.0,0.0,23.0,False
PN-102623,79,OIL,AIRBUS,A330-300,KRİTİK DEĞİL,YOK,Satınalma,19.0,11,2.75,1.11,12.1,0.9,2.0,2.0,5.0,3.0,7.0,0.182,2.2,23.0,False
PN-100684,25,EQUIPMENT / FURNISHINGS,AIRBUS,A319-100,KRİTİK DEĞİL,YOK,Satınalma,25.0,8,2.0,0.56,4.3,0.9,1.0,2.0,4.0,2.0,4.0,0.125,0.5,23.0,False
PN-102049,56,WINDOWS,AIRBUS,A321-200,KRİTİK DEĞİL,YOK,Satınalma,26.0,2,0.42,0.69,1.1,0.9,1.0,2.0,3.0,2.0,3.0,0.0,0.0,23.0,False
PN-101361,22,AUTO FLIGHT,AIRBUS,A319-100,KRİTİK,VAR,Yurtiçi tamir,11.0,0,0.0,0.56,0.0,0.95,0.0,0.0,0.0,0.0,0.0,0.0,0.0,23.0,False
PN-100900,21,AIR CONDITIONING,AIRBUS,A320-200,KRİTİK,VAR,Yurtiçi tamir,5.0,24,6.0,0.64,15.3,0.95,1.0,2.0,8.0,2.0,6.0,0.208,3.2,23.0,False
PN-104318,76,ENGINE CONTROLS,AIRBUS,A320-200,KRİTİK DEĞİL,YOK,Satınalma,24.0,11,2.75,0.64,6.8,0.9,1.0,3.0,6.0,2.0,4.0,0.091,0.6,23.0,False
PN-100675,71,POWER PLANT,AIRBUS,A319-100,KRİTİK,VAR,Yurtiçi tamir,8.0,13,3.25,0.56,7.2,0.95,1.0,2.0,6.0,2.0,4.0,0.077,0.6,23.0,False
PN-100582,23,COMMUNICATIONS,BOEING,737-800,KRİTİK DEĞİL,YOK,Satınalma,23.0,17,4.25,0.56,9.3,0.9,1.0,4.0,9.0,2.0,5.0,0.059,0.5,23.0,False
PN-102758,30,ICE & RAIN PROTECTION,AIRBUS,A321neo,KRİTİK DEĞİL,VAR,Yurtiçi tamir,9.0,1,0.42,2.96,4.8,0.9,1.0,2.0,3.0,2.0,4.0,0.0,0.0,23.0,False
PN-102631,56,WINDOWS,AIRBUS,A320-200,KRİTİK DEĞİL,YOK,Satınalma,25.0,3,1.11,0.64,2.9,0.9,1.0,2.0,4.0,2.0,3.0,0.0,0.0,22.9,False
PN-101996,36,PNEUMATIC,AIRBUS,A321neo,KRİTİK DEĞİL,VAR,Yurtiçi tamir,7.0,2,0.85,2.96,10.0,0.9,1.0,2.0,3.0,2.0,5.0,0.0,0.0,22.9,False
PN-100865,71,POWER PLANT,AIRBUS,A321-200,KRİTİK DEĞİL,YOK,Satınalma,24.0,8,2.0,0.69,5.5,0.9,1.0,2.0,4.0,2.0,4.0,0.125,0.7,22.9,False
PN-102589,29,HYDRAULIC POWER,AIRBUS,A321-200,KRİTİK,VAR,Yurtiçi tamir,6.0,17,4.25,0.69,11.5,0.95,1.0,2.0,7.0,2.0,5.0,0.176,2.0,22.9,False
PN-102465,26,FIRE PROTECTION,AIRBUS,A319-100,KRİTİK DEĞİL,YOK,Satınalma,24.0,10,2.5,0.56,5.5,0.9,1.0,3.0,6.0,2.0,4.0,0.0,0.0,22.9,False
PN-102461,26,FIRE PROTECTION,AIRBUS,A320-200,KRİTİK DEĞİL,YOK,Yurtdışı tamir,26.0,0,0.0,0.64,0.0,0.9,0.0,0.0,0.0,0.0,0.0,0.0,0.0,22.9,False
PN-104680,29,HYDRAULIC POWER,AIRBUS,A320neo,KRİTİK DEĞİL,VAR,Yurtiçi tamir,6.0,16,4.0,2.59,40.4,0.9,2.0,2.0,6.0,3.0,14.0,0.312,12.6,22.9,False
PN-101794,34,NAVIGATION,BOEING,737-900ER,KRİTİK,VAR,Yurtiçi tamir,8.0,6,1.62,1.0,6.5,0.95,1.0,2.0,4.0,2.0,4.0,0.0,0.0,22.9,False
PN-103653,35,OXYGEN,AIRBUS,A321-200,KRİTİK DEĞİL,YOK,Satınalma,25.0,3,1.11,0.69,3.0,0.9,1.0,2.0,4.0,2.0,3.0,0.333,1.0,22.9,False
PN-103241,26,FIRE PROTECTION,BOEING,737-800,KRİTİK DEĞİL,YOK,Satınalma,23.0,15,3.75,0.56,8.2,0.9,1.0,3.0,7.0,2.0,5.0,0.4,3.3,22.9,False
PN-101618,24,ELECTRICAL POWER,AIRBUS,A321-200,KRİTİK,VAR,Yurtiçi tamir,6.0,18,4.5,0.69,12.3,0.95,1.0,2.0,7.0,2.0,6.0,0.056,0.7,22.9,False
PN-100087,29,HYDRAULIC POWER,AIRBUS,A320-200,KRİTİK,VAR,Yurtiçi tamir,10.0,3,0.65,0.64,1.6,0.95,1.0,2.0,3.0,2.0,3.0,0.0,0.0,22.9,False
PN-103054,73,ENGINE FUEL AND CONTROL,BOEING,737-800,KRİTİK DEĞİL,YOK,Satınalma,24.0,10,2.5,0.56,5.4,0.9,1.0,3.0,6.0,2.0,4.0,0.1,0.5,22.9,False
PN-100093,31,INDICATING / RECORDING SYSTEMS,AIRBUS,A320-200,KRİTİK,VAR,Yurtiçi tamir,10.0,1,0.42,0.64,1.0,0.95,1.0,2.0,3.0,2.0,3.0,0.0,0.0,22.9,False
PN-102541,80,STARTING,AIRBUS,A320-200,KRİTİK DEĞİL,YOK,Yurtdışı tamir,25.0,4,1.2,0.64,3.0,0.9,1.0,2.0,4.0,2.0,3.0,0.0,0.0,22.9,False
PN-100080,79,OIL,AIRBUS,A319-100,KRİTİK,VAR,Yurtiçi tamir,7.0,17,4.25,0.56,9.3,0.95,1.0,2.0,7.0,2.0,5.0,0.176,1.6,22.9,False
PN-101957,35,OXYGEN,AIRBUS,A330-300,KRİTİK DEĞİL,YOK,Yurtdışı tamir,22.0,2,0.53,1.11,2.3,0.9,1.0,2.0,3.0,2.0,3.0,0.0,0.0,22.9,False
PN-101327,23,COMMUNICATIONS,AIRBUS,A321-200,KRİTİK DEĞİL,YOK,Yurtdışı tamir,25.0,6,1.18,0.69,3.2,0.9,1.0,2.0,4.0,2.0,3.0,0.0,0.0,22.9,False
PN-101303,77,ENGINE INDICATING,AIRBUS,A320-200,KRİTİK DEĞİL,YOK,Yurtdışı tamir,24.0,10,2.5,0.64,6.2,0.9,1.0,3.0,6.0,2.0,4.0,0.0,0.0,22.9,False
PN-101236,21,AIR CONDITIONING,AIRBUS,A320neo,KRİTİK DEĞİL,VAR,Yurtiçi tamir,5.0,17,4.25,2.59,42.5,0.9,1.0,2.0,7.0,2.0,13.0,0.118,5.0,22.9,False
PN-102748,31,INDICATING / RECORDING SYSTEMS,AIRBUS,A320-200,KRİTİK,VAR,Yurtiçi tamir,8.0,11,2.75,0.64,6.9,0.95,1.0,2.0,5.0,2.0,4.0,0.0,0.0,22.9,False
PN-101925,24,ELECTRICAL POWER,AIRBUS,A321-200,KRİTİK,VAR,Yurtiçi tamir,8.0,10,2.5,0.69,7.0,0.95,1.0,2.0,5.0,2.0,4.0,0.0,0.0,22.9,False
PN-101819,28,FUEL,AIRBUS,A321-200,KRİTİK DEĞİL,YOK,Yurtdışı tamir,24.0,8,2.0,0.69,5.4,0.9,1.0,2.0,4.0,2.0,4.0,0.125,0.7,22.9,False
PN-103394,29,HYDRAULIC POWER,AIRBUS,A319-100,KRİTİK,VAR,Yurtiçi tamir,7.0,18,4.5,0.56,9.7,0.95,1.0,2.0,7.0,2.0,5.0,0.0,0.0,22.9,False
PN-101267,30,ICE & RAIN PROTECTION,AIRBUS,A321-200,KRİTİK DEĞİL,YOK,Yurtdışı tamir,25.0,5,1.25,0.69,3.5,0.9,1.0,2.0,4.0,2.0,3.0,0.0,0.0,22.9,False
PN-104561,31,INDICATING / RECORDING SYSTEMS,AIRBUS,A319-100,KRİTİK DEĞİL,YOK,Satınalma,25.0,5,1.36,0.56,2.9,0.9,1.0,2.0,4.0,2.0,3.0,0.0,0.0,22.9,False
PN-104365,74,IGNITION,AIRBUS,A321-200,KRİTİK DEĞİL,YOK,Satınalma,24.0,8,2.0,0.69,5.4,0.9,1.0,2.0,4.0,2.0,4.0,0.0,0.0,22.9,False
PN-102337,74,IGNITION,AIRBUS,A319-100,KRİTİK DEĞİL,YOK,Satınalma,21.0,23,5.75,0.56,12.5,0.9,2.0,4.0,10.0,3.0,7.0,0.0,0.0,22.8,False
PN-104418,71,POWER PLANT,AIRBUS,A321-200,KRİTİK,VAR,Yurtiçi tamir,7.0,13,3.25,0.69,8.7,0.95,1.0,2.0,6.0,2.0,5.0,0.077,0.7,22.8,False
PN-103878,25,EQUIPMENT / FURNISHINGS,AIRBUS,A321-200,KRİTİK DEĞİL,YOK,Satınalma,20.0,22,5.5,0.69,15.0,0.9,2.0,4.0,10.0,3.0,7.0,0.182,2.7,22.8,False
PN-101390,28,FUEL,AIRBUS,A320-200,KRİTİK,VAR,Yurtiçi tamir,7.0,13,3.25,0.64,8.3,0.95,1.0,2.0,6.0,2.0,5.0,0.077,0.6,22.8,False
PN-100182,34,NAVIGATION,AIRBUS,A320-200,KRİTİK DEĞİL,YOK,Yurtdışı tamir,24.0,11,1.9,0.64,4.8,0.9,1.0,2.0,4.0,2.0,4.0,0.182,0.9,22.8,False
PN-100610,74,IGNITION,AIRBUS,A321-200,KRİTİK DEĞİL,YOK,Satınalma,25.0,2,0.85,0.69,2.3,0.9,1.0,2.0,3.0,2.0,3.0,0.0,0.0,22.8,False
PN-104113,80,STARTING,AIRBUS,A320-200,KRİTİK DEĞİL,YOK,Satınalma,24.0,8,2.0,0.64,5.0,0.9,1.0,2.0,4.0,2.0,4.0,0.0,0.0,22.8,False
PN-104675,30,ICE & RAIN PROTECTION,AIRBUS,A319-100,KRİTİK DEĞİL,YOK,Yurtdışı tamir,24.0,8,2.0,0.56,4.3,0.9,1.0,2.0,4.0,2.0,4.0,0.125,0.5,22.8,False
PN-104663,30,ICE & RAIN PROTECTION,BOEING,737-900ER,KRİTİK DEĞİL,YOK,Satınalma,25.0,2,0.5,1.0,1.9,0.9,1.0,2.0,3.0,2.0,3.0,0.0,0.0,22.8,False
PN-104097,24,ELECTRICAL POWER,AIRBUS,A320neo,KRİTİK DEĞİL,VAR,Yurtiçi tamir,10.0,11,2.75,2.59,28.3,0.9,2.0,2.0,5.0,3.0,11.0,0.091,2.6,22.8,False
PN-104899,49,AIRBORNE AUXILIARY POWER (APU),BOEING,737-900ER,KRİTİK DEĞİL,YOK,Satınalma,23.0,10,1.92,1.0,7.4,0.9,1.0,2.0,4.0,2.0,4.0,0.1,0.7,22.8,False
PN-102026,49,AIRBORNE AUXILIARY POWER (APU),BOEING,737-800,KRİTİK,VAR,Yurtiçi tamir,5.0,25,6.25,0.56,13.6,0.95,1.0,2.0,9.0,2.0,6.0,0.12,1.6,22.8,False
PN-100146,21,AIR CONDITIONING,BOEING,737-800,KRİTİK,VAR,Yurtiçi tamir,7.0,14,3.5,0.56,7.7,0.95,1.0,2.0,6.0,2.0,4.0,0.214,1.6,22.8,False
PN-102258,21,AIR CONDITIONING,AIRBUS,A320-200,KRİTİK DEĞİL,YOK,Satınalma,25.0,5,0.97,0.64,2.5,0.9,1.0,2.0,3.0,2.0,3.0,0.0,0.0,22.8,False
PN-102693,32,LANDING GEAR,BOEING,737-800,KRİTİK,VAR,Yurtiçi tamir,9.0,6,1.09,0.56,2.4,0.95,1.0,2.0,4.0,2.0,3.0,0.0,0.0,22.8,False
PN-103409,34,NAVIGATION,AIRBUS,A320-200,KRİTİK DEĞİL,YOK,Satınalma,25.0,4,0.85,0.64,2.2,0.9,1.0,2.0,3.0,2.0,3.0,0.0,0.0,22.8,False
PN-101578,23,COMMUNICATIONS,AIRBUS,A320-200,KRİTİK DEĞİL,YOK,Yurtdışı tamir,21.0,21,5.25,0.64,13.1,0.9,2.0,4.0,10.0,3.0,7.0,0.048,0.6,22.8,False
PN-100911,25,EQUIPMENT / FURNISHINGS,AIRBUS,A320-200,KRİTİK DEĞİL,YOK,Satınalma,22.0,14,3.5,0.64,9.0,0.9,1.0,3.0,7.0,2.0,5.0,0.071,0.6,22.7,False
PN-101441,35,OXYGEN,AIRBUS,A320-200,KRİTİK DEĞİL,YOK,Satınalma,24.0,6,1.37,0.64,3.4,0.9,1.0,2.0,4.0,2.0,3.0,0.167,0.6,22.7,False
PN-101948,21,AIR CONDITIONING,AIRBUS,A330-300,KRİTİK,VAR,Yurtiçi tamir,5.0,4,0.97,1.11,4.4,0.95,1.0,2.0,3.0,2.0,4.0,0.0,0.0,22.7,False
PN-104053,74,IGNITION,AIRBUS,A320-200,KRİTİK DEĞİL,YOK,Yurtdışı tamir,25.0,2,0.5,0.64,1.2,0.9,1.0,2.0,3.0,2.0,3.0,0.0,0.0,22.7,False
PN-102760,24,ELECTRICAL POWER,BOEING,737-800,KRİTİK DEĞİL,YOK,Satınalma,25.0,2,0.65,0.56,1.4,0.9,1.0,2.0,3.0,2.0,3.0,0.0,0.0,22.7,False
PN-103715,28,FUEL,AIRBUS,A320-200,KRİTİK DEĞİL,YOK,Satınalma,24.0,7,1.44,0.64,3.6,0.9,1.0,2.0,4.0,2.0,3.0,0.286,1.0,22.7,False
PN-102717,56,WINDOWS,AIRBUS,A319-100,KRİTİK DEĞİL,YOK,Satınalma,22.0,16,4.0,0.56,8.6,0.9,1.0,3.0,7.0,2.0,5.0,0.25,2.2,22.7,False
PN-100092,74,IGNITION,BOEING,737-800,KRİTİK DEĞİL,YOK,Satınalma,25.0,2,0.53,0.56,1.1,0.9,1.0,2.0,3.0,2.0,3.0,0.0,0.0,22.7,False
PN-104861,74,IGNITION,BOEING,737-900ER,KRİTİK DEĞİL,YOK,Yurtdışı tamir,22.0,9,2.25,1.0,8.8,0.9,1.0,2.0,5.0,2.0,5.0,0.111,1.0,22.7,False
PN-103949,25,EQUIPMENT / FURNISHINGS,BOEING,737-900ER,KRİTİK,VAR,Yurtiçi tamir,6.0,10,2.5,1.0,9.8,0.95,1.0,2.0,5.0,2.0,5.0,0.0,0.0,22.7,False
PN-103516,25,EQUIPMENT / FURNISHINGS,AIRBUS,A320-200,KRİTİK DEĞİL,YOK,Satınalma,24.0,7,1.58,0.64,4.0,0.9,1.0,2.0,4.0,2.0,4.0,0.286,1.1,22.7,False
PN-100224,71,POWER PLANT,AIRBUS,A320-200,KRİTİK DEĞİL,YOK,Satınalma,22.0,14,3.5,0.64,8.6,0.9,1.0,3.0,7.0,2.0,5.0,0.071,0.6,22.7,False
PN-100179,35,OXYGEN,AIRBUS,A321-200,KRİTİK,VAR,Yurtiçi tamir,9.0,2,0.53,0.69,1.5,0.95,1.0,2.0,3.0,2.0,3.0,0.0,0.0,22.7,False
PN-104287,73,ENGINE FUEL AND CONTROL,BOEING,737-800,KRİTİK DEĞİL,YOK,Satınalma,23.0,11,2.66,0.56,6.0,0.9,1.0,3.0,6.0,2.0,4.0,0.0,0.0,22.7,False
PN-101156,24,ELECTRICAL POWER,AIRBUS,A320-200,KRİTİK,VAR,Yurtiçi tamir,7.0,12,3.0,0.64,7.5,0.95,1.0,2.0,5.0,2.0,4.0,0.0,0.0,22.7,False
PN-100891,71,POWER PLANT,BOEING,737-800,KRİTİK DEĞİL,YOK,Satınalma,25.0,3,0.64,0.56,1.4,0.9,1.0,2.0,3.0,2.0,3.0,0.0,0.0,22.7,False
PN-104487,27,FLIGHT CONTROLS,AIRBUS,A319-100,KRİTİK DEĞİL,YOK,Yurtdışı tamir,24.0,7,1.63,0.56,3.5,0.9,1.0,2.0,4.0,2.0,3.0,0.143,0.5,22.7,False
PN-104484,34,NAVIGATION,AIRBUS,A321-200,KRİTİK DEĞİL,YOK,Satınalma,23.0,9,2.25,0.69,6.1,0.9,1.0,2.0,5.0,2.0,4.0,0.0,0.0,22.7,False
PN-101812,56,WINDOWS,AIRBUS,A320neo,KRİTİK DEĞİL,VAR,Yurtiçi tamir,14.0,8,1.63,2.59,16.5,0.9,2.0,2.0,4.0,3.0,8.0,0.0,0.0,22.7,False
PN-100450,79,OIL,AIRBUS,A320-200,KRİTİK DEĞİL,YOK,Yurtdışı tamir,22.0,15,3.75,0.64,9.5,0.9,1.0,3.0,7.0,2.0,5.0,0.133,1.3,22.7,False
PN-104655,26,FIRE PROTECTION,BOEING,737-800,KRİTİK DEĞİL,YOK,Satınalma,23.0,10,2.5,0.56,5.4,0.9,1.0,3.0,6.0,2.0,4.0,0.0,0.0,22.6,False
PN-103313,26,FIRE PROTECTION,BOEING,737-800,KRİTİK,VAR,Yurtiçi tamir,8.0,6,1.33,0.56,2.9,0.95,1.0,2.0,4.0,2.0,3.0,0.167,0.5,22.6,False
PN-100308,29,HYDRAULIC POWER,AIRBUS,A320-200,KRİTİK,VAR,Yurtiçi tamir,5.0,19,4.75,0.64,11.8,0.95,1.0,2.0,7.0,2.0,5.0,0.105,1.2,22.6,False
PN-104776,29,HYDRAULIC POWER,AIRBUS,A321-200,KRİTİK DEĞİL,YOK,Yurtdışı tamir,19.0,23,5.75,0.69,15.7,0.9,2.0,4.0,10.0,3.0,7.0,0.043,0.7,22.6,False
PN-101075,25,EQUIPMENT / FURNISHINGS,AIRBUS,A321-200,KRİTİK DEĞİL,YOK,Satınalma,23.0,10,2.1,0.69,5.6,0.9,1.0,2.0,5.0,2.0,4.0,0.0,0.0,22.6,False
PN-102720,52,DOORS,AIRBUS,A320-200,KRİTİK DEĞİL,YOK,Satınalma,25.0,0,0.0,0.64,0.0,0.9,0.0,0.0,0.0,0.0,0.0,0.0,0.0,22.6,False
PN-103121,80,STARTING,AIRBUS,A321-200,KRİTİK,VAR,Yurtiçi tamir,7.0,9,2.25,0.69,6.1,0.95,1.0,2.0,5.0,2.0,4.0,0.0,0.0,22.6,False
PN-103038,28,FUEL,AIRBUS,A321-200,KRİTİK DEĞİL,YOK,Satınalma,22.0,11,2.75,0.69,7.5,0.9,1.0,3.0,6.0,2.0,4.0,0.0,0.0,22.6,False
PN-101181,79,OIL,AIRBUS,A320-200,KRİTİK DEĞİL,YOK,Satınalma,20.0,22,5.5,0.64,13.6,0.9,2.0,4.0,10.0,3.0,7.0,0.091,1.2,22.6,False
PN-103385,27,FLIGHT CONTROLS,AIRBUS,A319-100,KRİTİK,VAR,Yurtiçi tamir,7.0,11,2.75,0.56,6.0,0.95,1.0,2.0,5.0,2.0,4.0,0.091,0.5,22.6,False
PN-100946,80,STARTING,BOEING,737-800,KRİTİK DEĞİL,YOK,Satınalma,22.0,15,3.75,0.56,8.2,0.9,1.0,3.0,7.0,2.0,5.0,0.067,0.5,22.6,False
PN-103706,25,EQUIPMENT / FURNISHINGS,AIRBUS,A321-200,KRİTİK,VAR,Yurtiçi tamir,7.0,9,2.25,0.69,6.0,0.95,1.0,2.0,5.0,2.0,4.0,0.0,0.0,22.6,False
PN-100926,36,PNEUMATIC,AIRBUS,A320-200,KRİTİK,VAR,Yurtiçi tamir,9.0,1,0.42,0.64,1.0,0.95,1.0,2.0,3.0,2.0,3.0,0.0,0.0,22.6,False
PN-100910,73,ENGINE FUEL AND CONTROL,BOEING,737-800,KRİTİK DEĞİL,YOK,Satınalma,23.0,9,2.25,0.56,4.8,0.9,1.0,2.0,5.0,2.0,4.0,0.222,1.1,22.6,False
PN-104243,21,AIR CONDITIONING,AIRBUS,A319-100,KRİTİK,VAR,Yurtiçi tamir,7.0,13,2.89,0.56,6.3,0.95,1.0,2.0,5.0,2.0,4.0,0.0,0.0,22.6,False
PN-103876,71,POWER PLANT,AIRBUS,A321-200,KRİTİK,VAR,Yurtiçi tamir,7.0,9,2.25,0.69,6.1,0.95,1.0,2.0,5.0,2.0,4.0,0.0,0.0,22.6,False
PN-104162,36,PNEUMATIC,AIRBUS,A320-200,KRİTİK,VAR,Yurtiçi tamir,7.0,10,2.5,0.64,6.3,0.95,1.0,2.0,5.0,2.0,4.0,0.1,0.6,22.6,False
PN-101177,25,EQUIPMENT / FURNISHINGS,AIRBUS,A330-300,KRİTİK DEĞİL,YOK,Satınalma,18.0,10,2.5,1.11,10.8,0.9,1.0,2.0,5.0,2.0,5.0,0.2,2.2,22.6,False
PN-103683,36,PNEUMATIC,BOEING,737-800,KRİTİK DEĞİL,YOK,Satınalma,24.0,5,1.02,0.56,2.2,0.9,1.0,2.0,4.0,2.0,3.0,0.8,1.8,22.6,False
PN-103432,26,FIRE PROTECTION,AIRBUS,A321-200,KRİTİK DEĞİL,YOK,Satınalma,24.0,4,0.85,0.69,2.4,0.9,1.0,2.0,3.0,2.0,3.0,0.75,1.8,22.6,False
PN-100897,22,AUTO FLIGHT,AIRBUS,A320-200,KRİTİK,VAR,Yurtiçi tamir,4.0,23,5.75,0.64,14.5,0.95,1.0,2.0,8.0,2.0,6.0,0.0,0.0,22.6,False
PN-101715,76,ENGINE CONTROLS,AIRBUS,A320-200,KRİTİK,VAR,Yurtiçi tamir,6.0,14,3.5,0.64,8.9,0.95,1.0,2.0,6.0,2.0,5.0,0.143,1.3,22.6,False
PN-102323,52,DOORS,BOEING,737-800,KRİTİK DEĞİL,YOK,Satınalma,24.0,3,0.69,0.56,1.5,0.9,1.0,2.0,3.0,2.0,3.0,0.0,0.0,22.5,False
PN-100052,30,ICE & RAIN PROTECTION,BOEING,737-800,KRİTİK DEĞİL,YOK,Yurtdışı tamir,22.0,13,3.25,0.56,7.0,0.9,1.0,3.0,7.0,2.0,4.0,0.077,0.5,22.5,False
PN-101256,26,FIRE PROTECTION,AIRBUS,A320neo,KRİTİK DEĞİL,VAR,Yurtiçi tamir,9.0,9,2.71,2.59,27.9,0.9,2.0,2.0,5.0,3.0,10.0,0.0,0.0,22.5,False
PN-100162,31,INDICATING / RECORDING SYSTEMS,AIRBUS,A321-200,KRİTİK,VAR,Yurtiçi tamir,5.0,15,3.75,0.69,10.2,0.95,1.0,2.0,6.0,2.0,5.0,0.067,0.7,22.5,False
PN-103915,23,COMMUNICATIONS,AIRBUS,A320-200,KRİTİK DEĞİL,YOK,Yurtdışı tamir,23.0,6,1.5,0.64,3.8,0.9,1.0,2.0,4.0,2.0,3.0,0.333,1.3,22.5,False
PN-101437,52,DOORS,BOEING,737-800,KRİTİK DEĞİL,YOK,Satınalma,15.0,48,12.0,0.56,26.1,0.9,2.0,4.0,16.0,4.0,11.0,0.125,3.3,22.5,False
PN-101633,76,ENGINE CONTROLS,AIRBUS,A330-200,KRİTİK DEĞİL,YOK,Satınalma,10.0,11,2.75,1.33,14.4,0.9,1.0,2.0,5.0,2.0,6.0,0.091,1.3,22.5,False
PN-104383,36,PNEUMATIC,BOEING,737-900ER,KRİTİK DEĞİL,YOK,Satınalma,19.0,15,3.75,1.0,14.5,0.9,2.0,3.0,7.0,3.0,7.0,0.0,0.0,22.5,False
PN-102467,56,WINDOWS,AIRBUS,A321-200,KRİTİK,VAR,Yurtiçi tamir,7.0,8,2.0,0.69,5.3,0.95,1.0,2.0,4.0,2.0,4.0,0.0,0.0,22.5,False
PN-100167,25,EQUIPMENT / FURNISHINGS,AIRBUS,A320-200,KRİTİK DEĞİL,YOK,Satınalma,23.0,7,1.55,0.64,3.9,0.9,1.0,2.0,4.0,2.0,3.0,0.0,0.0,22.5,False
PN-102127,52,DOORS,AIRBUS,A321-200,KRİTİK DEĞİL,YOK,Satınalma,24.0,3,0.69,0.69,1.9,0.9,1.0,2.0,3.0,2.0,3.0,0.333,0.6,22.5,False
PN-103537,24,ELECTRICAL POWER,AIRBUS,A321-200,KRİTİK,VAR,Yurtiçi tamir,6.0,16,2.87,0.69,7.8,0.95,1.0,2.0,5.0,2.0,4.0,0.125,1.0,22.5,False
PN-100418,28,FUEL,AIRBUS,A319-100,KRİTİK,VAR,Yurtiçi tamir,8.0,5,1.25,0.56,2.8,0.95,1.0,2.0,4.0,2.0,3.0,0.0,0.0,22.5,False
PN-101926,30,ICE & RAIN PROTECTION,AIRBUS,A320-200,KRİTİK,VAR,Yurtiçi tamir,6.0,12,3.0,0.64,7.5,0.95,1.0,2.0,5.0,2.0,4.0,0.0,0.0,22.5,False
PN-103227,30,ICE & RAIN PROTECTION,AIRBUS,A321-200,KRİTİK,VAR,Yurtiçi tamir,8.0,3,0.9,0.69,2.5,0.95,1.0,2.0,3.0,2.0,3.0,0.0,0.0,22.5,False
PN-102250,35,OXYGEN,AIRBUS,A320neo,KRİTİK DEĞİL,VAR,Yurtiçi tamir,16.0,4,0.85,2.59,8.6,0.9,1.0,2.0,3.0,2.0,5.0,0.0,0.0,22.5,False
PN-101139,36,PNEUMATIC,AIRBUS,A330-200,KRİTİK DEĞİL,YOK,Satınalma,14.0,3,0.6,1.33,3.1,0.9,1.0,2.0,3.0,2.0,3.0,0.0,0.0,22.5,False
PN-103908,26,FIRE PROTECTION,BOEING,737-800,KRİTİK DEĞİL,YOK,Satınalma,24.0,2,0.57,0.56,1.3,0.9,1.0,2.0,3.0,2.0,3.0,1.0,1.3,22.5,False
PN-102243,23,COMMUNICATIONS,AIRBUS,A321-200,KRİTİK,VAR,Yurtiçi tamir,8.0,4,0.85,0.69,2.3,0.95,1.0,2.0,3.0,2.0,3.0,0.0,0.0,22.5,False
PN-100047,77,ENGINE INDICATING,AIRBUS,A320-200,KRİTİK DEĞİL,YOK,Satınalma,24.0,4,0.79,0.64,1.9,0.9,1.0,2.0,3.0,2.0,3.0,0.0,0.0,22.5,False
PN-104023,28,FUEL,AIRBUS,A320neo,KRİTİK DEĞİL,VAR,Yurtiçi tamir,7.0,13,3.25,2.59,33.1,0.9,2.0,2.0,6.0,3.0,12.0,0.154,5.1,22.5,False
PN-103583,28,FUEL,AIRBUS,A320-200,KRİTİK,VAR,Yurtiçi tamir,6.0,16,2.97,0.64,7.4,0.95,1.0,2.0,5.0,2.0,4.0,0.062,0.5,22.5,False
PN-100605,35,OXYGEN,BOEING,737-800,KRİTİK DEĞİL,YOK,Satınalma,24.0,3,0.57,0.56,1.2,0.9,1.0,2.0,3.0,2.0,3.0,0.667,0.8,22.5,False
PN-102507,52,DOORS,BOEING,737-800,KRİTİK,VAR,Yurtiçi tamir,7.0,8,2.46,0.56,5.3,0.95,1.0,2.0,5.0,2.0,4.0,0.25,1.3,22.5,False
PN-104380,79,OIL,AIRBUS,A320-200,KRİTİK,VAR,Yurtiçi tamir,7.0,7,1.75,0.64,4.4,0.95,1.0,2.0,4.0,2.0,4.0,0.0,0.0,22.4,False
PN-103337,22,AUTO FLIGHT,AIRBUS,A330-200,KRİTİK DEĞİL,YOK,Satınalma,12.0,6,1.5,1.33,7.8,0.9,1.0,2.0,4.0,2.0,4.0,0.0,0.0,22.4,False
PN-103372,29,HYDRAULIC POWER,AIRBUS,A320-200,KRİTİK,VAR,Yurtiçi tamir,6.0,10,2.5,0.64,6.4,0.95,1.0,2.0,5.0,2.0,4.0,0.1,0.6,22.4,False
PN-102490,29,HYDRAULIC POWER,AIRBUS,A319-100,KRİTİK,VAR,Yurtiçi tamir,8.0,3,0.7,0.56,1.6,0.95,1.0,2.0,3.0,2.0,3.0,0.0,0.0,22.4,False
PN-102404,30,ICE & RAIN PROTECTION,BOEING,737-800,KRİTİK,VAR,Yurtiçi tamir,6.0,12,3.0,0.56,6.4,0.95,1.0,2.0,5.0,2.0,4.0,0.083,0.5,22.4,False
PN-103632,21,AIR CONDITIONING,BOEING,737-800,KRİTİK,VAR,Yurtiçi tamir,6.0,13,3.25,0.56,6.9,0.95,1.0,2.0,6.0,2.0,4.0,0.154,1.1,22.4,False
PN-101640,71,POWER PLANT,AIRBUS,A321-200,KRİTİK,VAR,Yurtiçi tamir,7.0,6,1.5,0.69,4.1,0.95,1.0,2.0,4.0,2.0,4.0,0.167,0.7,22.4,False
PN-101462,22,AUTO FLIGHT,BOEING,737-800,KRİTİK DEĞİL,YOK,Satınalma,23.0,6,1.5,0.56,3.2,0.9,1.0,2.0,4.0,2.0,3.0,0.333,1.1,22.4,False
PN-101864,74,IGNITION,BOEING,737-800,KRİTİK DEĞİL,YOK,Satınalma,19.0,25,6.25,0.56,13.7,0.9,2.0,4.0,11.0,3.0,7.0,0.08,1.1,22.4,False
PN-101428,27,FLIGHT CONTROLS,AIRBUS,A320-200,KRİTİK,VAR,Yurtiçi tamir,8.0,2,0.35,0.64,0.9,0.95,1.0,2.0,3.0,2.0,3.0,0.0,0.0,22.4,False
PN-104995,26,FIRE PROTECTION,BOEING,737-800,KRİTİK DEĞİL,YOK,Satınalma,20.0,21,5.25,0.56,11.4,0.9,2.0,4.0,10.0,3.0,6.0,0.095,1.1,22.4,False
PN-101939,26,FIRE PROTECTION,AIRBUS,A321-200,KRİTİK DEĞİL,YOK,Yurtdışı tamir,22.0,4,2.04,0.69,5.6,0.9,1.0,2.0,5.0,2.0,4.0,0.0,0.0,22.4,False
PN-101094,29,HYDRAULIC POWER,AIRBUS,A319-100,KRİTİK,VAR,Yurtiçi tamir,4.0,22,5.5,0.56,12.0,0.95,1.0,2.0,8.0,2.0,5.0,0.045,0.5,22.4,False
PN-104910,79,OIL,BOEING,737-900ER,KRİTİK DEĞİL,YOK,Satınalma,24.0,0,0.0,1.0,0.0,0.9,0.0,0.0,0.0,0.0,0.0,0.0,0.0,22.4,False
PN-100025,52,DOORS,AIRBUS,A320-200,KRİTİK,VAR,Yurtiçi tamir,8.0,2,0.42,0.64,1.0,0.95,1.0,2.0,3.0,2.0,3.0,0.0,0.0,22.4,False
PN-103717,27,FLIGHT CONTROLS,BOEING,737-800,KRİTİK DEĞİL,YOK,Satınalma,19.0,26,6.5,0.56,14.0,0.9,2.0,4.0,11.0,3.0,7.0,0.115,1.6,22.4,False
PN-100135,28,FUEL,AIRBUS,A321neo,KRİTİK DEĞİL,VAR,Yurtiçi tamir,5.0,2,0.85,2.96,10.0,0.9,1.0,2.0,3.0,2.0,5.0,0.0,0.0,22.4,False
PN-104748,76,ENGINE CONTROLS,BOEING,737-900ER,KRİTİK DEĞİL,YOK,Yurtdışı tamir,19.0,14,3.5,1.0,13.9,0.9,2.0,3.0,7.0,3.0,7.0,0.0,0.0,22.4,False
PN-101507,34,NAVIGATION,AIRBUS,A320-200,KRİTİK DEĞİL,YOK,Satınalma,21.0,13,3.25,0.64,8.2,0.9,1.0,3.0,7.0,2.0,5.0,0.154,1.3,22.4,False
PN-103677,73,ENGINE FUEL AND CONTROL,AIRBUS,A321-200,KRİTİK DEĞİL,YOK,Satınalma,23.0,4,1.27,0.69,3.5,0.9,1.0,2.0,4.0,2.0,3.0,0.25,0.9,22.4,False
PN-102345,27,FLIGHT CONTROLS,AIRBUS,A321-200,KRİTİK,VAR,Yurtiçi tamir,4.0,17,4.25,0.69,11.6,0.95,1.0,2.0,7.0,2.0,5.0,0.235,2.7,22.4,False
PN-102682,31,INDICATING / RECORDING SYSTEMS,AIRBUS,A319-100,KRİTİK DEĞİL,YOK,Satınalma,21.0,15,3.75,0.56,8.2,0.9,1.0,3.0,7.0,2.0,5.0,0.0,0.0,22.4,False
PN-100244,52,DOORS,AIRBUS,A321-200,KRİTİK DEĞİL,YOK,Satınalma,21.0,12,3.0,0.69,8.3,0.9,1.0,3.0,6.0,2.0,5.0,0.0,0.0,22.4,False
PN-104513,77,ENGINE INDICATING,BOEING,737-800,KRİTİK,VAR,Yurtiçi tamir,6.0,13,3.25,0.56,7.0,0.95,1.0,2.0,6.0,2.0,4.0,0.077,0.5,22.4,False
PN-101276,56,WINDOWS,BOEING,737-800,KRİTİK,VAR,Yurtiçi tamir,8.0,2,0.42,0.56,0.9,0.95,1.0,2.0,3.0,2.0,3.0,0.0,0.0,22.4,False
PN-100735,56,WINDOWS,AIRBUS,A320-200,KRİTİK DEĞİL,YOK,Satınalma,21.0,11,2.75,0.64,7.0,0.9,1.0,3.0,6.0,2.0,4.0,0.091,0.6,22.3,False
PN-104642,79,OIL,BOEING,737-900ER,KRİTİK DEĞİL,YOK,Satınalma,22.0,4,1.31,1.0,5.2,0.9,1.0,2.0,4.0,2.0,4.0,0.0,0.0,22.3,False
PN-101007,35,OXYGEN,BOEING,737-900ER,KRİTİK DEĞİL,YOK,Satınalma,23.0,2,0.42,1.0,1.7,0.9,1.0,2.0,3.0,2.0,3.0,0.0,0.0,22.3,False
PN-100443,34,NAVIGATION,AIRBUS,A320-200,KRİTİK DEĞİL,YOK,Satınalma,21.0,11,2.75,0.64,7.0,0.9,1.0,3.0,6.0,2.0,4.0,0.091,0.6,22.3,False
PN-101901,35,OXYGEN,BOEING,737-800,KRİTİK DEĞİL,YOK,Satınalma,23.0,4,1.05,0.56,2.3,0.9,1.0,2.0,4.0,2.0,3.0,0.0,0.0,22.3,False
PN-103483,26,FIRE PROTECTION,AIRBUS,A321-200,KRİTİK,VAR,Yurtiçi tamir,7.0,4,1.03,0.69,2.7,0.95,1.0,2.0,4.0,2.0,3.0,0.0,0.0,22.3,False
PN-101682,21,AIR CONDITIONING,BOEING,737-800,KRİTİK,VAR,Yurtiçi tamir,7.0,5,1.36,0.56,3.0,0.95,1.0,2.0,4.0,2.0,3.0,0.0,0.0,22.3,False
PN-103723,80,STARTING,AIRBUS,A320-200,KRİTİK,VAR,Yurtiçi tamir,6.0,9,2.25,0.64,5.6,0.95,1.0,2.0,5.0,2.0,4.0,0.0,0.0,22.3,False
PN-104412,29,HYDRAULIC POWER,BOEING,737-800,KRİTİK,VAR,Yurtiçi tamir,7.0,7,1.26,0.56,2.7,0.95,1.0,2.0,4.0,2.0,3.0,0.0,0.0,22.3,False
PN-101080,77,ENGINE INDICATING,BOEING,737-900ER,KRİTİK DEĞİL,YOK,Yurtdışı tamir,23.0,2,0.5,1.0,1.9,0.9,1.0,2.0,3.0,2.0,3.0,0.0,0.0,22.3,False
PN-100583,22,AUTO FLIGHT,BOEING,737-900ER,KRİTİK,VAR,Yurtiçi tamir,7.0,4,0.79,1.0,3.1,0.95,1.0,2.0,3.0,2.0,3.0,0.0,0.0,22.3,False
PN-101511,26,FIRE PROTECTION,AIRBUS,A320-200,KRİTİK,VAR,Yurtiçi tamir,7.0,5,1.05,0.64,2.6,0.95,1.0,2.0,4.0,2.0,3.0,0.0,0.0,22.3,False
PN-104959,79,OIL,BOEING,737-800,KRİTİK DEĞİL,YOK,Satınalma,23.0,4,1.0,0.56,2.1,0.9,1.0,2.0,3.0,2.0,3.0,0.25,0.5,22.3,False
PN-104039,30,ICE & RAIN PROTECTION,BOEING,737-800,KRİTİK DEĞİL,YOK,Satınalma,23.0,3,0.85,0.56,1.9,0.9,1.0,2.0,3.0,2.0,3.0,0.0,0.0,22.3,False
PN-100482,27,FLIGHT CONTROLS,AIRBUS,A320-200,KRİTİK,VAR,Yurtiçi tamir,7.0,5,1.13,0.64,2.8,0.95,1.0,2.0,4.0,2.0,3.0,0.2,0.6,22.3,False
PN-104136,80,STARTING,AIRBUS,A320-200,KRİTİK,VAR,Yurtiçi tamir,7.0,6,1.15,0.64,3.0,0.95,1.0,2.0,4.0,2.0,3.0,0.0,0.0,22.3,False
PN-102684,35,OXYGEN,AIRBUS,A319-100,KRİTİK DEĞİL,YOK,Satınalma,22.0,13,2.29,0.56,5.0,0.9,1.0,2.0,5.0,2.0,4.0,0.077,0.4,22.3,False
PN-103506,74,IGNITION,BOEING,737-800,KRİTİK DEĞİL,YOK,Satınalma,14.0,48,12.0,0.56,25.8,0.9,2.0,4.0,16.0,3.0,10.0,0.083,2.1,22.3,False
PN-102053,79,OIL,BOEING,737-800,KRİTİK DEĞİL,YOK,Satınalma,22.0,8,2.0,0.56,4.3,0.9,1.0,2.0,4.0,2.0,4.0,0.0,0.0,22.3,False
PN-104640,74,IGNITION,AIRBUS,A321neo,KRİTİK DEĞİL,VAR,Yurtiçi tamir,7.0,1,0.28,2.96,3.5,0.9,1.0,2.0,3.0,2.0,3.0,0.0,0.0,22.3,False
PN-100476,76,ENGINE CONTROLS,BOEING,737-800,KRİTİK DEĞİL,YOK,Yurtdışı tamir,23.0,4,0.85,0.56,1.9,0.9,1.0,2.0,3.0,2.0,3.0,0.0,0.0,22.3,False
PN-102900,35,OXYGEN,BOEING,737-800,KRİTİK DEĞİL,YOK,Yurtdışı tamir,23.0,2,0.85,0.56,1.8,0.9,1.0,2.0,3.0,2.0,3.0,0.0,0.0,22.3,False
PN-104122,80,STARTING,AIRBUS,A319-100,KRİTİK DEĞİL,YOK,Satınalma,23.0,6,1.12,0.56,2.4,0.9,1.0,2.0,4.0,2.0,3.0,0.0,0.0,22.3,False
PN-101452,22,AUTO FLIGHT,BOEING,777-F,KRİTİK DEĞİL,VAR,Yurtiçi tamir,3.0,20,5.0,2.5,49.0,0.9,1.0,2.0,7.0,2.0,15.0,0.0,0.0,22.3,False
PN-100725,24,ELECTRICAL POWER,BOEING,737-900ER,KRİTİK DEĞİL,YOK,Yurtdışı tamir,21.0,8,2.01,1.0,7.8,0.9,1.0,2.0,5.0,2.0,4.0,0.0,0.0,22.3,False
PN-100722,74,IGNITION,BOEING,737-800,KRİTİK DEĞİL,YOK,Satınalma,23.0,5,1.15,0.56,2.5,0.9,1.0,2.0,4.0,2.0,3.0,0.6,1.5,22.3,False
PN-101873,79,OIL,AIRBUS,A320-200,KRİTİK DEĞİL,YOK,Satınalma,21.0,11,2.75,0.64,6.9,0.9,1.0,3.0,6.0,2.0,4.0,0.273,1.9,22.3,False
PN-100062,30,ICE & RAIN PROTECTION,BOEING,737-800,KRİTİK DEĞİL,YOK,Yurtdışı tamir,23.0,2,0.53,0.56,1.2,0.9,1.0,2.0,3.0,2.0,3.0,0.0,0.0,22.2,False
PN-101594,71,POWER PLANT,AIRBUS,A320neo,KRİTİK DEĞİL,VAR,Yurtiçi tamir,15.0,2,0.85,2.59,8.5,0.9,1.0,2.0,3.0,2.0,5.0,0.0,0.0,22.2,False
PN-104027,32,LANDING GEAR,AIRBUS,A319-100,KRİTİK,VAR,Yurtiçi tamir,6.0,8,2.0,0.56,4.3,0.95,1.0,2.0,4.0,2.0,4.0,0.0,0.0,22.2,False
PN-104322,34,NAVIGATION,AIRBUS,A321neo,KRİTİK DEĞİL,VAR,Yurtiçi tamir,8.0,0,0.0,2.96,0.0,0.9,0.0,0.0,0.0,0.0,0.0,0.0,0.0,22.2,False
PN-102426,25,EQUIPMENT / FURNISHINGS,AIRBUS,A320neo,KRİTİK DEĞİL,VAR,Yurtiçi tamir,6.0,13,3.25,2.59,32.7,0.9,1.0,2.0,6.0,2.0,11.0,0.0,0.0,22.2,False
PN-103641,79,OIL,AIRBUS,A320-200,KRİTİK,VAR,Yurtiçi tamir,5.0,11,2.75,0.64,6.9,0.95,1.0,2.0,5.0,2.0,4.0,0.182,1.3,22.2,False
PN-100819,80,STARTING,AIRBUS,A321-200,KRİTİK DEĞİL,YOK,Satınalma,19.0,18,4.5,0.69,12.2,0.9,2.0,3.0,8.0,3.0,7.0,0.222,2.7,22.2,False
PN-100165,74,IGNITION,BOEING,737-900ER,KRİTİK DEĞİL,YOK,Satınalma,12.0,31,7.75,1.0,30.6,0.9,2.0,4.0,12.0,4.0,12.0,0.097,3.0,22.2,False
PN-102225,52,DOORS,AIRBUS,A321-200,KRİTİK,VAR,Yurtiçi tamir,7.0,3,0.65,0.69,1.7,0.95,1.0,2.0,3.0,2.0,3.0,0.667,1.2,22.2,False
PN-101272,79,OIL,BOEING,737-800,KRİTİK,VAR,Yurtiçi tamir,7.0,5,1.02,0.56,2.2,0.95,1.0,2.0,4.0,2.0,3.0,0.0,0.0,22.2,False
PN-100258,25,EQUIPMENT / FURNISHINGS,BOEING,737-800,KRİTİK DEĞİL,YOK,Satınalma,22.0,7,1.75,0.56,3.8,0.9,1.0,2.0,4.0,2.0,3.0,0.143,0.5,22.2,False
PN-100285,79,OIL,BOEING,737-800,KRİTİK,VAR,Yurtiçi tamir,5.0,10,3.28,0.56,7.0,0.95,1.0,2.0,6.0,2.0,4.0,0.1,0.7,22.2,False
PN-103955,79,OIL,BOEING,737-800,KRİTİK DEĞİL,YOK,Satınalma,20.0,17,4.25,0.56,9.2,0.9,1.0,3.0,8.0,2.0,5.0,0.0,0.0,22.2,False
PN-103860,36,PNEUMATIC,AIRBUS,A321-200,KRİTİK,VAR,Yurtiçi tamir,5.0,10,2.5,0.69,6.9,0.95,1.0,2.0,5.0,2.0,4.0,0.1,0.7,22.2,False
PN-104280,34,NAVIGATION,AIRBUS,A321-200,KRİTİK,VAR,Yurtiçi tamir,7.0,4,0.8,0.69,2.1,0.95,1.0,2.0,3.0,2.0,3.0,0.0,0.0,22.2,False
PN-102867,25,EQUIPMENT / FURNISHINGS,BOEING,737-900ER,KRİTİK DEĞİL,YOK,Satınalma,19.0,12,3.0,1.0,11.7,0.9,1.0,3.0,6.0,2.0,5.0,0.0,0.0,22.2,False
PN-103900,35,OXYGEN,AIRBUS,A320-200,KRİTİK DEĞİL,YOK,Satınalma,23.0,2,0.57,0.64,1.4,0.9,1.0,2.0,3.0,2.0,3.0,0.0,0.0,22.2,False
PN-102198,36,PNEUMATIC,AIRBUS,A330-200,KRİTİK DEĞİL,YOK,Satınalma,10.0,8,2.0,1.33,10.5,0.9,1.0,2.0,4.0,2.0,5.0,0.0,0.0,22.2,False
PN-101574,24,ELECTRICAL POWER,AIRBUS,A319-100,KRİTİK,VAR,Yurtiçi tamir,6.0,9,2.25,0.56,4.8,0.95,1.0,2.0,5.0,2.0,4.0,0.111,0.5,22.2,False
PN-104620,52,DOORS,AIRBUS,A321-200,KRİTİK DEĞİL,YOK,Satınalma,23.0,2,0.5,0.69,1.3,0.9,1.0,2.0,3.0,2.0,3.0,0.0,0.0,22.2,False
PN-104593,71,POWER PLANT,BOEING,737-900ER,KRİTİK DEĞİL,YOK,Satınalma,21.0,6,1.5,1.0,5.9,0.9,1.0,2.0,4.0,2.0,4.0,0.0,0.0,22.2,False
PN-103383,77,ENGINE INDICATING,BOEING,777-F,KRİTİK DEĞİL,VAR,Yurtiçi tamir,7.0,15,3.75,2.5,36.2,0.9,2.0,2.0,6.0,3.0,13.0,0.0,0.0,22.1,False
PN-100598,52,DOORS,AIRBUS,A320neo,KRİTİK DEĞİL,VAR,Yurtiçi tamir,9.0,5,2.3,2.59,23.8,0.9,1.0,2.0,5.0,2.0,8.0,0.0,0.0,22.1,False
PN-101837,28,FUEL,AIRBUS,A319-100,KRİTİK DEĞİL,YOK,Satınalma,22.0,5,1.25,0.56,2.7,0.9,1.0,2.0,4.0,2.0,3.0,0.2,0.5,22.1,False
PN-104698,28,FUEL,BOEING,737-800,KRİTİK,VAR,Yurtiçi tamir,7.0,1,0.21,0.56,0.5,0.95,1.0,2.0,3.0,2.0,3.0,0.0,0.0,22.1,False
PN-103660,36,PNEUMATIC,BOEING,737-800,KRİTİK DEĞİL,YOK,Satınalma,17.0,29,7.25,0.56,16.0,0.9,2.0,4.0,12.0,3.0,8.0,0.103,1.7,22.1,False
PN-103556,71,POWER PLANT,AIRBUS,A320-200,KRİTİK DEĞİL,YOK,Satınalma,22.0,3,1.1,0.64,2.7,0.9,1.0,2.0,4.0,2.0,3.0,0.333,0.9,22.1,False
PN-104103,21,AIR CONDITIONING,AIRBUS,A320-200,KRİTİK,VAR,Yurtiçi tamir,5.0,10,2.5,0.64,6.3,0.95,1.0,2.0,5.0,2.0,4.0,0.1,0.6,22.1,False
PN-100985,52,DOORS,BOEING,737-800,KRİTİK DEĞİL,YOK,Satınalma,16.0,34,8.5,0.56,18.6,0.9,2.0,4.0,13.0,3.0,8.0,0.147,2.7,22.1,False
PN-103017,26,FIRE PROTECTION,AIRBUS,A320neo,KRİTİK DEĞİL,VAR,Yurtiçi tamir,17.0,1,0.21,2.59,2.1,0.9,1.0,2.0,3.0,2.0,3.0,0.0,0.0,22.1,False
PN-100787,56,WINDOWS,AIRBUS,A321neo,KRİTİK DEĞİL,VAR,Yurtiçi tamir,3.0,4,1.06,2.96,12.3,0.9,1.0,2.0,4.0,2.0,6.0,0.0,0.0,22.1,False
PN-103444,77,ENGINE INDICATING,AIRBUS,A319-100,KRİTİK DEĞİL,YOK,Satınalma,21.0,9,2.25,0.56,4.9,0.9,1.0,2.0,5.0,2.0,4.0,0.0,0.0,22.1,False
PN-100335,74,IGNITION,BOEING,737-800,KRİTİK,VAR,Yurtiçi tamir,7.0,1,0.28,0.56,0.6,0.95,1.0,2.0,3.0,2.0,3.0,0.0,0.0,22.1,False
PN-100543,25,EQUIPMENT / FURNISHINGS,AIRBUS,A321neo,KRİTİK DEĞİL,VAR,Yurtiçi tamir,3.0,4,1.03,2.96,11.7,0.9,1.0,2.0,4.0,2.0,5.0,0.0,0.0,22.1,False
PN-103484,31,INDICATING / RECORDING SYSTEMS,BOEING,737-800,KRİTİK DEĞİL,YOK,Satınalma,16.0,35,8.75,0.56,18.9,0.9,2.0,4.0,13.0,3.0,8.0,0.171,3.2,22.1,False
PN-104477,30,ICE & RAIN PROTECTION,AIRBUS,A320neo,KRİTİK DEĞİL,VAR,Yurtiçi tamir,6.0,12,3.0,2.59,31.1,0.9,1.0,2.0,5.0,2.0,10.0,0.167,5.2,22.1,False
PN-102704,22,AUTO FLIGHT,AIRBUS,A320-200,KRİTİK DEĞİL,YOK,Satınalma,21.0,8,2.0,0.64,5.0,0.9,1.0,2.0,4.0,2.0,4.0,0.375,1.9,22.1,False
PN-102833,36,PNEUMATIC,AIRBUS,A320-200,KRİTİK DEĞİL,YOK,Yurtdışı tamir,19.0,18,4.5,0.64,11.2,0.9,1.0,3.0,8.0,2.0,5.0,0.056,0.6,22.1,False
PN-104594,52,DOORS,BOEING,737-800,KRİTİK,VAR,Yurtiçi tamir,6.0,7,1.75,0.56,3.8,0.95,1.0,2.0,4.0,2.0,3.0,0.286,1.1,22.1,False
PN-103951,26,FIRE PROTECTION,AIRBUS,A321-200,KRİTİK DEĞİL,YOK,Satınalma,22.0,2,0.85,0.69,2.3,0.9,1.0,2.0,3.0,2.0,3.0,0.0,0.0,22.1,False
PN-103416,52,DOORS,BOEING,737-900ER,KRİTİK DEĞİL,YOK,Yurtdışı tamir,23.0,0,0.0,1.0,0.0,0.9,0.0,0.0,0.0,0.0,0.0,0.0,0.0,22.1,False
PN-100187,30,ICE & RAIN PROTECTION,BOEING,737-800,KRİTİK DEĞİL,YOK,Yurtdışı tamir,21.0,8,2.0,0.56,4.4,0.9,1.0,2.0,4.0,2.0,4.0,0.0,0.0,22.0,False
PN-104688,21,AIR CONDITIONING,AIRBUS,A320-200,KRİTİK DEĞİL,YOK,Satınalma,22.0,2,0.65,0.64,1.7,0.9,1.0,2.0,3.0,2.0,3.0,0.0,0.0,22.0,False
PN-104070,23,COMMUNICATIONS,BOEING,737-800,KRİTİK DEĞİL,YOK,Satınalma,22.0,3,0.6,0.56,1.3,0.9,1.0,2.0,3.0,2.0,3.0,0.0,0.0,22.0,False
PN-104109,29,HYDRAULIC POWER,AIRBUS,A319-100,KRİTİK,VAR,Yurtiçi tamir,3.0,19,4.75,0.56,10.4,0.95,1.0,2.0,7.0,2.0,5.0,0.105,1.1,22.0,False
PN-104092,30,ICE & RAIN PROTECTION,AIRBUS,A321neo,KRİTİK DEĞİL,VAR,Yurtiçi tamir,7.0,0,0.0,2.96,0.0,0.9,0.0,0.0,0.0,0.0,0.0,0.0,0.0,22.0,False
PN-104054,21,AIR CONDITIONING,AIRBUS,A320-200,KRİTİK,VAR,Yurtiçi tamir,6.0,4,0.97,0.64,2.4,0.95,1.0,2.0,3.0,2.0,3.0,0.25,0.6,22.0,False
PN-104914,73,ENGINE FUEL AND CONTROL,BOEING,737-800,KRİTİK DEĞİL,YOK,Satınalma,21.0,7,1.8,0.56,3.9,0.9,1.0,2.0,4.0,2.0,3.0,0.0,0.0,22.0,False
PN-103775,25,EQUIPMENT / FURNISHINGS,BOEING,737-800,KRİTİK DEĞİL,YOK,Satınalma,22.0,4,0.69,0.56,1.5,0.9,1.0,2.0,3.0,2.0,3.0,0.0,0.0,22.0,False
PN-101667,56,WINDOWS,AIRBUS,A321neo,KRİTİK DEĞİL,VAR,Yurtiçi tamir,7.0,0,0.0,2.96,0.0,0.9,0.0,0.0,0.0,0.0,0.0,0.0,0.0,22.0,False
PN-103694,31,INDICATING / RECORDING SYSTEMS,AIRBUS,A319-100,KRİTİK DEĞİL,YOK,Satınalma,20.0,13,3.25,0.56,7.0,0.9,1.0,3.0,7.0,2.0,4.0,0.077,0.5,22.0,False
PN-104175,30,ICE & RAIN PROTECTION,AIRBUS,A320-200,KRİTİK DEĞİL,YOK,Yurtdışı tamir,19.0,15,3.75,0.64,9.3,0.9,1.0,3.0,7.0,2.0,5.0,0.067,0.6,22.0,False
PN-101479,31,INDICATING / RECORDING SYSTEMS,BOEING,737-800,KRİTİK,VAR,Yurtiçi tamir,5.0,9,2.25,0.56,4.8,0.95,1.0,2.0,5.0,2.0,4.0,0.0,0.0,22.0,False
PN-102459,22,AUTO FLIGHT,BOEING,737-800,KRİTİK DEĞİL,YOK,Satınalma,20.0,12,3.0,0.56,6.6,0.9,1.0,3.0,6.0,2.0,4.0,0.167,1.1,22.0,False
PN-103377,49,AIRBORNE AUXILIARY POWER (APU),AIRBUS,A320-200,KRİTİK DEĞİL,YOK,Satınalma,15.0,32,8.0,0.64,20.1,0.9,2.0,4.0,12.0,3.0,9.0,0.031,0.6,22.0,False
PN-103423,30,ICE & RAIN PROTECTION,AIRBUS,A321-200,KRİTİK,VAR,Yurtiçi tamir,6.0,4,0.85,0.69,2.3,0.95,1.0,2.0,3.0,2.0,3.0,0.0,0.0,22.0,False
PN-104846,74,IGNITION,AIRBUS,A321-200,KRİTİK DEĞİL,YOK,Satınalma,20.0,10,2.5,0.69,6.8,0.9,1.0,2.0,5.0,2.0,4.0,0.3,2.0,22.0,False
PN-104760,80,STARTING,BOEING,777-300ER,KRİTİK DEĞİL,VAR,Yurtiçi tamir,4.0,100,25.0,1.67,163.3,0.9,2.0,4.0,29.0,4.0,45.0,0.1,16.3,22.0,False
PN-103146,52,DOORS,AIRBUS,A330-300,KRİTİK DEĞİL,YOK,Satınalma,17.0,4,1.57,1.11,6.8,0.9,1.0,2.0,4.0,2.0,4.0,0.0,0.0,22.0,False
PN-103138,34,NAVIGATION,AIRBUS,A319-100,KRİTİK DEĞİL,YOK,Satınalma,21.0,9,2.25,0.56,4.8,0.9,1.0,2.0,5.0,2.0,4.0,0.333,1.6,22.0,False
PN-100104,73,ENGINE FUEL AND CONTROL,AIRBUS,A319-100,KRİTİK,VAR,Yurtiçi tamir,6.0,3,1.1,0.56,2.4,0.95,1.0,2.0,4.0,2.0,3.0,0.0,0.0,22.0,False
PN-101559,76,ENGINE CONTROLS,BOEING,737-900ER,KRİTİK DEĞİL,YOK,Satınalma,21.0,5,1.25,1.0,4.8,0.9,1.0,2.0,4.0,2.0,4.0,0.0,0.0,22.0,False
PN-103571,74,IGNITION,AIRBUS,A319-100,KRİTİK DEĞİL,YOK,Satınalma,22.0,3,0.7,0.56,1.5,0.9,1.0,2.0,3.0,2.0,3.0,0.0,0.0,22.0,False
PN-103886,23,COMMUNICATIONS,AIRBUS,A320neo,KRİTİK DEĞİL,VAR,Yurtiçi tamir,7.0,8,2.61,2.59,26.9,0.9,1.0,2.0,5.0,2.0,9.0,0.25,6.7,21.9,False
PN-103727,35,OXYGEN,AIRBUS,A321-200,KRİTİK DEĞİL,YOK,Satınalma,14.0,32,8.0,0.69,22.0,0.9,2.0,4.0,12.0,3.0,9.0,0.125,2.8,21.9,False
PN-104765,24,ELECTRICAL POWER,AIRBUS,A319-100,KRİTİK,VAR,Yurtiçi tamir,4.0,13,3.25,0.56,7.1,0.95,1.0,2.0,6.0,2.0,4.0,0.0,0.0,21.9,False
PN-101893,71,POWER PLANT,BOEING,737-800,KRİTİK,VAR,Yurtiçi tamir,6.0,1,0.85,0.56,1.8,0.95,1.0,2.0,3.0,2.0,3.0,0.0,0.0,21.9,False
PN-103993,28,FUEL,AIRBUS,A320-200,KRİTİK,VAR,Yurtiçi tamir,6.0,2,0.5,0.64,1.2,0.95,1.0,2.0,3.0,2.0,3.0,0.0,0.0,21.9,False
PN-104140,71,POWER PLANT,AIRBUS,A319-100,KRİTİK DEĞİL,YOK,Satınalma,19.0,15,3.75,0.56,8.2,0.9,1.0,3.0,7.0,2.0,5.0,0.067,0.5,21.9,False
PN-102751,23,COMMUNICATIONS,AIRBUS,A320-200,KRİTİK DEĞİL,YOK,Satınalma,22.0,2,0.42,0.64,1.0,0.9,1.0,2.0,3.0,2.0,3.0,0.0,0.0,21.9,False
PN-102105,28,FUEL,AIRBUS,A321-200,KRİTİK,VAR,Yurtiçi tamir,6.0,2,0.65,0.69,1.8,0.95,1.0,2.0,3.0,2.0,3.0,0.5,0.9,21.9,False
PN-102014,52,DOORS,AIRBUS,A320-200,KRİTİK DEĞİL,YOK,Satınalma,20.0,9,2.25,0.64,5.7,0.9,1.0,2.0,5.0,2.0,4.0,0.111,0.6,21.9,False
PN-101879,23,COMMUNICATIONS,AIRBUS,A319-100,KRİTİK,VAR,Yurtiçi tamir,6.0,2,0.5,0.56,1.1,0.95,1.0,2.0,3.0,2.0,3.0,0.0,0.0,21.9,False
PN-104672,26,FIRE PROTECTION,BOEING,737-800,KRİTİK DEĞİL,YOK,Satınalma,21.0,5,1.68,0.56,3.7,0.9,1.0,2.0,4.0,2.0,3.0,0.0,0.0,21.9,False
PN-102331,76,ENGINE CONTROLS,AIRBUS,A321-200,KRİTİK DEĞİL,YOK,Satınalma,21.0,4,0.97,0.69,2.7,0.9,1.0,2.0,3.0,2.0,3.0,0.25,0.7,21.9,False
PN-102586,30,ICE & RAIN PROTECTION,BOEING,737-900ER,KRİTİK DEĞİL,YOK,Satınalma,20.0,6,1.5,1.0,5.8,0.9,1.0,2.0,4.0,2.0,4.0,0.333,1.9,21.9,False
PN-103309,79,OIL,BOEING,737-800,KRİTİK,VAR,Yurtiçi tamir,6.0,3,0.85,0.56,1.9,0.95,1.0,2.0,3.0,2.0,3.0,0.0,0.0,21.9,False
PN-101836,79,OIL,AIRBUS,A319-100,KRİTİK,VAR,Yurtiçi tamir,5.0,10,1.89,0.56,4.1,0.95,1.0,2.0,4.0,2.0,4.0,0.0,0.0,21.9,False
PN-101780,22,AUTO FLIGHT,AIRBUS,A319-100,KRİTİK,VAR,Yurtiçi tamir,6.0,3,0.85,0.56,1.8,0.95,1.0,2.0,3.0,2.0,3.0,0.333,0.6,21.9,False
PN-103188,22,AUTO FLIGHT,BOEING,737-900ER,KRİTİK,VAR,Yurtiçi tamir,4.0,9,1.84,1.0,7.1,0.95,1.0,2.0,4.0,2.0,4.0,0.0,0.0,21.9,False
PN-102681,23,COMMUNICATIONS,AIRBUS,A321-200,KRİTİK DEĞİL,YOK,Satınalma,20.0,8,2.0,0.69,5.4,0.9,1.0,2.0,4.0,2.0,4.0,0.0,0.0,21.9,False
PN-101875,24,ELECTRICAL POWER,AIRBUS,A320-200,KRİTİK,VAR,Yurtiçi tamir,5.0,7,1.55,0.64,3.9,0.95,1.0,2.0,4.0,2.0,3.0,0.0,0.0,21.9,False
PN-101165,23,COMMUNICATIONS,AIRBUS,A321neo,KRİTİK DEĞİL,VAR,Yurtiçi tamir,4.0,3,0.65,2.96,7.4,0.9,1.0,2.0,3.0,2.0,4.0,0.333,2.5,21.9,False
PN-102458,34,NAVIGATION,AIRBUS,A321-200,KRİTİK DEĞİL,YOK,Satınalma,18.0,17,4.25,0.69,11.6,0.9,1.0,3.0,8.0,2.0,5.0,0.118,1.4,21.9,False
PN-101483,23,COMMUNICATIONS,AIRBUS,A320neo,KRİTİK DEĞİL,VAR,Yurtiçi tamir,7.0,10,2.5,2.59,25.6,0.9,1.0,2.0,5.0,2.0,9.0,0.3,7.7,21.8,False
PN-100195,23,COMMUNICATIONS,AIRBUS,A320-200,KRİTİK DEĞİL,YOK,Yurtdışı tamir,18.0,17,4.25,0.64,10.6,0.9,1.0,3.0,8.0,2.0,5.0,0.0,0.0,21.8,False
PN-102776,35,OXYGEN,AIRBUS,A330-300,KRİTİK DEĞİL,YOK,Yurtdışı tamir,16.0,7,1.75,1.11,7.5,0.9,1.0,2.0,4.0,2.0,4.0,0.0,0.0,21.8,False
PN-103780,22,AUTO FLIGHT,BOEING,737-900ER,KRİTİK DEĞİL,YOK,Satınalma,19.0,9,1.96,1.0,7.8,0.9,1.0,2.0,4.0,2.0,4.0,0.333,2.6,21.8,False
PN-104891,36,PNEUMATIC,AIRBUS,A319-100,KRİTİK DEĞİL,YOK,Satınalma,20.0,8,2.0,0.56,4.4,0.9,1.0,2.0,4.0,2.0,4.0,0.125,0.6,21.8,False
PN-103000,73,ENGINE FUEL AND CONTROL,AIRBUS,A320-200,KRİTİK,VAR,Yurtiçi tamir,5.0,6,1.14,0.64,2.9,0.95,1.0,2.0,4.0,2.0,3.0,0.0,0.0,21.8,False
PN-101953,34,NAVIGATION,BOEING,737-800,KRİTİK DEĞİL,YOK,Satınalma,20.0,8,2.0,0.56,4.4,0.9,1.0,2.0,4.0,2.0,4.0,0.0,0.0,21.8,False
PN-100432,74,IGNITION,AIRBUS,A330-300,KRİTİK DEĞİL,YOK,Satınalma,11.0,19,4.75,1.11,20.3,0.9,2.0,2.0,7.0,3.0,9.0,0.105,2.1,21.8,False
PN-102550,56,WINDOWS,AIRBUS,A320neo,KRİTİK DEĞİL,VAR,Yurtiçi tamir,8.0,9,2.25,2.59,22.6,0.9,1.0,2.0,5.0,2.0,8.0,0.0,0.0,21.8,False
PN-100962,74,IGNITION,AIRBUS,A319-100,KRİTİK DEĞİL,YOK,Yurtdışı tamir,21.0,5,1.15,0.56,2.5,0.9,1.0,2.0,4.0,2.0,3.0,0.0,0.0,21.8,False
PN-103967,27,FLIGHT CONTROLS,BOEING,737-800,KRİTİK DEĞİL,YOK,Yurtdışı tamir,19.0,14,3.5,0.56,7.8,0.9,1.0,3.0,7.0,2.0,4.0,0.0,0.0,21.8,False
PN-102169,80,STARTING,AIRBUS,A320neo,KRİTİK DEĞİL,VAR,Yurtiçi tamir,9.0,8,2.0,2.59,20.4,0.9,1.0,2.0,4.0,2.0,8.0,0.25,5.1,21.8,False
PN-103572,56,WINDOWS,AIRBUS,A319-100,KRİTİK,VAR,Yurtiçi tamir,6.0,0,0.0,0.56,0.0,0.95,0.0,0.0,0.0,0.0,0.0,0.0,0.0,21.8,False
PN-104850,79,OIL,AIRBUS,A319-100,KRİTİK,VAR,Yurtiçi tamir,5.0,6,1.5,0.56,3.3,0.95,1.0,2.0,4.0,2.0,3.0,0.0,0.0,21.8,False
PN-104269,35,OXYGEN,AIRBUS,A321-200,KRİTİK DEĞİL,YOK,Yurtdışı tamir,17.0,19,4.75,0.69,13.0,0.9,1.0,3.0,8.0,2.0,6.0,0.105,1.4,21.8,False
PN-102020,28,FUEL,AIRBUS,A320-200,KRİTİK,VAR,Yurtiçi tamir,6.0,1,0.28,0.64,0.7,0.95,1.0,2.0,3.0,2.0,3.0,0.0,0.0,21.8,False
PN-100415,56,WINDOWS,AIRBUS,A320-200,KRİTİK DEĞİL,YOK,Yurtdışı tamir,21.0,3,0.85,0.64,2.1,0.9,1.0,2.0,3.0,2.0,3.0,0.333,0.7,21.8,False
PN-102226,76,ENGINE CONTROLS,BOEING,737-900ER,KRİTİK DEĞİL,YOK,Satınalma,20.0,6,1.09,1.0,4.3,0.9,1.0,2.0,4.0,2.0,4.0,0.333,1.4,21.7,False
PN-100805,73,ENGINE FUEL AND CONTROL,AIRBUS,A319-100,KRİTİK DEĞİL,YOK,Satınalma,18.0,18,4.29,0.56,9.2,0.9,1.0,3.0,8.0,2.0,5.0,0.0,0.0,21.7,False
PN-101060,73,ENGINE FUEL AND CONTROL,BOEING,737-800,KRİTİK DEĞİL,YOK,Satınalma,16.0,27,6.75,0.56,14.7,0.9,2.0,4.0,11.0,3.0,7.0,0.074,1.1,21.7,False
PN-103184,52,DOORS,AIRBUS,A321neo,KRİTİK DEĞİL,VAR,Yurtiçi tamir,6.0,0,0.0,2.96,0.0,0.9,0.0,0.0,0.0,0.0,0.0,0.0,0.0,21.7,False
PN-102143,49,AIRBORNE AUXILIARY POWER (APU),AIRBUS,A319-100,KRİTİK,VAR,Yurtiçi tamir,4.0,9,2.25,0.56,4.9,0.95,1.0,2.0,5.0,2.0,4.0,0.111,0.5,21.7,False
PN-104400,30,ICE & RAIN PROTECTION,AIRBUS,A321-200,KRİTİK DEĞİL,YOK,Satınalma,20.0,7,1.53,0.69,4.2,0.9,1.0,2.0,4.0,2.0,4.0,0.143,0.6,21.7,False
PN-100573,22,AUTO FLIGHT,BOEING,737-800,KRİTİK DEĞİL,YOK,Satınalma,21.0,2,0.5,0.56,1.1,0.9,1.0,2.0,3.0,2.0,3.0,0.0,0.0,21.7,False
PN-102614,23,COMMUNICATIONS,AIRBUS,A320-200,KRİTİK DEĞİL,YOK,Yurtdışı tamir,17.0,19,4.75,0.64,11.9,0.9,1.0,3.0,8.0,2.0,5.0,0.158,1.9,21.7,False
PN-102860,26,FIRE PROTECTION,BOEING,737-800,KRİTİK,VAR,Yurtiçi tamir,5.0,3,0.85,0.56,1.9,0.95,1.0,2.0,3.0,2.0,3.0,0.0,0.0,21.7,False
PN-100996,35,OXYGEN,BOEING,737-800,KRİTİK,VAR,Yurtiçi tamir,5.0,5,1.11,0.56,2.4,0.95,1.0,2.0,4.0,2.0,3.0,0.2,0.5,21.7,False
PN-101801,34,NAVIGATION,BOEING,737-800,KRİTİK,VAR,Yurtiçi tamir,5.0,4,1.03,0.56,2.2,0.95,1.0,2.0,4.0,2.0,3.0,0.0,0.0,21.7,False
PN-101124,74,IGNITION,BOEING,737-800,KRİTİK DEĞİL,YOK,Satınalma,20.0,7,1.68,0.56,3.7,0.9,1.0,2.0,4.0,2.0,3.0,0.0,0.0,21.7,False
PN-101445,21,AIR CONDITIONING,BOEING,777-300ER,KRİTİK DEĞİL,VAR,Yurtiçi tamir,14.0,46,11.5,1.67,75.0,0.9,3.0,4.0,16.0,6.0,25.0,0.304,22.8,21.7,False
PN-101334,35,OXYGEN,AIRBUS,A321-200,KRİTİK DEĞİL,YOK,Satınalma,20.0,6,1.5,0.69,4.1,0.9,1.0,2.0,4.0,2.0,4.0,0.333,1.4,21.7,False
PN-101598,74,IGNITION,BOEING,737-800,KRİTİK DEĞİL,YOK,Satınalma,18.0,16,4.0,0.56,8.7,0.9,1.0,3.0,7.0,2.0,5.0,0.062,0.5,21.7,False
PN-101353,77,ENGINE INDICATING,AIRBUS,A321-200,KRİTİK,VAR,Yurtiçi tamir,5.0,6,0.93,0.69,2.5,0.95,1.0,2.0,3.0,2.0,3.0,0.0,0.0,21.7,False
PN-103477,35,OXYGEN,AIRBUS,A321-200,KRİTİK,VAR,Yurtiçi tamir,5.0,3,0.6,0.69,1.6,0.95,1.0,2.0,3.0,2.0,3.0,0.0,0.0,21.7,False
PN-101350,22,AUTO FLIGHT,AIRBUS,A321neo,KRİTİK DEĞİL,VAR,Yurtiçi tamir,6.0,0,0.0,2.96,0.0,0.9,0.0,0.0,0.0,0.0,0.0,0.0,0.0,21.7,False
PN-104721,74,IGNITION,AIRBUS,A320neo,KRİTİK DEĞİL,VAR,Yurtiçi tamir,6.0,11,2.75,2.59,27.9,0.9,1.0,2.0,5.0,2.0,9.0,0.0,0.0,21.7,False
PN-104402,31,INDICATING / RECORDING SYSTEMS,BOEING,737-800,KRİTİK DEĞİL,YOK,Satınalma,13.0,42,10.5,0.56,22.4,0.9,2.0,4.0,15.0,3.0,9.0,0.024,0.5,21.7,False
PN-104145,28,FUEL,AIRBUS,A320-200,KRİTİK DEĞİL,YOK,Satınalma,19.0,11,2.75,0.64,7.0,0.9,1.0,2.0,5.0,2.0,4.0,0.182,1.3,21.7,False
PN-103026,23,COMMUNICATIONS,AIRBUS,A321-200,KRİTİK DEĞİL,YOK,Yurtdışı tamir,19.0,9,2.25,0.69,6.2,0.9,1.0,2.0,5.0,2.0,4.0,0.111,0.7,21.7,False
PN-103874,52,DOORS,AIRBUS,A321-200,KRİTİK DEĞİL,YOK,Satınalma,18.0,13,3.25,0.69,8.8,0.9,1.0,3.0,7.0,2.0,5.0,0.0,0.0,21.7,False
PN-103316,52,DOORS,AIRBUS,A321-200,KRİTİK DEĞİL,YOK,Satınalma,21.0,1,0.28,0.69,0.8,0.9,1.0,2.0,3.0,2.0,3.0,0.0,0.0,21.7,False
PN-101253,73,ENGINE FUEL AND CONTROL,BOEING,737-800,KRİTİK DEĞİL,YOK,Satınalma,20.0,5,1.77,0.56,3.8,0.9,1.0,2.0,4.0,2.0,3.0,0.0,0.0,21.7,False
PN-102031,25,EQUIPMENT / FURNISHINGS,AIRBUS,A321-200,KRİTİK,VAR,Yurtiçi tamir,5.0,4,0.91,0.69,2.4,0.95,1.0,2.0,3.0,2.0,3.0,0.25,0.6,21.7,False
PN-101031,25,EQUIPMENT / FURNISHINGS,AIRBUS,A319-100,KRİTİK,VAR,Yurtiçi tamir,5.0,1,0.28,0.56,0.6,0.95,1.0,2.0,3.0,2.0,3.0,0.0,0.0,21.6,False
PN-102848,28,FUEL,BOEING,737-800,KRİTİK,VAR,Yurtiçi tamir,5.0,1,0.42,0.56,1.0,0.95,1.0,2.0,3.0,2.0,3.0,1.0,1.0,21.6,False
PN-103391,35,OXYGEN,AIRBUS,A330-300,KRİTİK DEĞİL,YOK,Yurtdışı tamir,18.0,0,0.0,1.11,0.0,0.9,0.0,0.0,0.0,0.0,0.0,0.0,0.0,21.6,False
PN-102346,29,HYDRAULIC POWER,AIRBUS,A320-200,KRİTİK,VAR,Yurtiçi tamir,3.0,10,2.5,0.64,6.2,0.95,1.0,2.0,5.0,2.0,4.0,0.0,0.0,21.6,False
PN-100429,71,POWER PLANT,BOEING,737-800,KRİTİK,VAR,Yurtiçi tamir,5.0,2,0.35,0.56,0.8,0.95,1.0,2.0,3.0,2.0,3.0,1.0,0.8,21.6,False
PN-104252,80,STARTING,BOEING,737-900ER,KRİTİK DEĞİL,YOK,Satınalma,20.0,5,0.81,1.0,3.1,0.9,1.0,2.0,3.0,2.0,3.0,0.0,0.0,21.6,False
PN-102152,76,ENGINE CONTROLS,AIRBUS,A320-200,KRİTİK DEĞİL,YOK,Satınalma,20.0,5,1.01,0.64,2.5,0.9,1.0,2.0,4.0,2.0,3.0,0.6,1.5,21.6,False
PN-103110,36,PNEUMATIC,AIRBUS,A319-100,KRİTİK DEĞİL,YOK,Satınalma,20.0,5,1.25,0.56,2.7,0.9,1.0,2.0,4.0,2.0,3.0,0.0,0.0,21.6,False
PN-104608,76,ENGINE CONTROLS,AIRBUS,A321-200,KRİTİK DEĞİL,YOK,Satınalma,16.0,20,5.0,0.69,13.7,0.9,1.0,3.0,8.0,2.0,6.0,0.3,4.1,21.6,False
PN-104942,74,IGNITION,BOEING,737-800,KRİTİK DEĞİL,YOK,Satınalma,19.0,10,2.5,0.56,5.4,0.9,1.0,2.0,5.0,2.0,4.0,0.0,0.0,21.6,False
PN-100861,79,OIL,AIRBUS,A321-200,KRİTİK,VAR,Yurtiçi tamir,5.0,2,0.42,0.69,1.1,0.95,1.0,2.0,3.0,2.0,3.0,0.0,0.0,21.6,False
PN-101710,29,HYDRAULIC POWER,BOEING,737-800,KRİTİK,VAR,Yurtiçi tamir,4.0,6,1.5,0.56,3.3,0.95,1.0,2.0,4.0,2.0,3.0,0.0,0.0,21.6,False
PN-101674,71,POWER PLANT,BOEING,737-900ER,KRİTİK DEĞİL,YOK,Satınalma,19.0,6,1.25,1.0,5.0,0.9,1.0,2.0,4.0,2.0,4.0,0.0,0.0,21.6,False
PN-104962,80,STARTING,AIRBUS,A319-100,KRİTİK DEĞİL,YOK,Satınalma,21.0,1,0.21,0.56,0.5,0.9,1.0,2.0,3.0,2.0,3.0,0.0,0.0,21.6,False
PN-102435,36,PNEUMATIC,AIRBUS,A320-200,KRİTİK DEĞİL,YOK,Satınalma,19.0,8,2.0,0.64,5.0,0.9,1.0,2.0,4.0,2.0,4.0,0.0,0.0,21.6,False
PN-102408,34,NAVIGATION,BOEING,737-800,KRİTİK DEĞİL,YOK,Satınalma,17.0,19,4.75,0.56,10.3,0.9,1.0,3.0,8.0,2.0,5.0,0.0,0.0,21.6,False
PN-102530,77,ENGINE INDICATING,AIRBUS,A319-100,KRİTİK DEĞİL,YOK,Satınalma,17.0,20,5.0,0.56,10.8,0.9,1.0,3.0,8.0,2.0,5.0,0.25,2.7,21.6,False
PN-101381,28,FUEL,BOEING,777-300ER,KRİTİK DEĞİL,VAR,Yurtiçi tamir,10.0,51,12.75,1.67,84.8,0.9,2.0,4.0,17.0,5.0,27.0,0.059,5.0,21.6,False
PN-100424,31,INDICATING / RECORDING SYSTEMS,AIRBUS,A319-100,KRİTİK DEĞİL,YOK,Satınalma,18.0,13,3.81,0.56,8.4,0.9,1.0,3.0,7.0,2.0,5.0,0.077,0.6,21.6,False
PN-104471,76,ENGINE CONTROLS,AIRBUS,A321-200,KRİTİK,VAR,Yurtiçi tamir,5.0,1,0.28,0.69,0.8,0.95,1.0,2.0,3.0,2.0,3.0,0.0,0.0,21.6,False
PN-104129,32,LANDING GEAR,BOEING,737-800,KRİTİK,VAR,Yurtiçi tamir,5.0,2,0.53,0.56,1.2,0.95,1.0,2.0,3.0,2.0,3.0,0.0,0.0,21.6,False
PN-104185,36,PNEUMATIC,AIRBUS,A321-200,KRİTİK DEĞİL,YOK,Satınalma,17.0,15,3.75,0.69,10.1,0.9,1.0,3.0,7.0,2.0,5.0,0.0,0.0,21.5,False
PN-103749,77,ENGINE INDICATING,AIRBUS,A321-200,KRİTİK,VAR,Yurtiçi tamir,4.0,5,0.99,0.69,2.6,0.95,1.0,2.0,3.0,2.0,3.0,0.2,0.5,21.5,False
PN-102363,24,ELECTRICAL POWER,BOEING,737-900ER,KRİTİK,VAR,Yurtiçi tamir,4.0,4,0.74,1.0,2.9,0.95,1.0,2.0,3.0,2.0,3.0,0.0,0.0,21.5,False
PN-100000,23,COMMUNICATIONS,AIRBUS,A319-100,KRİTİK DEĞİL,YOK,Satınalma,19.0,8,2.0,0.56,4.4,0.9,1.0,2.0,4.0,2.0,4.0,0.0,0.0,21.5,False
PN-104571,23,COMMUNICATIONS,AIRBUS,A320neo,KRİTİK DEĞİL,VAR,Yurtiçi tamir,5.0,11,2.75,2.59,27.7,0.9,1.0,2.0,5.0,2.0,9.0,0.091,2.5,21.5,False
PN-104488,56,WINDOWS,AIRBUS,A319-100,KRİTİK DEĞİL,YOK,Satınalma,19.0,8,2.0,0.56,4.3,0.9,1.0,2.0,4.0,2.0,4.0,0.0,0.0,21.5,False
PN-100067,30,ICE & RAIN PROTECTION,AIRBUS,A320-200,KRİTİK DEĞİL,YOK,Satınalma,17.0,16,4.0,0.64,10.0,0.9,1.0,3.0,7.0,2.0,5.0,0.0,0.0,21.5,False
PN-101179,21,AIR CONDITIONING,AIRBUS,A319-100,KRİTİK,VAR,Yurtiçi tamir,4.0,5,1.25,0.56,2.7,0.95,1.0,2.0,4.0,2.0,3.0,0.0,0.0,21.5,False
PN-100845,21,AIR CONDITIONING,BOEING,737-800,KRİTİK DEĞİL,YOK,Satınalma,20.0,5,0.86,0.56,1.8,0.9,1.0,2.0,3.0,2.0,3.0,0.0,0.0,21.5,False
PN-101110,52,DOORS,BOEING,737-800,KRİTİK DEĞİL,YOK,Satınalma,18.0,11,3.06,0.56,6.6,0.9,1.0,2.0,6.0,2.0,4.0,0.182,1.2,21.5,False
PN-104395,35,OXYGEN,AIRBUS,A320-200,KRİTİK DEĞİL,YOK,Yurtdışı tamir,20.0,3,0.85,0.64,2.1,0.9,1.0,2.0,3.0,2.0,3.0,0.0,0.0,21.5,False
PN-104417,25,EQUIPMENT / FURNISHINGS,BOEING,737-800,KRİTİK DEĞİL,YOK,Satınalma,19.0,9,2.25,0.56,4.9,0.9,1.0,2.0,5.0,2.0,4.0,0.111,0.5,21.5,False
PN-104789,49,AIRBORNE AUXILIARY POWER (APU),AIRBUS,A320-200,KRİTİK DEĞİL,YOK,Yurtdışı tamir,17.0,15,3.75,0.64,9.3,0.9,1.0,3.0,7.0,2.0,5.0,0.267,2.5,21.5,False
PN-101320,23,COMMUNICATIONS,BOEING,737-900ER,KRİTİK DEĞİL,YOK,Satınalma,16.0,13,3.25,1.0,12.6,0.9,1.0,2.0,6.0,2.0,6.0,0.231,2.9,21.5,False
PN-104433,23,COMMUNICATIONS,BOEING,737-800,KRİTİK DEĞİL,YOK,Satınalma,18.0,12,3.0,0.56,6.6,0.9,1.0,2.0,5.0,2.0,4.0,0.0,0.0,21.4,False
PN-103530,30,ICE & RAIN PROTECTION,AIRBUS,A321-200,KRİTİK DEĞİL,YOK,Satınalma,19.0,6,1.25,0.69,3.3,0.9,1.0,2.0,4.0,2.0,3.0,0.333,1.1,21.4,False
PN-102487,22,AUTO FLIGHT,AIRBUS,A320-200,KRİTİK DEĞİL,YOK,Satınalma,17.0,14,3.5,0.64,8.9,0.9,1.0,3.0,7.0,2.0,5.0,0.071,0.6,21.4,False
PN-103610,36,PNEUMATIC,AIRBUS,A320-200,KRİTİK DEĞİL,YOK,Satınalma,16.0,18,4.5,0.64,11.2,0.9,1.0,3.0,8.0,2.0,5.0,0.167,1.9,21.4,False
PN-103686,23,COMMUNICATIONS,BOEING,737-800,KRİTİK,VAR,Yurtiçi tamir,4.0,3,0.64,0.56,1.4,0.95,1.0,2.0,3.0,2.0,3.0,0.0,0.0,21.4,False
PN-104221,35,OXYGEN,AIRBUS,A321-200,KRİTİK DEĞİL,YOK,Satınalma,19.0,5,1.25,0.69,3.4,0.9,1.0,2.0,4.0,2.0,3.0,0.2,0.7,21.4,False
PN-100109,71,POWER PLANT,AIRBUS,A321-200,KRİTİK DEĞİL,YOK,Satınalma,17.0,13,3.25,0.69,8.8,0.9,1.0,2.0,6.0,2.0,5.0,0.308,2.7,21.4,False
PN-104174,31,INDICATING / RECORDING SYSTEMS,BOEING,737-800,KRİTİK DEĞİL,YOK,Satınalma,16.0,21,5.25,0.56,11.5,0.9,1.0,3.0,9.0,2.0,5.0,0.238,2.7,21.4,False
PN-103710,30,ICE & RAIN PROTECTION,AIRBUS,A319-100,KRİTİK DEĞİL,YOK,Satınalma,18.0,11,2.75,0.56,6.1,0.9,1.0,2.0,5.0,2.0,4.0,0.091,0.6,21.4,False
PN-103177,28,FUEL,AIRBUS,A330-300,KRİTİK DEĞİL,YOK,Yurtdışı tamir,16.0,4,0.79,1.11,3.4,0.9,1.0,2.0,3.0,2.0,3.0,0.0,0.0,21.4,False
PN-100782,24,ELECTRICAL POWER,AIRBUS,A320neo,KRİTİK DEĞİL,VAR,Yurtiçi tamir,5.0,11,2.75,2.59,27.4,0.9,1.0,2.0,5.0,2.0,9.0,0.0,0.0,21.4,False
PN-103896,35,OXYGEN,BOEING,737-900ER,KRİTİK DEĞİL,YOK,Satınalma,15.0,14,3.5,1.0,13.7,0.9,1.0,2.0,6.0,2.0,6.0,0.0,0.0,21.4,False
PN-103036,73,ENGINE FUEL AND CONTROL,AIRBUS,A321-200,KRİTİK DEĞİL,YOK,Satınalma,19.0,4,0.85,0.69,2.3,0.9,1.0,2.0,3.0,2.0,3.0,0.5,1.2,21.3,False
PN-101993,52,DOORS,AIRBUS,A320-200,KRİTİK DEĞİL,YOK,Satınalma,17.0,12,3.0,0.64,7.6,0.9,1.0,2.0,5.0,2.0,4.0,0.167,1.3,21.3,False
PN-100731,31,INDICATING / RECORDING SYSTEMS,AIRBUS,A320-200,KRİTİK DEĞİL,YOK,Satınalma,20.0,0,0.0,0.64,0.0,0.9,0.0,0.0,0.0,0.0,0.0,0.0,0.0,21.3,False
PN-101399,28,FUEL,AIRBUS,A320neo,KRİTİK DEĞİL,VAR,Yurtiçi tamir,8.0,7,1.75,2.59,17.8,0.9,1.0,2.0,4.0,2.0,7.0,0.0,0.0,21.3,False
PN-103429,28,FUEL,AIRBUS,A319-100,KRİTİK DEĞİL,YOK,Satınalma,19.0,5,1.11,0.56,2.4,0.9,1.0,2.0,4.0,2.0,3.0,0.0,0.0,21.3,False
PN-104832,31,INDICATING / RECORDING SYSTEMS,AIRBUS,A321-200,KRİTİK DEĞİL,YOK,Satınalma,20.0,0,0.0,0.69,0.0,0.9,0.0,0.0,0.0,0.0,0.0,0.0,0.0,21.3,False
PN-100663,26,FIRE PROTECTION,BOEING,737-800,KRİTİK DEĞİL,YOK,Satınalma,18.0,13,2.4,0.56,5.2,0.9,1.0,2.0,5.0,2.0,4.0,0.0,0.0,21.3,False
PN-103522,74,IGNITION,AIRBUS,A320-200,KRİTİK DEĞİL,YOK,Satınalma,17.0,13,3.25,0.64,8.2,0.9,1.0,2.0,6.0,2.0,5.0,0.077,0.6,21.3,False
PN-104922,36,PNEUMATIC,AIRBUS,A321-200,KRİTİK DEĞİL,YOK,Satınalma,18.0,8,1.88,0.69,5.2,0.9,1.0,2.0,4.0,2.0,4.0,0.0,0.0,21.3,False
PN-103976,52,DOORS,BOEING,737-900ER,KRİTİK DEĞİL,YOK,Yurtdışı tamir,19.0,2,0.35,1.0,1.4,0.9,1.0,2.0,3.0,2.0,3.0,0.0,0.0,21.2,False
PN-104486,36,PNEUMATIC,AIRBUS,A330-300,KRİTİK DEĞİL,YOK,Yurtdışı tamir,15.0,4,0.85,1.11,3.6,0.9,1.0,2.0,3.0,2.0,3.0,0.0,0.0,21.2,False
PN-102793,35,OXYGEN,BOEING,737-800,KRİTİK DEĞİL,YOK,Satınalma,18.0,8,2.0,0.56,4.4,0.9,1.0,2.0,4.0,2.0,4.0,0.25,1.1,21.2,False
PN-102618,56,WINDOWS,AIRBUS,A319-100,KRİTİK DEĞİL,YOK,Satınalma,16.0,18,4.5,0.56,9.8,0.9,1.0,3.0,8.0,2.0,5.0,0.0,0.0,21.2,False
PN-101391,35,OXYGEN,BOEING,737-800,KRİTİK DEĞİL,YOK,Yurtdışı tamir,19.0,3,0.6,0.56,1.3,0.9,1.0,2.0,3.0,2.0,3.0,0.0,0.0,21.2,False
PN-101185,28,FUEL,AIRBUS,A320-200,KRİTİK DEĞİL,YOK,Satınalma,17.0,9,2.47,0.64,6.3,0.9,1.0,2.0,5.0,2.0,4.0,0.111,0.7,21.2,False
PN-101137,30,ICE & RAIN PROTECTION,AIRBUS,A320neo,KRİTİK DEĞİL,VAR,Yurtiçi tamir,10.0,6,1.14,2.59,11.6,0.9,1.0,2.0,4.0,2.0,5.0,0.167,1.9,21.2,False
PN-100667,76,ENGINE CONTROLS,AIRBUS,A320-200,KRİTİK DEĞİL,YOK,Yurtdışı tamir,16.0,14,3.5,0.64,8.9,0.9,1.0,3.0,7.0,2.0,5.0,0.071,0.6,21.2,False
PN-104819,79,OIL,AIRBUS,A321-200,KRİTİK DEĞİL,YOK,Satınalma,17.0,11,2.14,0.69,5.9,0.9,1.0,2.0,5.0,2.0,4.0,0.091,0.5,21.1,False
PN-103643,34,NAVIGATION,BOEING,737-800,KRİTİK DEĞİL,YOK,Satınalma,16.0,15,3.75,0.56,8.2,0.9,1.0,3.0,7.0,2.0,5.0,0.133,1.1,21.1,False
PN-100697,49,AIRBORNE AUXILIARY POWER (APU),AIRBUS,A320-200,KRİTİK DEĞİL,YOK,Satınalma,15.0,18,4.5,0.64,11.3,0.9,1.0,3.0,8.0,2.0,5.0,0.222,2.5,21.1,False
PN-104824,34,NAVIGATION,BOEING,737-800,KRİTİK DEĞİL,YOK,Satınalma,19.0,1,0.28,0.56,0.6,0.9,1.0,2.0,3.0,2.0,3.0,0.0,0.0,21.1,False
PN-103768,74,IGNITION,AIRBUS,A319-100,KRİTİK DEĞİL,YOK,Satınalma,18.0,3,1.44,0.56,3.1,0.9,1.0,2.0,4.0,2.0,3.0,0.0,0.0,21.1,False
PN-101464,76,ENGINE CONTROLS,AIRBUS,A321-200,KRİTİK DEĞİL,YOK,Satınalma,14.0,20,5.0,0.69,13.8,0.9,1.0,3.0,8.0,2.0,6.0,0.15,2.1,21.1,False
PN-102683,74,IGNITION,BOEING,737-800,KRİTİK DEĞİL,YOK,Yurtdışı tamir,15.0,20,5.0,0.56,10.8,0.9,1.0,3.0,8.0,2.0,5.0,0.05,0.5,21.1,False
PN-100350,35,OXYGEN,AIRBUS,A321-200,KRİTİK DEĞİL,YOK,Satınalma,13.0,23,5.75,0.69,15.9,0.9,1.0,3.0,9.0,2.0,6.0,0.13,2.1,21.1,False
PN-101148,56,WINDOWS,AIRBUS,A320neo,KRİTİK DEĞİL,VAR,Yurtiçi tamir,8.0,6,1.5,2.59,14.9,0.9,1.0,2.0,4.0,2.0,6.0,0.0,0.0,21.0,False
PN-104085,52,DOORS,AIRBUS,A320neo,KRİTİK DEĞİL,VAR,Yurtiçi tamir,7.0,2,1.7,2.59,16.9,0.9,1.0,2.0,4.0,2.0,7.0,0.0,0.0,21.0,False
PN-100887,26,FIRE PROTECTION,BOEING,777-F,KRİTİK DEĞİL,VAR,Yurtiçi tamir,6.0,11,2.75,2.5,26.9,0.9,1.0,2.0,5.0,2.0,9.0,0.182,4.9,21.0,False
PN-104259,21,AIR CONDITIONING,AIRBUS,A320neo,KRİTİK DEĞİL,VAR,Yurtiçi tamir,9.0,5,1.15,2.59,11.8,0.9,1.0,2.0,4.0,2.0,5.0,0.4,4.7,21.0,False
PN-103168,74,IGNITION,BOEING,737-800,KRİTİK DEĞİL,YOK,Satınalma,18.0,3,0.85,0.56,1.9,0.9,1.0,2.0,3.0,2.0,3.0,0.0,0.0,21.0,False
PN-102529,36,PNEUMATIC,AIRBUS,A319-100,KRİTİK DEĞİL,YOK,Satınalma,18.0,6,1.03,0.56,2.3,0.9,1.0,2.0,4.0,2.0,3.0,0.333,0.8,21.0,False
PN-101599,71,POWER PLANT,BOEING,777-300ER,KRİTİK DEĞİL,VAR,Yurtiçi tamir,4.0,57,14.25,1.67,94.4,0.9,2.0,3.0,18.0,4.0,28.0,0.263,24.8,21.0,False
PN-104200,56,WINDOWS,AIRBUS,A320neo,KRİTİK DEĞİL,VAR,Yurtiçi tamir,4.0,10,2.5,2.59,25.4,0.9,1.0,2.0,5.0,2.0,9.0,0.2,5.1,21.0,False
PN-103647,49,AIRBORNE AUXILIARY POWER (APU),AIRBUS,A321-200,KRİTİK DEĞİL,YOK,Satınalma,18.0,3,0.65,0.69,1.7,0.9,1.0,2.0,3.0,2.0,3.0,0.0,0.0,21.0,False
PN-100703,25,EQUIPMENT / FURNISHINGS,BOEING,737-800,KRİTİK DEĞİL,YOK,Satınalma,11.0,38,9.5,0.56,20.6,0.9,2.0,4.0,14.0,3.0,9.0,0.026,0.5,21.0,False
PN-100994,35,OXYGEN,AIRBUS,A320-200,KRİTİK DEĞİL,YOK,Satınalma,18.0,3,0.85,0.64,2.1,0.9,1.0,2.0,3.0,2.0,3.0,0.333,0.7,21.0,False
PN-102498,21,AIR CONDITIONING,AIRBUS,A321-200,KRİTİK DEĞİL,YOK,Satınalma,16.0,9,2.25,0.69,6.2,0.9,1.0,2.0,5.0,2.0,4.0,0.222,1.4,20.9,False
PN-103849,26,FIRE PROTECTION,BOEING,737-800,KRİTİK DEĞİL,YOK,Satınalma,18.0,1,0.28,0.56,0.6,0.9,1.0,2.0,3.0,2.0,3.0,0.0,0.0,20.9,False
PN-102820,36,PNEUMATIC,AIRBUS,A320-200,KRİTİK DEĞİL,YOK,Satınalma,14.0,18,4.5,0.64,11.5,0.9,1.0,3.0,8.0,2.0,5.0,0.333,3.8,20.9,False
PN-101751,77,ENGINE INDICATING,AIRBUS,A320-200,KRİTİK DEĞİL,YOK,Satınalma,12.0,28,7.0,0.64,17.4,0.9,1.0,3.0,10.0,2.0,7.0,0.071,1.2,20.9,False
PN-102111,56,WINDOWS,AIRBUS,A321-200,KRİTİK DEĞİL,YOK,Satınalma,18.0,1,0.21,0.69,0.6,0.9,1.0,2.0,3.0,2.0,3.0,0.0,0.0,20.9,False
PN-102925,25,EQUIPMENT / FURNISHINGS,BOEING,737-800,KRİTİK DEĞİL,YOK,Satınalma,18.0,2,0.35,0.56,0.8,0.9,1.0,2.0,3.0,2.0,3.0,0.0,0.0,20.9,False
PN-104447,25,EQUIPMENT / FURNISHINGS,BOEING,737-800,KRİTİK DEĞİL,YOK,Satınalma,18.0,3,0.46,0.56,1.0,0.9,1.0,2.0,3.0,2.0,3.0,0.333,0.3,20.9,False
PN-101787,23,COMMUNICATIONS,AIRBUS,A320neo,KRİTİK DEĞİL,VAR,Yurtiçi tamir,8.0,5,1.25,2.59,12.4,0.9,1.0,2.0,4.0,2.0,6.0,0.0,0.0,20.8,False
PN-100365,35,OXYGEN,AIRBUS,A320-200,KRİTİK DEĞİL,YOK,Satınalma,17.0,4,0.79,0.64,1.9,0.9,1.0,2.0,3.0,2.0,3.0,0.0,0.0,20.8,False
PN-104168,35,OXYGEN,AIRBUS,A320neo,KRİTİK DEĞİL,VAR,Yurtiçi tamir,9.0,4,0.97,2.59,9.9,0.9,1.0,2.0,3.0,2.0,5.0,0.5,4.9,20.8,False
PN-101971,77,ENGINE INDICATING,AIRBUS,A320neo,KRİTİK DEĞİL,VAR,Yurtiçi tamir,8.0,7,1.21,2.59,12.0,0.9,1.0,2.0,4.0,2.0,6.0,0.143,1.7,20.8,False
PN-101747,30,ICE & RAIN PROTECTION,AIRBUS,A319-100,KRİTİK DEĞİL,YOK,Yurtdışı tamir,16.0,10,2.5,0.56,5.4,0.9,1.0,2.0,5.0,2.0,4.0,0.1,0.5,20.8,False
PN-102926,52,DOORS,BOEING,777-F,KRİTİK DEĞİL,VAR,Yurtiçi tamir,9.0,7,1.72,2.5,16.7,0.9,1.0,2.0,4.0,2.0,7.0,0.429,7.1,20.8,False
PN-103907,80,STARTING,AIRBUS,A320neo,KRİTİK DEĞİL,VAR,Yurtiçi tamir,6.0,6,1.78,2.59,18.1,0.9,1.0,2.0,4.0,2.0,7.0,0.0,0.0,20.8,False
PN-103893,26,FIRE PROTECTION,AIRBUS,A320-200,KRİTİK DEĞİL,YOK,Satınalma,15.0,12,3.0,0.64,7.6,0.9,1.0,2.0,5.0,2.0,4.0,0.167,1.3,20.8,False
PN-104470,31,INDICATING / RECORDING SYSTEMS,BOEING,737-900ER,KRİTİK DEĞİL,YOK,Satınalma,14.0,11,2.75,1.0,10.6,0.9,1.0,2.0,5.0,2.0,5.0,0.091,1.0,20.8,False
PN-100939,35,OXYGEN,AIRBUS,A330-300,KRİTİK DEĞİL,YOK,Satınalma,13.0,5,1.21,1.11,5.1,0.9,1.0,2.0,4.0,2.0,4.0,0.0,0.0,20.8,False
PN-101546,56,WINDOWS,AIRBUS,A320neo,KRİTİK DEĞİL,VAR,Yurtiçi tamir,6.0,7,1.75,2.59,17.6,0.9,1.0,2.0,4.0,2.0,7.0,0.0,0.0,20.8,False
PN-101337,28,FUEL,AIRBUS,A319-100,KRİTİK DEĞİL,YOK,Yurtdışı tamir,15.0,13,3.25,0.56,6.9,0.9,1.0,2.0,6.0,2.0,4.0,0.154,1.1,20.7,False
PN-102463,49,AIRBORNE AUXILIARY POWER (APU),AIRBUS,A320neo,KRİTİK DEĞİL,VAR,Yurtiçi tamir,9.0,2,0.85,2.59,8.8,0.9,1.0,2.0,3.0,2.0,5.0,0.0,0.0,20.7,False
PN-100647,35,OXYGEN,BOEING,737-800,KRİTİK DEĞİL,YOK,Satınalma,10.0,38,9.5,0.56,20.5,0.9,1.0,4.0,14.0,2.0,8.0,0.053,1.1,20.7,False
PN-101856,30,ICE & RAIN PROTECTION,BOEING,777-F,KRİTİK DEĞİL,VAR,Yurtiçi tamir,7.0,10,1.99,2.5,19.7,0.9,1.0,2.0,4.0,2.0,7.0,0.1,2.0,20.6,False
PN-103275,79,OIL,AIRBUS,A319-100,KRİTİK DEĞİL,YOK,Satınalma,17.0,0,0.0,0.56,0.0,0.9,0.0,0.0,0.0,0.0,0.0,0.0,0.0,20.6,False
PN-101130,31,INDICATING / RECORDING SYSTEMS,AIRBUS,A320-200,KRİTİK DEĞİL,YOK,Satınalma,14.0,13,3.25,0.64,8.1,0.9,1.0,2.0,6.0,2.0,5.0,0.154,1.2,20.6,False
PN-103778,80,STARTING,BOEING,737-800,KRİTİK DEĞİL,YOK,Satınalma,17.0,1,0.21,0.56,0.5,0.9,1.0,2.0,3.0,2.0,3.0,0.0,0.0,20.6,False
PN-104706,34,NAVIGATION,AIRBUS,A330-300,KRİTİK DEĞİL,YOK,Satınalma,11.0,7,1.9,1.11,8.2,0.9,1.0,2.0,4.0,2.0,5.0,0.143,1.2,20.6,False
PN-102997,30,ICE & RAIN PROTECTION,AIRBUS,A321-200,KRİTİK DEĞİL,YOK,Satınalma,16.0,5,1.25,0.69,3.3,0.9,1.0,2.0,4.0,2.0,3.0,0.2,0.7,20.6,False
PN-104901,56,WINDOWS,AIRBUS,A320neo,KRİTİK DEĞİL,VAR,Yurtiçi tamir,8.0,4,1.03,2.59,10.2,0.9,1.0,2.0,4.0,2.0,5.0,0.0,0.0,20.6,False
PN-104274,21,AIR CONDITIONING,AIRBUS,A330-200,KRİTİK DEĞİL,VAR,Yurtiçi tamir,8.0,620,155.0,1.33,812.2,0.9,6.0,19.0,174.0,24.0,228.0,0.095,77.3,20.6,False
PN-102311,22,AUTO FLIGHT,BOEING,737-800,KRİTİK DEĞİL,YOK,Satınalma,17.0,1,0.21,0.56,0.5,0.9,1.0,2.0,3.0,2.0,3.0,0.0,0.0,20.6,False
PN-103358,25,EQUIPMENT / FURNISHINGS,AIRBUS,A330-300,KRİTİK DEĞİL,YOK,Satınalma,12.0,6,0.93,1.11,4.0,0.9,1.0,2.0,3.0,2.0,3.0,0.0,0.0,20.5,False
PN-104667,24,ELECTRICAL POWER,AIRBUS,A320neo,KRİTİK DEĞİL,VAR,Yurtiçi tamir,9.0,3,0.65,2.59,6.5,0.9,1.0,2.0,3.0,2.0,4.0,0.0,0.0,20.5,False
PN-102546,73,ENGINE FUEL AND CONTROL,AIRBUS,A320neo,KRİTİK DEĞİL,VAR,Yurtiçi tamir,10.0,1,0.42,2.59,4.2,0.9,1.0,2.0,3.0,2.0,4.0,0.0,0.0,20.5,False
PN-101911,77,ENGINE INDICATING,AIRBUS,A319-100,KRİTİK DEĞİL,YOK,Satınalma,16.0,2,0.42,0.56,0.9,0.9,1.0,2.0,3.0,2.0,3.0,0.0,0.0,20.4,False
PN-101532,79,OIL,BOEING,737-800,KRİTİK DEĞİL,YOK,Satınalma,16.0,1,0.28,0.56,0.6,0.9,1.0,2.0,3.0,2.0,3.0,1.0,0.6,20.4,False
PN-102770,56,WINDOWS,BOEING,777-F,KRİTİK DEĞİL,VAR,Yurtiçi tamir,13.0,1,0.21,2.5,2.0,0.9,1.0,2.0,3.0,2.0,3.0,0.0,0.0,20.4,False
PN-100716,35,OXYGEN,AIRBUS,A321-200,KRİTİK DEĞİL,YOK,Satınalma,13.0,13,3.25,0.69,8.9,0.9,1.0,2.0,6.0,2.0,5.0,0.077,0.7,20.4,False
PN-102477,25,EQUIPMENT / FURNISHINGS,AIRBUS,A320neo,KRİTİK DEĞİL,VAR,Yurtiçi tamir,7.0,3,1.1,2.59,11.0,0.9,1.0,2.0,4.0,2.0,5.0,0.0,0.0,20.4,False
PN-102013,77,ENGINE INDICATING,AIRBUS,A320-200,KRİTİK DEĞİL,YOK,Satınalma,16.0,2,0.5,0.64,1.2,0.9,1.0,2.0,3.0,2.0,3.0,0.0,0.0,20.4,False
PN-104250,31,INDICATING / RECORDING SYSTEMS,AIRBUS,A319-100,KRİTİK DEĞİL,YOK,Satınalma,13.0,16,4.0,0.56,8.6,0.9,1.0,2.0,6.0,2.0,5.0,0.188,1.6,20.4,False
PN-103235,36,PNEUMATIC,BOEING,777-F,KRİTİK DEĞİL,VAR,Yurtiçi tamir,11.0,3,0.65,2.5,6.4,0.9,1.0,2.0,3.0,2.0,4.0,0.0,0.0,20.3,False
PN-103258,36,PNEUMATIC,AIRBUS,A320neo,KRİTİK DEĞİL,VAR,Yurtiçi tamir,6.0,7,1.26,2.59,12.8,0.9,1.0,2.0,4.0,2.0,6.0,0.0,0.0,20.3,False
PN-104766,36,PNEUMATIC,AIRBUS,A321-200,KRİTİK DEĞİL,YOK,Satınalma,14.0,7,1.75,0.69,4.9,0.9,1.0,2.0,4.0,2.0,4.0,0.0,0.0,20.3,False
PN-102333,74,IGNITION,BOEING,737-800,KRİTİK DEĞİL,YOK,Yurtdışı tamir,16.0,0,0.0,0.56,0.0,0.9,0.0,0.0,0.0,0.0,0.0,0.0,0.0,20.3,False
PN-100829,21,AIR CONDITIONING,AIRBUS,A320neo,KRİTİK DEĞİL,VAR,Yurtiçi tamir,7.0,4,1.03,2.59,10.2,0.9,1.0,2.0,4.0,2.0,5.0,0.0,0.0,20.3,False
PN-104119,22,AUTO FLIGHT,AIRBUS,A320neo,KRİTİK DEĞİL,VAR,Yurtiçi tamir,5.0,6,1.5,2.59,15.1,0.9,1.0,2.0,4.0,2.0,6.0,0.5,7.6,20.3,False
PN-103913,36,PNEUMATIC,BOEING,777-F,KRİTİK DEĞİL,VAR,Yurtiçi tamir,6.0,9,2.04,2.5,20.1,0.9,1.0,2.0,5.0,2.0,8.0,0.222,4.5,20.3,False
PN-102999,56,WINDOWS,AIRBUS,A320neo,KRİTİK DEĞİL,VAR,Yurtiçi tamir,9.0,2,0.42,2.59,4.5,0.9,1.0,2.0,3.0,2.0,4.0,0.0,0.0,20.3,False
PN-102482,25,EQUIPMENT / FURNISHINGS,AIRBUS,A321-200,KRİTİK DEĞİL,YOK,Satınalma,15.0,5,1.05,0.69,2.8,0.9,1.0,2.0,4.0,2.0,3.0,0.2,0.6,20.3,False
PN-100700,35,OXYGEN,BOEING,737-900ER,KRİTİK DEĞİL,YOK,Satınalma,11.0,14,3.5,1.0,13.6,0.9,1.0,2.0,6.0,2.0,6.0,0.214,2.9,20.3,False
PN-104957,30,ICE & RAIN PROTECTION,BOEING,737-900ER,KRİTİK DEĞİL,YOK,Satınalma,16.0,0,0.0,1.0,0.0,0.9,0.0,0.0,0.0,0.0,0.0,0.0,0.0,20.3,False
PN-103490,23,COMMUNICATIONS,AIRBUS,A320-200,KRİTİK DEĞİL,YOK,Yurtdışı tamir,15.0,6,1.09,0.64,2.8,0.9,1.0,2.0,4.0,2.0,3.0,0.167,0.5,20.3,False
PN-102667,80,STARTING,BOEING,737-800,KRİTİK DEĞİL,YOK,Satınalma,14.0,10,2.5,0.56,5.4,0.9,1.0,2.0,5.0,2.0,4.0,0.1,0.5,20.3,False
PN-103538,35,OXYGEN,AIRBUS,A320neo,KRİTİK DEĞİL,VAR,Yurtiçi tamir,6.0,6,1.18,2.59,12.2,0.9,1.0,2.0,4.0,2.0,6.0,0.0,0.0,20.3,False
PN-103691,52,DOORS,AIRBUS,A320-200,KRİTİK DEĞİL,YOK,Satınalma,14.0,5,1.5,0.64,3.8,0.9,1.0,2.0,4.0,2.0,3.0,0.0,0.0,20.2,False
PN-100286,25,EQUIPMENT / FURNISHINGS,BOEING,737-800,KRİTİK DEĞİL,YOK,Satınalma,15.0,3,0.65,0.56,1.5,0.9,1.0,2.0,3.0,2.0,3.0,0.0,0.0,20.2,False
PN-101485,76,ENGINE CONTROLS,AIRBUS,A320-200,KRİTİK DEĞİL,YOK,Satınalma,12.0,15,3.75,0.64,9.4,0.9,1.0,2.0,6.0,2.0,5.0,0.133,1.2,20.2,False
PN-102829,24,ELECTRICAL POWER,AIRBUS,A321-200,KRİTİK DEĞİL,YOK,Satınalma,10.0,22,5.5,0.69,14.9,0.9,1.0,2.0,8.0,2.0,6.0,0.182,2.7,20.2,False
PN-100362,26,FIRE PROTECTION,AIRBUS,A321-200,KRİTİK DEĞİL,YOK,Satınalma,15.0,2,0.42,0.69,1.1,0.9,1.0,2.0,3.0,2.0,3.0,0.0,0.0,20.2,False
PN-103327,26,FIRE PROTECTION,AIRBUS,A320neo,KRİTİK DEĞİL,VAR,Yurtiçi tamir,9.0,2,0.35,2.59,3.5,0.9,1.0,2.0,3.0,2.0,3.0,0.0,0.0,20.2,False
PN-100055,22,AUTO FLIGHT,BOEING,737-800,KRİTİK DEĞİL,YOK,Satınalma,12.0,15,3.75,0.56,8.1,0.9,1.0,2.0,6.0,2.0,5.0,0.133,1.1,20.1,False
PN-104108,35,OXYGEN,AIRBUS,A320-200,KRİTİK DEĞİL,YOK,Yurtdışı tamir,15.0,0,0.0,0.64,0.0,0.9,0.0,0.0,0.0,0.0,0.0,0.0,0.0,20.1,False
PN-103812,56,WINDOWS,BOEING,777-F,KRİTİK DEĞİL,VAR,Yurtiçi tamir,8.0,5,1.25,2.5,12.2,0.9,1.0,2.0,4.0,2.0,6.0,0.0,0.0,20.1,False
PN-100322,49,AIRBORNE AUXILIARY POWER (APU),AIRBUS,A319-100,KRİTİK DEĞİL,YOK,Satınalma,11.0,21,5.25,0.56,11.4,0.9,1.0,3.0,9.0,2.0,5.0,0.238,2.7,20.1,False
PN-100338,26,FIRE PROTECTION,AIRBUS,A321-200,KRİTİK DEĞİL,YOK,Satınalma,13.0,8,2.0,0.69,5.7,0.9,1.0,2.0,4.0,2.0,4.0,0.125,0.7,20.1,False
PN-103587,56,WINDOWS,AIRBUS,A320neo,KRİTİK DEĞİL,VAR,Yurtiçi tamir,7.0,3,0.7,2.59,7.3,0.9,1.0,2.0,3.0,2.0,4.0,0.0,0.0,20.1,False
PN-103585,26,FIRE PROTECTION,BOEING,737-900ER,KRİTİK DEĞİL,YOK,Satınalma,14.0,3,0.64,1.0,2.4,0.9,1.0,2.0,3.0,2.0,3.0,0.0,0.0,20.0,False
PN-101071,26,FIRE PROTECTION,AIRBUS,A320-200,KRİTİK DEĞİL,YOK,Satınalma,13.0,8,2.0,0.64,5.0,0.9,1.0,2.0,4.0,2.0,4.0,0.25,1.2,20.0,False
PN-101500,35,OXYGEN,BOEING,737-800,KRİTİK DEĞİL,YOK,Satınalma,14.0,3,0.85,0.56,1.9,0.9,1.0,2.0,3.0,2.0,3.0,0.0,0.0,20.0,False
PN-101362,30,ICE & RAIN PROTECTION,BOEING,737-800,KRİTİK DEĞİL,YOK,Satınalma,13.0,9,2.25,0.56,4.8,0.9,1.0,2.0,5.0,2.0,4.0,0.444,2.1,20.0,False
PN-101845,52,DOORS,BOEING,777-F,KRİTİK DEĞİL,VAR,Yurtiçi tamir,9.0,2,0.85,2.5,8.2,0.9,1.0,2.0,3.0,2.0,5.0,0.0,0.0,20.0,False
PN-102265,23,COMMUNICATIONS,AIRBUS,A320neo,KRİTİK DEĞİL,VAR,Yurtiçi tamir,6.0,2,0.85,2.59,8.5,0.9,1.0,2.0,3.0,2.0,5.0,0.0,0.0,19.9,False
PN-104157,28,FUEL,BOEING,777-F,KRİTİK DEĞİL,VAR,Yurtiçi tamir,7.0,7,1.36,2.5,13.0,0.9,1.0,2.0,4.0,2.0,6.0,0.0,0.0,19.9,False
PN-100245,23,COMMUNICATIONS,BOEING,737-900ER,KRİTİK DEĞİL,YOK,Satınalma,10.0,12,3.0,1.0,11.6,0.9,1.0,2.0,5.0,2.0,5.0,0.083,1.0,19.9,False
PN-100549,56,WINDOWS,AIRBUS,A320neo,KRİTİK DEĞİL,VAR,Yurtiçi tamir,7.0,3,0.57,2.59,5.7,0.9,1.0,2.0,3.0,2.0,4.0,0.0,0.0,19.9,False
PN-102861,79,OIL,AIRBUS,A320-200,KRİTİK DEĞİL,YOK,Satınalma,12.0,9,2.25,0.64,5.5,0.9,1.0,2.0,5.0,2.0,4.0,0.0,0.0,19.8,False
PN-103016,35,OXYGEN,AIRBUS,A320-200,KRİTİK DEĞİL,YOK,Satınalma,13.0,6,1.14,0.64,2.8,0.9,1.0,2.0,4.0,2.0,3.0,0.0,0.0,19.8,False
PN-103554,31,INDICATING / RECORDING SYSTEMS,AIRBUS,A319-100,KRİTİK DEĞİL,YOK,Satınalma,13.0,4,1.06,0.56,2.3,0.9,1.0,2.0,4.0,2.0,3.0,0.25,0.6,19.8,False
PN-103470,26,FIRE PROTECTION,AIRBUS,A321-200,KRİTİK DEĞİL,YOK,Satınalma,13.0,2,0.5,0.69,1.4,0.9,1.0,2.0,3.0,2.0,3.0,0.0,0.0,19.7,False
PN-101513,29,HYDRAULIC POWER,AIRBUS,A319-100,KRİTİK DEĞİL,YOK,Satınalma,12.0,2,1.7,0.56,3.8,0.9,1.0,2.0,4.0,2.0,3.0,0.0,0.0,19.7,False
PN-100607,35,OXYGEN,BOEING,737-800,KRİTİK DEĞİL,YOK,Satınalma,13.0,3,0.72,0.56,1.5,0.9,1.0,2.0,3.0,2.0,3.0,0.0,0.0,19.7,False
PN-102764,26,FIRE PROTECTION,AIRBUS,A321-200,KRİTİK DEĞİL,YOK,Satınalma,10.0,13,3.25,0.69,8.8,0.9,1.0,2.0,6.0,2.0,5.0,0.0,0.0,19.6,False
PN-101756,30,ICE & RAIN PROTECTION,AIRBUS,A319-100,KRİTİK DEĞİL,YOK,Satınalma,13.0,1,0.42,0.56,0.9,0.9,1.0,2.0,3.0,2.0,3.0,1.0,0.9,19.6,False
PN-100512,74,IGNITION,BOEING,737-900ER,KRİTİK DEĞİL,YOK,Satınalma,13.0,0,0.0,1.0,0.0,0.9,0.0,0.0,0.0,0.0,0.0,0.0,0.0,19.6,False
PN-102268,24,ELECTRICAL POWER,AIRBUS,A320neo,KRİTİK DEĞİL,VAR,Yurtiçi tamir,5.0,1,0.85,2.59,8.5,0.9,1.0,2.0,3.0,2.0,5.0,0.0,0.0,19.6,False
PN-104621,80,STARTING,AIRBUS,A319-100,KRİTİK DEĞİL,YOK,Satınalma,12.0,5,1.25,0.56,2.7,0.9,1.0,2.0,4.0,2.0,3.0,0.2,0.5,19.6,False
PN-103039,26,FIRE PROTECTION,AIRBUS,A319-100,KRİTİK DEĞİL,YOK,Satınalma,12.0,4,1.31,0.56,2.8,0.9,1.0,2.0,4.0,2.0,3.0,0.25,0.7,19.6,False
PN-100484,34,NAVIGATION,AIRBUS,A320-200,KRİTİK DEĞİL,YOK,Satınalma,12.0,6,1.39,0.64,3.4,0.9,1.0,2.0,4.0,2.0,3.0,0.167,0.6,19.6,False
PN-103519,77,ENGINE INDICATING,BOEING,777-F,KRİTİK DEĞİL,VAR,Yurtiçi tamir,10.0,0,0.0,2.5,0.0,0.9,0.0,0.0,0.0,0.0,0.0,0.0,0.0,19.5,False
PN-104858,27,FLIGHT CONTROLS,AIRBUS,A320neo,KRİTİK DEĞİL,VAR,Yurtiçi tamir,5.0,3,0.7,2.59,7.2,0.9,1.0,2.0,3.0,2.0,4.0,0.333,2.4,19.5,False
PN-103359,35,OXYGEN,AIRBUS,A320neo,KRİTİK DEĞİL,VAR,Yurtiçi tamir,5.0,3,0.72,2.59,7.4,0.9,1.0,2.0,3.0,2.0,4.0,0.333,2.5,19.5,False
PN-101172,31,INDICATING / RECORDING SYSTEMS,AIRBUS,A321-200,KRİTİK DEĞİL,YOK,Satınalma,12.0,4,0.85,0.69,2.3,0.9,1.0,2.0,3.0,2.0,3.0,0.0,0.0,19.5,False
PN-104691,22,AUTO FLIGHT,AIRBUS,A320neo,KRİTİK DEĞİL,VAR,Yurtiçi tamir,6.0,1,0.42,2.59,4.2,0.9,1.0,2.0,3.0,2.0,4.0,0.0,0.0,19.5,False
PN-101977,29,HYDRAULIC POWER,AIRBUS,A320neo,KRİTİK DEĞİL,VAR,Yurtiçi tamir,6.0,2,0.42,2.59,4.2,0.9,1.0,2.0,3.0,2.0,4.0,0.0,0.0,19.5,False
PN-100815,74,IGNITION,AIRBUS,A320-200,KRİTİK DEĞİL,YOK,Satınalma,11.0,6,1.54,0.64,4.0,0.9,1.0,2.0,4.0,2.0,3.0,0.167,0.7,19.4,False
PN-104947,35,OXYGEN,AIRBUS,A321-200,KRİTİK DEĞİL,YOK,Satınalma,10.0,10,2.5,0.69,6.9,0.9,1.0,2.0,5.0,2.0,4.0,0.0,0.0,19.4,False
PN-104909,52,DOORS,AIRBUS,A320neo,KRİTİK DEĞİL,VAR,Yurtiçi tamir,4.0,5,0.86,2.59,8.9,0.9,1.0,2.0,3.0,2.0,5.0,0.0,0.0,19.4,False
PN-101769,26,FIRE PROTECTION,BOEING,737-800,KRİTİK DEĞİL,YOK,Satınalma,11.0,5,1.25,0.56,2.7,0.9,1.0,2.0,4.0,2.0,3.0,0.0,0.0,19.3,False
PN-100599,52,DOORS,AIRBUS,A320-200,KRİTİK DEĞİL,YOK,Satınalma,11.0,6,1.03,0.64,2.6,0.9,1.0,2.0,4.0,2.0,3.0,0.0,0.0,19.3,False
PN-104616,28,FUEL,AIRBUS,A321-200,KRİTİK DEĞİL,YOK,Satınalma,11.0,4,1.1,0.69,2.9,0.9,1.0,2.0,4.0,2.0,3.0,0.0,0.0,19.3,False
PN-102061,36,PNEUMATIC,AIRBUS,A320neo,KRİTİK DEĞİL,VAR,Yurtiçi tamir,4.0,2,0.65,2.59,6.5,0.9,1.0,2.0,3.0,2.0,4.0,0.5,3.3,19.2,False
PN-101696,34,NAVIGATION,AIRBUS,A320-200,KRİTİK DEĞİL,YOK,Satınalma,11.0,3,0.65,0.64,1.7,0.9,1.0,2.0,3.0,2.0,3.0,0.333,0.6,19.2,False
PN-102050,25,EQUIPMENT / FURNISHINGS,AIRBUS,A320-200,KRİTİK DEĞİL,YOK,Satınalma,11.0,2,0.65,0.64,1.7,0.9,1.0,2.0,3.0,2.0,3.0,0.0,0.0,19.2,False
PN-102862,74,IGNITION,AIRBUS,A320-200,KRİTİK DEĞİL,YOK,Satınalma,10.0,6,1.31,0.64,3.3,0.9,1.0,2.0,4.0,2.0,3.0,0.0,0.0,19.1,False
PN-101934,24,ELECTRICAL POWER,AIRBUS,A330-300,KRİTİK DEĞİL,VAR,Yurtiçi tamir,8.0,308,77.0,1.11,334.6,0.9,4.0,11.0,88.0,12.0,96.0,0.175,58.7,19.1,False
PN-100007,71,POWER PLANT,BOEING,777-300ER,KRİTİK DEĞİL,VAR,Yurtiçi tamir,6.0,43,10.75,1.67,69.6,0.9,2.0,3.0,14.0,4.0,22.0,0.093,6.5,19.1,False
PN-104586,26,FIRE PROTECTION,BOEING,737-800,KRİTİK DEĞİL,YOK,Satınalma,10.0,4,0.85,0.56,1.8,0.9,1.0,2.0,3.0,2.0,3.0,0.0,0.0,19.0,False
PN-103247,23,COMMUNICATIONS,BOEING,777-F,KRİTİK DEĞİL,VAR,Yurtiçi tamir,5.0,2,0.85,2.5,8.5,0.9,1.0,2.0,3.0,2.0,5.0,0.0,0.0,19.0,False
PN-104911,35,OXYGEN,BOEING,737-800,KRİTİK DEĞİL,YOK,Satınalma,10.0,4,1.05,0.56,2.2,0.9,1.0,2.0,4.0,2.0,3.0,0.0,0.0,19.0,False
PN-100325,26,FIRE PROTECTION,BOEING,737-800,KRİTİK DEĞİL,YOK,Satınalma,10.0,4,1.1,0.56,2.5,0.9,1.0,2.0,4.0,2.0,3.0,0.0,0.0,19.0,False
PN-100099,24,ELECTRICAL POWER,BOEING,777-F,KRİTİK DEĞİL,VAR,Yurtiçi tamir,7.0,1,0.21,2.5,2.2,0.9,1.0,2.0,3.0,2.0,3.0,2.0,4.4,18.9,False
PN-102742,35,OXYGEN,AIRBUS,A321-200,KRİTİK DEĞİL,YOK,Satınalma,10.0,3,0.46,0.69,1.3,0.9,1.0,2.0,3.0,2.0,3.0,0.333,0.4,18.9,False
PN-101622,79,OIL,BOEING,777-300ER,KRİTİK DEĞİL,VAR,Yurtiçi tamir,5.0,43,10.75,1.67,69.9,0.9,2.0,2.0,13.0,3.0,21.0,0.07,4.9,18.9,False
PN-100629,30,ICE & RAIN PROTECTION,BOEING,777-F,KRİTİK DEĞİL,VAR,Yurtiçi tamir,4.0,4,0.69,2.5,6.7,0.9,1.0,2.0,3.0,2.0,4.0,0.5,3.4,18.6,False
PN-103175,36,PNEUMATIC,BOEING,777-300ER,KRİTİK DEĞİL,VAR,Yurtiçi tamir,19.0,18,4.5,1.67,29.1,0.9,2.0,3.0,8.0,4.0,12.0,0.0,0.0,18.6,False
PN-101472,32,LANDING GEAR,AIRBUS,A330-200,KRİTİK DEĞİL,VAR,Yurtiçi tamir,6.0,65,16.25,1.33,84.3,0.9,2.0,4.0,21.0,4.0,26.0,0.154,13.0,18.1,False
PN-103549,52,DOORS,AIRBUS,A330-200,KRİTİK DEĞİL,VAR,Yurtiçi tamir,8.0,59,14.75,1.33,77.7,0.9,2.0,4.0,19.0,4.0,24.0,0.051,4.0,18.0,False
PN-104754,26,FIRE PROTECTION,AIRBUS,A330-200,KRİTİK DEĞİL,VAR,Yurtiçi tamir,18.0,38,9.5,1.33,49.2,0.9,2.0,4.0,14.0,5.0,18.0,0.079,3.9,17.9,False
PN-102817,76,ENGINE CONTROLS,BOEING,777-300ER,KRİTİK DEĞİL,VAR,Yurtiçi tamir,11.0,25,6.25,1.67,40.6,0.9,2.0,3.0,10.0,4.0,15.0,0.04,1.6,17.6,False
PN-100908,30,ICE & RAIN PROTECTION,AIRBUS,A330-200,KRİTİK DEĞİL,VAR,Yurtiçi tamir,8.0,55,13.75,1.33,71.8,0.9,2.0,4.0,18.0,4.0,22.0,0.2,14.4,17.5,False
PN-104979,49,AIRBORNE AUXILIARY POWER (APU),BOEING,777-300ER,KRİTİK DEĞİL,VAR,Yurtiçi tamir,15.0,16,4.0,1.67,26.2,0.9,2.0,3.0,7.0,4.0,11.0,0.125,3.3,17.3,False
PN-103263,76,ENGINE CONTROLS,BOEING,777-300ER,KRİTİK DEĞİL,VAR,Yurtiçi tamir,15.0,15,3.75,1.67,24.3,0.9,2.0,3.0,7.0,4.0,11.0,0.0,0.0,17.1,False
PN-102889,26,FIRE PROTECTION,BOEING,777-300ER,KRİTİK DEĞİL,VAR,Yurtiçi tamir,8.0,26,6.5,1.67,41.9,0.9,2.0,2.0,9.0,3.0,14.0,0.192,8.1,17.0,False
PN-100095,28,FUEL,BOEING,777-300ER,KRİTİK DEĞİL,VAR,Yurtiçi tamir,7.0,27,6.75,1.67,44.1,0.9,2.0,2.0,9.0,3.0,15.0,0.111,4.9,16.9,False
PN-103597,36,PNEUMATIC,AIRBUS,A330-200,KRİTİK DEĞİL,VAR,Yurtiçi tamir,13.0,40,10.0,1.33,51.6,0.9,2.0,4.0,14.0,4.0,17.0,0.225,11.6,16.8,False
PN-102237,28,FUEL,AIRBUS,A319-100,KRİTİK DEĞİL,VAR,Yurtiçi tamir,11.0,147,36.75,0.56,79.3,0.9,2.0,8.0,45.0,5.0,25.0,0.061,4.9,16.6,False
PN-100412,28,FUEL,AIRBUS,A330-200,KRİTİK DEĞİL,VAR,Yurtiçi tamir,5.0,53,13.25,1.33,69.2,0.9,2.0,3.0,17.0,3.0,21.0,0.057,3.9,16.4,False
PN-104529,36,PNEUMATIC,BOEING,777-300ER,KRİTİK DEĞİL,VAR,Yurtiçi tamir,11.0,17,4.25,1.67,27.8,0.9,2.0,2.0,7.0,3.0,10.0,0.0,0.0,16.4,False
PN-101684,30,ICE & RAIN PROTECTION,BOEING,777-300ER,KRİTİK DEĞİL,VAR,Yurtiçi tamir,8.0,21,5.25,1.67,34.6,0.9,2.0,2.0,8.0,3.0,12.0,0.19,6.6,16.3,False
PN-102678,49,AIRBORNE AUXILIARY POWER (APU),AIRBUS,A330-200,KRİTİK DEĞİL,VAR,Yurtiçi tamir,10.0,41,10.25,1.33,54.1,0.9,2.0,4.0,15.0,4.0,18.0,0.073,4.0,16.3,False
PN-102414,30,ICE & RAIN PROTECTION,AIRBUS,A321-200,KRİTİK DEĞİL,VAR,Yurtiçi tamir,12.0,108,27.0,0.69,74.3,0.9,3.0,7.0,34.0,6.0,25.0,0.157,11.7,16.3,False
PN-101608,27,FLIGHT CONTROLS,BOEING,777-300ER,KRİTİK DEĞİL,VAR,Yurtiçi tamir,8.0,20,5.0,1.67,32.3,0.9,2.0,2.0,7.0,3.0,12.0,0.1,3.2,16.1,False
PN-101282,31,INDICATING / RECORDING SYSTEMS,BOEING,777-300ER,KRİTİK DEĞİL,VAR,Yurtiçi tamir,8.0,19,4.75,1.67,31.1,0.9,2.0,2.0,7.0,3.0,11.0,0.053,1.6,16.0,False
PN-102985,52,DOORS,BOEING,777-300ER,KRİTİK DEĞİL,VAR,Yurtiçi tamir,8.0,19,4.75,1.67,30.7,0.9,2.0,2.0,7.0,3.0,11.0,0.0,0.0,15.9,False
PN-100145,76,ENGINE CONTROLS,BOEING,777-300ER,KRİTİK DEĞİL,VAR,Yurtiçi tamir,5.0,21,5.25,1.67,33.8,0.9,1.0,2.0,8.0,2.0,11.0,0.143,4.8,15.5,False
PN-102713,35,OXYGEN,BOEING,777-300ER,KRİTİK DEĞİL,VAR,Yurtiçi tamir,11.0,8,2.69,1.67,17.6,0.9,1.0,2.0,5.0,2.0,7.0,0.0,0.0,15.5,False
PN-102488,35,OXYGEN,BOEING,777-300ER,KRİTİK DEĞİL,VAR,Yurtiçi tamir,16.0,2,0.57,1.67,3.6,0.9,1.0,2.0,3.0,2.0,3.0,0.0,0.0,15.4,False
PN-101808,23,COMMUNICATIONS,BOEING,777-300ER,KRİTİK DEĞİL,VAR,Yurtiçi tamir,9.0,14,3.5,1.67,22.9,0.9,1.0,2.0,6.0,2.0,8.0,0.0,0.0,15.4,False
PN-100261,25,EQUIPMENT / FURNISHINGS,BOEING,777-300ER,KRİTİK DEĞİL,VAR,Yurtiçi tamir,12.0,9,2.25,1.67,14.5,0.9,1.0,2.0,5.0,2.0,6.0,0.111,1.6,15.4,False
PN-104968,21,AIR CONDITIONING,BOEING,737-900ER,KRİTİK DEĞİL,VAR,Yurtiçi tamir,8.0,74,18.5,1.0,73.2,0.9,2.0,4.0,23.0,4.0,23.0,0.122,8.9,15.2,False
PN-102707,28,FUEL,BOEING,777-300ER,KRİTİK DEĞİL,VAR,Yurtiçi tamir,8.0,13,3.25,1.67,21.6,0.9,1.0,2.0,6.0,2.0,8.0,0.077,1.7,15.1,False
PN-103173,29,HYDRAULIC POWER,AIRBUS,A330-300,KRİTİK DEĞİL,VAR,Yurtiçi tamir,6.0,63,15.75,1.11,68.1,0.9,2.0,4.0,20.0,4.0,22.0,0.111,7.6,15.0,False
PN-104785,30,ICE & RAIN PROTECTION,BOEING,777-300ER,KRİTİK DEĞİL,VAR,Yurtiçi tamir,7.0,14,3.5,1.67,22.7,0.9,1.0,2.0,6.0,2.0,8.0,0.0,0.0,14.9,False
PN-102688,52,DOORS,BOEING,777-300ER,KRİTİK DEĞİL,VAR,Yurtiçi tamir,10.0,9,2.25,1.67,14.4,0.9,1.0,2.0,5.0,2.0,6.0,0.0,0.0,14.9,False
PN-103528,25,EQUIPMENT / FURNISHINGS,BOEING,777-300ER,KRİTİK DEĞİL,VAR,Yurtiçi tamir,13.0,2,0.85,1.67,5.4,0.9,1.0,2.0,3.0,2.0,4.0,0.0,0.0,14.8,False
PN-103933,71,POWER PLANT,BOEING,777-300ER,KRİTİK DEĞİL,VAR,Yurtiçi tamir,7.0,13,3.25,1.67,21.4,0.9,1.0,2.0,6.0,2.0,8.0,0.231,4.9,14.8,False
PN-101906,28,FUEL,BOEING,777-300ER,KRİTİK DEĞİL,VAR,Yurtiçi tamir,4.0,18,4.5,1.67,29.9,0.9,1.0,2.0,7.0,2.0,10.0,0.0,0.0,14.8,False
PN-103167,27,FLIGHT CONTROLS,BOEING,777-300ER,KRİTİK DEĞİL,VAR,Yurtiçi tamir,8.0,11,2.75,1.67,18.1,0.9,1.0,2.0,5.0,2.0,7.0,0.091,1.6,14.7,False
PN-100123,34,NAVIGATION,BOEING,777-300ER,KRİTİK DEĞİL,VAR,Yurtiçi tamir,12.0,4,1.06,1.67,6.8,0.9,1.0,2.0,4.0,2.0,4.0,0.0,0.0,14.7,False
PN-104071,73,ENGINE FUEL AND CONTROL,AIRBUS,A330-200,KRİTİK DEĞİL,VAR,Yurtiçi tamir,4.0,41,10.25,1.33,53.5,0.9,1.0,2.0,13.0,2.0,16.0,0.244,13.0,14.7,False
PN-100563,25,EQUIPMENT / FURNISHINGS,BOEING,777-300ER,KRİTİK DEĞİL,VAR,Yurtiçi tamir,13.0,3,0.72,1.67,4.7,0.9,1.0,2.0,3.0,2.0,4.0,0.0,0.0,14.7,False
PN-100408,79,OIL,BOEING,777-300ER,KRİTİK DEĞİL,VAR,Yurtiçi tamir,13.0,2,0.53,1.67,3.4,0.9,1.0,2.0,3.0,2.0,3.0,0.0,0.0,14.6,False
PN-101768,22,AUTO FLIGHT,BOEING,737-900ER,KRİTİK DEĞİL,VAR,Yurtiçi tamir,9.0,65,16.25,1.0,63.9,0.9,2.0,4.0,21.0,4.0,20.0,0.046,2.9,14.6,False
PN-101786,26,FIRE PROTECTION,BOEING,777-300ER,KRİTİK DEĞİL,VAR,Yurtiçi tamir,10.0,7,1.75,1.67,11.2,0.9,1.0,2.0,4.0,2.0,5.0,0.571,6.4,14.6,False
PN-100977,36,PNEUMATIC,BOEING,777-300ER,KRİTİK DEĞİL,VAR,Yurtiçi tamir,13.0,2,0.35,1.67,2.3,0.9,1.0,2.0,3.0,2.0,3.0,0.0,0.0,14.5,False
PN-104262,28,FUEL,BOEING,777-300ER,KRİTİK DEĞİL,VAR,Yurtiçi tamir,7.0,11,2.75,1.67,17.7,0.9,1.0,2.0,5.0,2.0,7.0,0.0,0.0,14.4,False
PN-104750,22,AUTO FLIGHT,AIRBUS,A330-200,KRİTİK DEĞİL,VAR,Yurtiçi tamir,12.0,21,5.25,1.33,27.2,0.9,2.0,3.0,9.0,3.0,10.0,0.143,3.9,14.3,False
PN-103940,36,PNEUMATIC,AIRBUS,A330-200,KRİTİK DEĞİL,VAR,Yurtiçi tamir,7.0,31,7.75,1.33,41.1,0.9,2.0,2.0,10.0,3.0,14.0,0.097,4.0,14.3,False
PN-101628,31,INDICATING / RECORDING SYSTEMS,BOEING,737-900ER,KRİTİK DEĞİL,VAR,Yurtiçi tamir,12.0,53,13.25,1.0,52.5,0.9,2.0,4.0,18.0,4.0,18.0,0.038,2.0,14.3,False
PN-102642,26,FIRE PROTECTION,AIRBUS,A321-200,KRİTİK DEĞİL,VAR,Yurtiçi tamir,15.0,65,16.25,0.69,44.6,0.9,2.0,6.0,23.0,4.0,16.0,0.092,4.1,14.3,False
PN-100704,24,ELECTRICAL POWER,BOEING,777-300ER,KRİTİK DEĞİL,VAR,Yurtiçi tamir,10.0,5,1.25,1.67,8.2,0.9,1.0,2.0,4.0,2.0,5.0,0.2,1.6,14.3,False
PN-104831,23,COMMUNICATIONS,BOEING,777-300ER,KRİTİK DEĞİL,VAR,Yurtiçi tamir,11.0,4,0.74,1.67,4.8,0.9,1.0,2.0,3.0,2.0,4.0,0.0,0.0,14.2,False
PN-104397,27,FLIGHT CONTROLS,AIRBUS,A319-100,KRİTİK DEĞİL,VAR,Yurtiçi tamir,10.0,105,26.25,0.56,57.1,0.9,2.0,6.0,33.0,4.0,19.0,0.029,1.6,14.2,False
PN-104697,23,COMMUNICATIONS,BOEING,777-300ER,KRİTİK DEĞİL,VAR,Yurtiçi tamir,8.0,7,1.75,1.67,11.2,0.9,1.0,2.0,4.0,2.0,5.0,0.143,1.6,14.1,False
PN-104492,71,POWER PLANT,BOEING,777-300ER,KRİTİK DEĞİL,VAR,Yurtiçi tamir,10.0,3,0.85,1.67,5.6,0.9,1.0,2.0,3.0,2.0,4.0,0.667,3.7,14.1,False
PN-104548,35,OXYGEN,AIRBUS,A330-200,KRİTİK DEĞİL,VAR,Yurtiçi tamir,11.0,22,5.5,1.33,28.7,0.9,2.0,3.0,9.0,3.0,11.0,0.091,2.6,14.1,False
PN-100575,30,ICE & RAIN PROTECTION,BOEING,777-300ER,KRİTİK DEĞİL,VAR,Yurtiçi tamir,8.0,7,1.75,1.67,11.4,0.9,1.0,2.0,4.0,2.0,5.0,0.0,0.0,14.1,False
PN-103096,25,EQUIPMENT / FURNISHINGS,BOEING,777-300ER,KRİTİK DEĞİL,VAR,Yurtiçi tamir,4.0,11,3.22,1.67,21.0,0.9,1.0,2.0,6.0,2.0,8.0,0.364,7.6,14.0,False
PN-103304,24,ELECTRICAL POWER,AIRBUS,A330-200,KRİTİK DEĞİL,VAR,Yurtiçi tamir,10.0,23,5.75,1.33,30.1,0.9,2.0,3.0,9.0,3.0,11.0,0.043,1.3,14.0,False
PN-103841,34,NAVIGATION,BOEING,777-300ER,KRİTİK DEĞİL,VAR,Yurtiçi tamir,9.0,3,1.11,1.67,7.1,0.9,1.0,2.0,4.0,2.0,4.0,0.0,0.0,14.0,False
PN-102290,31,INDICATING / RECORDING SYSTEMS,AIRBUS,A330-200,KRİTİK DEĞİL,VAR,Yurtiçi tamir,11.0,21,5.25,1.33,27.0,0.9,2.0,3.0,9.0,3.0,10.0,0.19,5.1,14.0,False
PN-102418,28,FUEL,BOEING,777-300ER,KRİTİK DEĞİL,VAR,Yurtiçi tamir,6.0,11,2.38,1.67,15.3,0.9,1.0,2.0,5.0,2.0,6.0,0.273,4.2,14.0,False
PN-101943,21,AIR CONDITIONING,BOEING,777-300ER,KRİTİK DEĞİL,VAR,Yurtiçi tamir,10.0,2,0.53,1.67,3.5,0.9,1.0,2.0,3.0,2.0,3.0,0.5,1.8,13.9,False
PN-102613,49,AIRBORNE AUXILIARY POWER (APU),BOEING,777-300ER,KRİTİK DEĞİL,VAR,Yurtiçi tamir,5.0,11,2.75,1.67,17.7,0.9,1.0,2.0,5.0,2.0,7.0,0.091,1.6,13.9,False
PN-103102,21,AIR CONDITIONING,BOEING,777-300ER,KRİTİK DEĞİL,VAR,Yurtiçi tamir,8.0,6,1.5,1.67,9.7,0.9,1.0,2.0,4.0,2.0,5.0,0.0,0.0,13.9,False
PN-100155,56,WINDOWS,BOEING,777-300ER,KRİTİK DEĞİL,VAR,Yurtiçi tamir,7.0,6,1.87,1.67,12.0,0.9,1.0,2.0,4.0,2.0,5.0,0.0,0.0,13.9,False
PN-101716,52,DOORS,BOEING,737-800,KRİTİK DEĞİL,VAR,Yurtiçi tamir,10.0,97,24.25,0.56,53.4,0.9,2.0,6.0,31.0,4.0,18.0,0.093,5.0,13.8,False
PN-101530,23,COMMUNICATIONS,AIRBUS,A330-200,KRİTİK DEĞİL,VAR,Yurtiçi tamir,7.0,27,6.75,1.33,35.1,0.9,2.0,2.0,9.0,3.0,12.0,0.0,0.0,13.7,False
PN-103044,25,EQUIPMENT / FURNISHINGS,AIRBUS,A330-300,KRİTİK DEĞİL,VAR,Yurtiçi tamir,5.0,52,13.0,1.11,56.7,0.9,2.0,3.0,16.0,3.0,18.0,0.173,9.8,13.7,False
PN-101629,24,ELECTRICAL POWER,BOEING,777-300ER,KRİTİK DEĞİL,VAR,Yurtiçi tamir,9.0,4,0.74,1.67,4.9,0.9,1.0,2.0,3.0,2.0,4.0,0.25,1.2,13.7,False
PN-101931,34,NAVIGATION,BOEING,777-300ER,KRİTİK DEĞİL,VAR,Yurtiçi tamir,6.0,7,1.87,1.67,12.2,0.9,1.0,2.0,4.0,2.0,6.0,0.143,1.7,13.7,False
PN-100035,22,AUTO FLIGHT,AIRBUS,A330-300,KRİTİK DEĞİL,VAR,Yurtiçi tamir,6.0,48,12.0,1.11,52.8,0.9,2.0,3.0,15.0,3.0,17.0,0.042,2.2,13.6,False
PN-102161,27,FLIGHT CONTROLS,BOEING,777-300ER,KRİTİK DEĞİL,VAR,Yurtiçi tamir,9.0,3,0.6,1.67,3.9,0.9,1.0,2.0,3.0,2.0,3.0,0.0,0.0,13.6,False
PN-100079,56,WINDOWS,BOEING,777-300ER,KRİTİK DEĞİL,VAR,Yurtiçi tamir,6.0,5,1.77,1.67,11.3,0.9,1.0,2.0,4.0,2.0,5.0,0.0,0.0,13.6,False
PN-100164,31,INDICATING / RECORDING SYSTEMS,AIRBUS,A330-200,KRİTİK DEĞİL,VAR,Yurtiçi tamir,15.0,9,2.25,1.33,11.7,0.9,1.0,2.0,5.0,2.0,5.0,0.0,0.0,13.5,False
PN-101846,31,INDICATING / RECORDING SYSTEMS,BOEING,737-900ER,KRİTİK DEĞİL,VAR,Yurtiçi tamir,15.0,37,9.25,1.0,36.5,0.9,2.0,4.0,14.0,4.0,14.0,0.081,3.0,13.5,False
PN-102520,32,LANDING GEAR,BOEING,777-300ER,KRİTİK DEĞİL,VAR,Yurtiçi tamir,7.0,6,1.14,1.67,7.4,0.9,1.0,2.0,4.0,2.0,4.0,0.333,2.5,13.5,False
PN-103973,27,FLIGHT CONTROLS,AIRBUS,A330-300,KRİTİK DEĞİL,VAR,Yurtiçi tamir,6.0,47,11.75,1.11,51.1,0.9,2.0,3.0,15.0,3.0,16.0,0.149,7.6,13.4,False
PN-104207,79,OIL,AIRBUS,A330-200,KRİTİK DEĞİL,VAR,Yurtiçi tamir,5.0,28,7.0,1.33,36.8,0.9,1.0,2.0,9.0,2.0,12.0,0.036,1.3,13.4,False
PN-100589,74,IGNITION,BOEING,777-300ER,KRİTİK DEĞİL,VAR,Yurtiçi tamir,6.0,6,1.31,1.67,8.6,0.9,1.0,2.0,4.0,2.0,5.0,0.0,0.0,13.3,False
PN-100882,32,LANDING GEAR,BOEING,777-300ER,KRİTİK DEĞİL,VAR,Yurtiçi tamir,6.0,4,1.13,1.67,7.5,0.9,1.0,2.0,4.0,2.0,4.0,0.0,0.0,13.2,False
PN-103059,28,FUEL,AIRBUS,A320-200,KRİTİK DEĞİL,VAR,Yurtiçi tamir,14.0,58,14.5,0.64,35.8,0.9,2.0,5.0,20.0,4.0,13.0,0.19,6.8,13.2,False
PN-103481,27,FLIGHT CONTROLS,AIRBUS,A330-200,KRİTİK DEĞİL,VAR,Yurtiçi tamir,13.0,10,2.5,1.33,13.1,0.9,1.0,2.0,5.0,2.0,6.0,0.0,0.0,13.2,False
PN-100229,25,EQUIPMENT / FURNISHINGS,BOEING,777-300ER,KRİTİK DEĞİL,VAR,Yurtiçi tamir,6.0,4,1.1,1.67,7.3,0.9,1.0,2.0,4.0,2.0,4.0,0.25,1.8,13.2,False
PN-104459,52,DOORS,BOEING,777-300ER,KRİTİK DEĞİL,VAR,Yurtiçi tamir,6.0,4,1.1,1.67,7.1,0.9,1.0,2.0,4.0,2.0,4.0,0.25,1.8,13.2,False
PN-103419,28,FUEL,AIRBUS,A321-200,KRİTİK DEĞİL,VAR,Yurtiçi tamir,7.0,78,19.5,0.69,53.2,0.9,2.0,4.0,24.0,4.0,18.0,0.051,2.7,13.1,False
PN-102119,71,POWER PLANT,AIRBUS,A330-200,KRİTİK DEĞİL,VAR,Yurtiçi tamir,6.0,24,6.0,1.33,31.3,0.9,1.0,2.0,8.0,2.0,10.0,0.208,6.5,13.1,False
PN-104132,71,POWER PLANT,BOEING,777-300ER,KRİTİK DEĞİL,VAR,Yurtiçi tamir,5.0,6,1.37,1.67,8.7,0.9,1.0,2.0,4.0,2.0,5.0,0.0,0.0,13.1,False
PN-101535,21,AIR CONDITIONING,AIRBUS,A321-200,KRİTİK DEĞİL,VAR,Yurtiçi tamir,13.0,53,13.25,0.69,36.4,0.9,2.0,4.0,18.0,4.0,14.0,0.17,6.2,13.0,False
PN-100378,30,ICE & RAIN PROTECTION,AIRBUS,A330-200,KRİTİK DEĞİL,VAR,Yurtiçi tamir,10.0,15,3.75,1.33,19.6,0.9,1.0,2.0,6.0,2.0,7.0,0.2,3.9,13.0,False
PN-104733,27,FLIGHT CONTROLS,AIRBUS,A321-200,KRİTİK DEĞİL,VAR,Yurtiçi tamir,18.0,34,8.5,0.69,23.0,0.9,2.0,4.0,13.0,4.0,10.0,0.088,2.0,13.0,False
PN-103716,30,ICE & RAIN PROTECTION,AIRBUS,A330-200,KRİTİK DEĞİL,VAR,Yurtiçi tamir,10.0,14,3.5,1.33,18.3,0.9,1.0,2.0,6.0,2.0,7.0,0.143,2.6,12.9,False
PN-102680,24,ELECTRICAL POWER,BOEING,737-800,KRİTİK DEĞİL,VAR,Yurtiçi tamir,13.0,65,16.25,0.56,35.8,0.9,2.0,5.0,22.0,4.0,13.0,0.046,1.7,12.9,False
PN-104895,31,INDICATING / RECORDING SYSTEMS,BOEING,777-300ER,KRİTİK DEĞİL,VAR,Yurtiçi tamir,6.0,2,0.42,1.67,2.7,0.9,1.0,2.0,3.0,2.0,3.0,0.0,0.0,12.8,False
PN-102855,23,COMMUNICATIONS,BOEING,777-300ER,KRİTİK DEĞİL,VAR,Yurtiçi tamir,5.0,5,0.98,1.67,6.3,0.9,1.0,2.0,3.0,2.0,4.0,0.2,1.3,12.8,False
PN-102608,35,OXYGEN,AIRBUS,A330-200,KRİTİK DEĞİL,VAR,Yurtiçi tamir,12.0,12,2.35,1.33,12.2,0.9,1.0,2.0,5.0,2.0,6.0,0.083,1.0,12.8,False
PN-102687,36,PNEUMATIC,AIRBUS,A330-200,KRİTİK DEĞİL,VAR,Yurtiçi tamir,15.0,2,0.53,1.33,2.8,0.9,1.0,2.0,3.0,2.0,3.0,0.0,0.0,12.7,False
PN-102137,21,AIR CONDITIONING,BOEING,737-800,KRİTİK DEĞİL,VAR,Yurtiçi tamir,5.0,100,25.0,0.56,54.5,0.9,2.0,4.0,29.0,3.0,17.0,0.15,8.2,12.7,False
PN-101020,22,AUTO FLIGHT,AIRBUS,A330-200,KRİTİK DEĞİL,VAR,Yurtiçi tamir,12.0,8,2.0,1.33,10.6,0.9,1.0,2.0,4.0,2.0,5.0,0.0,0.0,12.7,False
PN-103001,56,WINDOWS,AIRBUS,A330-200,KRİTİK DEĞİL,VAR,Yurtiçi tamir,8.0,17,4.25,1.33,21.8,0.9,1.0,2.0,7.0,2.0,8.0,0.059,1.3,12.7,False
PN-102674,79,OIL,AIRBUS,A320-200,KRİTİK DEĞİL,VAR,Yurtiçi tamir,13.0,50,12.5,0.64,32.0,0.9,2.0,4.0,17.0,4.0,13.0,0.06,1.9,12.6,False
PN-103502,29,HYDRAULIC POWER,AIRBUS,A330-300,KRİTİK DEĞİL,VAR,Yurtiçi tamir,17.0,12,3.0,1.11,13.0,0.9,1.0,2.0,5.0,2.0,6.0,0.25,3.2,12.6,False
PN-102619,79,OIL,AIRBUS,A330-200,KRİTİK DEĞİL,VAR,Yurtiçi tamir,9.0,14,3.5,1.33,18.3,0.9,1.0,2.0,6.0,2.0,7.0,0.0,0.0,12.6,False
PN-101322,36,PNEUMATIC,AIRBUS,A330-200,KRİTİK DEĞİL,VAR,Yurtiçi tamir,7.0,18,4.5,1.33,23.3,0.9,1.0,2.0,7.0,2.0,8.0,0.111,2.6,12.6,False
PN-104887,36,PNEUMATIC,AIRBUS,A320-200,KRİTİK DEĞİL,VAR,Yurtiçi tamir,10.0,61,15.25,0.64,38.2,0.9,2.0,4.0,20.0,4.0,14.0,0.016,0.6,12.4,False
PN-103544,21,AIR CONDITIONING,AIRBUS,A330-200,KRİTİK DEĞİL,VAR,Yurtiçi tamir,9.0,15,3.11,1.33,16.2,0.9,1.0,2.0,6.0,2.0,7.0,0.133,2.2,12.4,False
PN-103700,24,ELECTRICAL POWER,AIRBUS,A330-200,KRİTİK DEĞİL,VAR,Yurtiçi tamir,6.0,18,4.5,1.33,23.5,0.9,1.0,2.0,7.0,2.0,8.0,0.222,5.2,12.4,False
PN-103270,25,EQUIPMENT / FURNISHINGS,BOEING,737-900ER,KRİTİK DEĞİL,VAR,Yurtiçi tamir,14.0,28,7.0,1.0,27.5,0.9,2.0,4.0,11.0,4.0,11.0,0.143,3.9,12.4,False
PN-103871,23,COMMUNICATIONS,AIRBUS,A319-100,KRİTİK DEĞİL,VAR,Yurtiçi tamir,21.0,13,3.25,0.56,7.1,0.9,1.0,3.0,7.0,2.0,4.0,0.154,1.1,12.3,False
PN-104961,35,OXYGEN,AIRBUS,A330-300,KRİTİK DEĞİL,VAR,Yurtiçi tamir,19.0,4,0.79,1.11,3.4,0.9,1.0,2.0,3.0,2.0,3.0,0.0,0.0,12.2,False
PN-103192,56,WINDOWS,AIRBUS,A330-200,KRİTİK DEĞİL,VAR,Yurtiçi tamir,9.0,10,2.5,1.33,13.1,0.9,1.0,2.0,5.0,2.0,6.0,0.1,1.3,12.1,False
PN-101090,35,OXYGEN,BOEING,737-900ER,KRİTİK DEĞİL,VAR,Yurtiçi tamir,16.0,19,4.75,1.0,18.7,0.9,2.0,3.0,8.0,3.0,8.0,0.0,0.0,12.1,False
PN-101291,76,ENGINE CONTROLS,AIRBUS,A321-200,KRİTİK DEĞİL,VAR,Yurtiçi tamir,6.0,67,16.75,0.69,45.4,0.9,2.0,4.0,21.0,3.0,15.0,0.179,8.1,12.1,False
PN-103527,23,COMMUNICATIONS,AIRBUS,A320-200,KRİTİK DEĞİL,VAR,Yurtiçi tamir,9.0,57,14.25,0.64,36.1,0.9,2.0,4.0,19.0,3.0,13.0,0.158,5.7,12.0,False
PN-104366,25,EQUIPMENT / FURNISHINGS,AIRBUS,A330-200,KRİTİK DEĞİL,VAR,Yurtiçi tamir,7.0,13,3.25,1.33,16.7,0.9,1.0,2.0,6.0,2.0,7.0,0.0,0.0,12.0,False
PN-102080,74,IGNITION,BOEING,737-800,KRİTİK DEĞİL,VAR,Yurtiçi tamir,20.0,6,3.23,0.56,7.0,0.9,1.0,3.0,7.0,2.0,4.0,0.167,1.2,12.0,False
PN-100465,80,STARTING,AIRBUS,A330-300,KRİTİK DEĞİL,VAR,Yurtiçi tamir,13.0,16,4.0,1.11,17.9,0.9,2.0,2.0,6.0,3.0,8.0,0.125,2.2,12.0,False
PN-103892,32,LANDING GEAR,AIRBUS,A321-200,KRİTİK DEĞİL,VAR,Yurtiçi tamir,11.0,46,11.5,0.69,31.5,0.9,2.0,4.0,16.0,3.0,11.0,0.152,4.8,12.0,False
PN-104547,74,IGNITION,AIRBUS,A321-200,KRİTİK DEĞİL,VAR,Yurtiçi tamir,21.0,6,1.27,0.69,3.4,0.9,1.0,2.0,4.0,2.0,3.0,0.0,0.0,11.9,False
PN-101088,52,DOORS,BOEING,737-900ER,KRİTİK DEĞİL,VAR,Yurtiçi tamir,17.0,14,3.5,1.0,13.6,0.9,2.0,3.0,7.0,3.0,7.0,0.0,0.0,11.9,False
PN-104923,56,WINDOWS,AIRBUS,A330-200,KRİTİK DEĞİL,VAR,Yurtiçi tamir,8.0,10,2.5,1.33,13.0,0.9,1.0,2.0,5.0,2.0,6.0,0.3,3.9,11.9,False
PN-100271,21,AIR CONDITIONING,BOEING,737-900ER,KRİTİK DEĞİL,VAR,Yurtiçi tamir,12.0,28,7.0,1.0,27.2,0.9,2.0,3.0,10.0,3.0,10.0,0.107,2.9,11.9,False
PN-104956,25,EQUIPMENT / FURNISHINGS,BOEING,737-800,KRİTİK DEĞİL,VAR,Yurtiçi tamir,14.0,38,9.5,0.56,20.8,0.9,2.0,4.0,14.0,3.0,9.0,0.079,1.6,11.8,False
PN-103661,34,NAVIGATION,AIRBUS,A330-300,KRİTİK DEĞİL,VAR,Yurtiçi tamir,5.0,34,8.5,1.11,36.8,0.9,1.0,2.0,11.0,2.0,12.0,0.088,3.2,11.8,False
PN-100659,28,FUEL,AIRBUS,A321-200,KRİTİK DEĞİL,VAR,Yurtiçi tamir,6.0,62,15.5,0.69,42.5,0.9,2.0,4.0,20.0,3.0,14.0,0.048,2.1,11.8,False
PN-104225,25,EQUIPMENT / FURNISHINGS,AIRBUS,A321-200,KRİTİK DEĞİL,VAR,Yurtiçi tamir,10.0,47,11.75,0.69,31.9,0.9,2.0,4.0,16.0,3.0,11.0,0.191,6.1,11.8,False
PN-101266,22,AUTO FLIGHT,AIRBUS,A330-200,KRİTİK DEĞİL,VAR,Yurtiçi tamir,7.0,11,2.75,1.33,14.4,0.9,1.0,2.0,5.0,2.0,6.0,0.182,2.6,11.8,False
PN-104570,56,WINDOWS,BOEING,737-800,KRİTİK DEĞİL,VAR,Yurtiçi tamir,18.0,18,4.5,0.56,9.8,0.9,1.0,3.0,8.0,2.0,5.0,0.278,2.7,11.8,False
PN-100809,80,STARTING,AIRBUS,A320-200,KRİTİK DEĞİL,VAR,Yurtiçi tamir,11.0,46,11.5,0.64,29.1,0.9,2.0,4.0,16.0,3.0,11.0,0.0,0.0,11.8,False
PN-101431,25,EQUIPMENT / FURNISHINGS,AIRBUS,A330-300,KRİTİK DEĞİL,VAR,Yurtiçi tamir,9.0,24,6.0,1.11,25.8,0.9,2.0,2.0,8.0,3.0,10.0,0.083,2.2,11.8,False
PN-103296,26,FIRE PROTECTION,AIRBUS,A330-200,KRİTİK DEĞİL,VAR,Yurtiçi tamir,11.0,2,0.85,1.33,4.5,0.9,1.0,2.0,3.0,2.0,4.0,0.0,0.0,11.8,False
PN-104943,76,ENGINE CONTROLS,AIRBUS,A320-200,KRİTİK DEĞİL,VAR,Yurtiçi tamir,12.0,43,10.75,0.64,26.9,0.9,2.0,4.0,15.0,3.0,10.0,0.0,0.0,11.8,False
PN-104563,25,EQUIPMENT / FURNISHINGS,AIRBUS,A320-200,KRİTİK DEĞİL,VAR,Yurtiçi tamir,20.0,7,2.12,0.64,5.3,0.9,1.0,2.0,5.0,2.0,4.0,0.143,0.8,11.8,False
PN-100474,52,DOORS,AIRBUS,A330-200,KRİTİK DEĞİL,VAR,Yurtiçi tamir,8.0,9,2.25,1.33,11.5,0.9,1.0,2.0,5.0,2.0,5.0,0.111,1.3,11.7,False
PN-102218,28,FUEL,AIRBUS,A330-200,KRİTİK DEĞİL,VAR,Yurtiçi tamir,11.0,3,0.65,1.33,3.4,0.9,1.0,2.0,3.0,2.0,3.0,0.0,0.0,11.7,False
PN-100553,29,HYDRAULIC POWER,BOEING,737-900ER,KRİTİK DEĞİL,VAR,Yurtiçi tamir,5.0,45,11.25,1.0,44.6,0.9,2.0,3.0,15.0,3.0,15.0,0.089,4.0,11.7,False
PN-102870,28,FUEL,AIRBUS,A320-200,KRİTİK DEĞİL,VAR,Yurtiçi tamir,19.0,10,2.5,0.64,6.3,0.9,1.0,2.0,5.0,2.0,4.0,0.1,0.6,11.7,False
PN-101954,80,STARTING,AIRBUS,A330-200,KRİTİK DEĞİL,VAR,Yurtiçi tamir,4.0,17,4.25,1.33,22.0,0.9,1.0,2.0,7.0,2.0,8.0,0.235,5.2,11.7,False
PN-100202,34,NAVIGATION,AIRBUS,A321-200,KRİTİK DEĞİL,VAR,Yurtiçi tamir,18.0,13,3.08,0.69,8.3,0.9,1.0,2.0,6.0,2.0,5.0,0.385,3.2,11.6,False
PN-102332,27,FLIGHT CONTROLS,BOEING,737-800,KRİTİK DEĞİL,VAR,Yurtiçi tamir,15.0,30,7.5,0.56,16.5,0.9,2.0,4.0,12.0,3.0,8.0,0.0,0.0,11.6,False
PN-101935,25,EQUIPMENT / FURNISHINGS,AIRBUS,A330-300,KRİTİK DEĞİL,VAR,Yurtiçi tamir,5.0,32,8.0,1.11,34.9,0.9,1.0,2.0,10.0,2.0,11.0,0.031,1.1,11.6,False
PN-100792,71,POWER PLANT,AIRBUS,A330-300,KRİTİK DEĞİL,VAR,Yurtiçi tamir,6.0,29,7.25,1.11,31.8,0.9,1.0,2.0,10.0,2.0,10.0,0.138,4.4,11.6,False
PN-101593,21,AIR CONDITIONING,AIRBUS,A320-200,KRİTİK DEĞİL,VAR,Yurtiçi tamir,19.0,9,2.25,0.64,5.7,0.9,1.0,2.0,5.0,2.0,4.0,0.0,0.0,11.6,False
PN-100846,25,EQUIPMENT / FURNISHINGS,BOEING,737-900ER,KRİTİK DEĞİL,VAR,Yurtiçi tamir,11.0,28,7.0,1.0,27.4,0.9,2.0,3.0,10.0,3.0,10.0,0.0,0.0,11.6,False
PN-103190,21,AIR CONDITIONING,AIRBUS,A330-300,KRİTİK DEĞİL,VAR,Yurtiçi tamir,6.0,28,7.0,1.11,30.6,0.9,1.0,2.0,9.0,2.0,10.0,0.107,3.3,11.5,False
PN-100515,23,COMMUNICATIONS,BOEING,737-800,KRİTİK DEĞİL,VAR,Yurtiçi tamir,8.0,63,15.75,0.56,34.4,0.9,2.0,4.0,20.0,3.0,12.0,0.095,3.3,11.5,False
PN-100850,80,STARTING,AIRBUS,A319-100,KRİTİK DEĞİL,VAR,Yurtiçi tamir,13.0,37,9.25,0.56,20.4,0.9,2.0,4.0,14.0,3.0,9.0,0.108,2.2,11.5,False
PN-101722,52,DOORS,AIRBUS,A321-200,KRİTİK DEĞİL,VAR,Yurtiçi tamir,11.0,38,9.5,0.69,25.9,0.9,2.0,4.0,14.0,3.0,10.0,0.211,5.5,11.5,False
PN-100259,49,AIRBORNE AUXILIARY POWER (APU),AIRBUS,A330-200,KRİTİK DEĞİL,VAR,Yurtiçi tamir,8.0,10,1.62,1.33,8.4,0.9,1.0,2.0,4.0,2.0,5.0,0.0,0.0,11.4,False
PN-103919,49,AIRBORNE AUXILIARY POWER (APU),BOEING,737-800,KRİTİK DEĞİL,VAR,Yurtiçi tamir,19.0,7,1.75,0.56,3.8,0.9,1.0,2.0,4.0,2.0,3.0,0.143,0.5,11.4,False
PN-103958,23,COMMUNICATIONS,AIRBUS,A330-200,KRİTİK DEĞİL,VAR,Yurtiçi tamir,11.0,0,0.0,1.33,0.0,0.9,0.0,0.0,0.0,0.0,0.0,0.0,0.0,11.4,False
PN-101580,28,FUEL,AIRBUS,A321-200,KRİTİK DEĞİL,VAR,Yurtiçi tamir,6.0,56,14.0,0.69,38.1,0.9,2.0,3.0,17.0,3.0,13.0,0.071,2.7,11.4,False
PN-101518,34,NAVIGATION,AIRBUS,A320-200,KRİTİK DEĞİL,VAR,Yurtiçi tamir,10.0,45,11.25,0.64,28.1,0.9,2.0,4.0,16.0,3.0,11.0,0.044,1.2,11.4,False
PN-103823,25,EQUIPMENT / FURNISHINGS,AIRBUS,A320-200,KRİTİK DEĞİL,VAR,Yurtiçi tamir,6.0,62,15.5,0.64,38.9,0.9,2.0,4.0,20.0,3.0,13.0,0.129,5.0,11.4,False
PN-101275,71,POWER PLANT,AIRBUS,A330-200,KRİTİK DEĞİL,VAR,Yurtiçi tamir,9.0,4,1.05,1.33,5.6,0.9,1.0,2.0,4.0,2.0,4.0,0.0,0.0,11.4,False
PN-100384,21,AIR CONDITIONING,AIRBUS,A330-300,KRİTİK DEĞİL,VAR,Yurtiçi tamir,6.0,27,6.75,1.11,29.3,0.9,1.0,2.0,9.0,2.0,10.0,0.037,1.1,11.3,False
PN-104696,22,AUTO FLIGHT,AIRBUS,A320-200,KRİTİK DEĞİL,VAR,Yurtiçi tamir,15.0,21,5.25,0.64,13.3,0.9,1.0,3.0,9.0,2.0,6.0,0.143,1.9,11.3,False
PN-104247,26,FIRE PROTECTION,AIRBUS,A330-200,KRİTİK DEĞİL,VAR,Yurtiçi tamir,7.0,7,1.79,1.33,9.7,0.9,1.0,2.0,4.0,2.0,5.0,0.143,1.4,11.3,False
PN-103599,52,DOORS,AIRBUS,A320-200,KRİTİK DEĞİL,VAR,Yurtiçi tamir,12.0,33,8.25,0.64,20.8,0.9,2.0,4.0,13.0,3.0,9.0,0.121,2.5,11.3,False
PN-104613,35,OXYGEN,AIRBUS,A330-200,KRİTİK DEĞİL,VAR,Yurtiçi tamir,8.0,5,1.25,1.33,6.4,0.9,1.0,2.0,4.0,2.0,4.0,0.2,1.3,11.3,False
PN-101797,25,EQUIPMENT / FURNISHINGS,AIRBUS,A330-300,KRİTİK DEĞİL,VAR,Yurtiçi tamir,10.0,16,4.0,1.11,17.1,0.9,1.0,2.0,6.0,2.0,7.0,0.125,2.1,11.2,False
PN-104231,79,OIL,AIRBUS,A330-300,KRİTİK DEĞİL,VAR,Yurtiçi tamir,6.0,26,6.5,1.11,28.3,0.9,1.0,2.0,9.0,2.0,10.0,0.0,0.0,11.2,False
PN-100652,26,FIRE PROTECTION,AIRBUS,A321-200,KRİTİK DEĞİL,VAR,Yurtiçi tamir,18.0,6,1.5,0.69,4.1,0.9,1.0,2.0,4.0,2.0,4.0,0.0,0.0,11.2,False
PN-104676,36,PNEUMATIC,AIRBUS,A320-200,KRİTİK DEĞİL,VAR,Yurtiçi tamir,18.0,3,1.44,0.64,3.6,0.9,1.0,2.0,4.0,2.0,3.0,0.0,0.0,11.2,False
PN-100040,25,EQUIPMENT / FURNISHINGS,AIRBUS,A330-200,KRİTİK DEĞİL,VAR,Yurtiçi tamir,10.0,0,0.0,1.33,0.0,0.9,0.0,0.0,0.0,0.0,0.0,0.0,0.0,11.2,False
PN-101493,29,HYDRAULIC POWER,AIRBUS,A321-200,KRİTİK DEĞİL,VAR,Yurtiçi tamir,13.0,26,6.5,0.69,17.9,0.9,2.0,3.0,10.0,3.0,8.0,0.115,2.1,11.2,False
PN-102955,80,STARTING,AIRBUS,A330-200,KRİTİK DEĞİL,VAR,Yurtiçi tamir,6.0,8,2.0,1.33,10.4,0.9,1.0,2.0,4.0,2.0,5.0,0.0,0.0,11.1,False
PN-103087,25,EQUIPMENT / FURNISHINGS,AIRBUS,A321-200,KRİTİK DEĞİL,VAR,Yurtiçi tamir,16.0,12,3.0,0.69,8.2,0.9,1.0,2.0,5.0,2.0,5.0,0.25,2.0,11.1,False
PN-104634,23,COMMUNICATIONS,AIRBUS,A321-200,KRİTİK DEĞİL,VAR,Yurtiçi tamir,14.0,20,5.0,0.69,13.7,0.9,1.0,3.0,8.0,2.0,6.0,0.1,1.4,11.1,False
PN-100951,28,FUEL,AIRBUS,A330-300,KRİTİK DEĞİL,VAR,Yurtiçi tamir,5.0,28,7.0,1.11,30.0,0.9,1.0,2.0,9.0,2.0,10.0,0.071,2.1,11.1,False
PN-100504,28,FUEL,AIRBUS,A320-200,KRİTİK DEĞİL,VAR,Yurtiçi tamir,11.0,35,8.75,0.64,22.0,0.9,2.0,4.0,13.0,3.0,9.0,0.143,3.1,11.1,False
PN-102436,52,DOORS,AIRBUS,A321-200,KRİTİK DEĞİL,VAR,Yurtiçi tamir,10.0,36,9.0,0.69,24.3,0.9,2.0,3.0,12.0,3.0,10.0,0.167,4.0,11.1,False
PN-104293,23,COMMUNICATIONS,AIRBUS,A330-300,KRİTİK DEĞİL,VAR,Yurtiçi tamir,9.0,17,4.25,1.11,18.5,0.9,1.0,2.0,7.0,2.0,7.0,0.059,1.1,11.1,False
PN-101284,30,ICE & RAIN PROTECTION,AIRBUS,A330-200,KRİTİK DEĞİL,VAR,Yurtiçi tamir,7.0,6,1.34,1.33,7.0,0.9,1.0,2.0,4.0,2.0,4.0,0.0,0.0,11.1,False
PN-104662,25,EQUIPMENT / FURNISHINGS,AIRBUS,A330-300,KRİTİK DEĞİL,VAR,Yurtiçi tamir,9.0,16,4.0,1.11,17.7,0.9,1.0,2.0,6.0,2.0,7.0,0.062,1.1,11.0,False
PN-100379,27,FLIGHT CONTROLS,AIRBUS,A319-100,KRİTİK DEĞİL,VAR,Yurtiçi tamir,12.0,33,8.25,0.56,18.1,0.9,1.0,4.0,13.0,2.0,7.0,0.03,0.5,11.0,False
PN-100407,24,ELECTRICAL POWER,AIRBUS,A319-100,KRİTİK DEĞİL,VAR,Yurtiçi tamir,15.0,18,4.5,0.56,9.8,0.9,1.0,3.0,8.0,2.0,5.0,0.056,0.5,11.0,False
PN-104893,22,AUTO FLIGHT,BOEING,737-800,KRİTİK DEĞİL,VAR,Yurtiçi tamir,18.0,4,0.85,0.56,1.9,0.9,1.0,2.0,3.0,2.0,3.0,0.0,0.0,11.0,False
PN-101717,30,ICE & RAIN PROTECTION,AIRBUS,A320-200,KRİTİK DEĞİL,VAR,Yurtiçi tamir,9.0,42,10.5,0.64,26.4,0.9,2.0,4.0,15.0,3.0,10.0,0.071,1.9,11.0,False
PN-101170,52,DOORS,AIRBUS,A321-200,KRİTİK DEĞİL,VAR,Yurtiçi tamir,12.0,26,6.5,0.69,17.7,0.9,1.0,3.0,10.0,2.0,7.0,0.115,2.0,11.0,False
PN-101168,80,STARTING,AIRBUS,A321-200,KRİTİK DEĞİL,VAR,Yurtiçi tamir,7.0,46,11.5,0.69,31.3,0.9,1.0,3.0,15.0,2.0,10.0,0.109,3.4,11.0,False
PN-103979,24,ELECTRICAL POWER,AIRBUS,A321-200,KRİTİK DEĞİL,VAR,Yurtiçi tamir,6.0,51,12.75,0.69,34.6,0.9,1.0,3.0,16.0,2.0,11.0,0.118,4.1,11.0,False
PN-100307,36,PNEUMATIC,BOEING,737-800,KRİTİK DEĞİL,VAR,Yurtiçi tamir,18.0,4,1.05,0.56,2.3,0.9,1.0,2.0,4.0,2.0,3.0,0.0,0.0,11.0,False
PN-101476,34,NAVIGATION,AIRBUS,A319-100,KRİTİK DEĞİL,VAR,Yurtiçi tamir,5.0,65,16.25,0.56,35.5,0.9,1.0,3.0,20.0,2.0,11.0,0.046,1.6,10.9,False
PN-101432,25,EQUIPMENT / FURNISHINGS,AIRBUS,A330-200,KRİTİK DEĞİL,VAR,Yurtiçi tamir,5.0,8,2.0,1.33,10.2,0.9,1.0,2.0,4.0,2.0,5.0,0.0,0.0,10.9,False
PN-102897,52,DOORS,AIRBUS,A321-200,KRİTİK DEĞİL,VAR,Yurtiçi tamir,17.0,5,1.44,0.69,3.9,0.9,1.0,2.0,4.0,2.0,3.0,1.0,3.9,10.9,False
PN-101221,36,PNEUMATIC,AIRBUS,A330-200,KRİTİK DEĞİL,VAR,Yurtiçi tamir,7.0,5,1.12,1.33,5.8,0.9,1.0,2.0,4.0,2.0,4.0,0.2,1.2,10.9,False
PN-102069,31,INDICATING / RECORDING SYSTEMS,AIRBUS,A330-300,KRİTİK DEĞİL,VAR,Yurtiçi tamir,6.0,23,5.75,1.11,25.1,0.9,1.0,2.0,8.0,2.0,9.0,0.0,0.0,10.9,False
PN-103761,35,OXYGEN,AIRBUS,A320-200,KRİTİK DEĞİL,VAR,Yurtiçi tamir,7.0,48,12.0,0.64,29.9,0.9,1.0,3.0,15.0,2.0,10.0,0.021,0.6,10.9,False
PN-102328,21,AIR CONDITIONING,BOEING,737-900ER,KRİTİK DEĞİL,VAR,Yurtiçi tamir,11.0,20,5.0,1.0,19.5,0.9,1.0,2.0,7.0,2.0,7.0,0.3,5.9,10.9,False
PN-104170,30,ICE & RAIN PROTECTION,AIRBUS,A321-200,KRİTİK DEĞİL,VAR,Yurtiçi tamir,18.0,2,0.42,0.69,1.1,0.9,1.0,2.0,3.0,2.0,3.0,0.0,0.0,10.9,False
PN-104212,31,INDICATING / RECORDING SYSTEMS,AIRBUS,A321-200,KRİTİK DEĞİL,VAR,Yurtiçi tamir,12.0,24,6.0,0.69,16.6,0.9,1.0,3.0,9.0,2.0,7.0,0.083,1.4,10.9,False
PN-100758,24,ELECTRICAL POWER,AIRBUS,A330-300,KRİTİK DEĞİL,VAR,Yurtiçi tamir,9.0,16,4.0,1.11,17.1,0.9,1.0,2.0,6.0,2.0,7.0,0.062,1.1,10.9,False
PN-100634,25,EQUIPMENT / FURNISHINGS,BOEING,737-800,KRİTİK DEĞİL,VAR,Yurtiçi tamir,13.0,24,6.0,0.56,13.0,0.9,1.0,3.0,9.0,2.0,6.0,0.167,2.2,10.8,False
PN-102360,52,DOORS,AIRBUS,A330-200,KRİTİK DEĞİL,VAR,Yurtiçi tamir,7.0,3,0.85,1.33,4.4,0.9,1.0,2.0,3.0,2.0,4.0,0.0,0.0,10.8,False
PN-101861,28,FUEL,AIRBUS,A330-300,KRİTİK DEĞİL,VAR,Yurtiçi tamir,10.0,12,3.0,1.11,13.0,0.9,1.0,2.0,5.0,2.0,6.0,0.167,2.2,10.8,False
PN-101868,21,AIR CONDITIONING,AIRBUS,A320-200,KRİTİK DEĞİL,VAR,Yurtiçi tamir,8.0,42,10.5,0.64,26.6,0.9,1.0,3.0,14.0,2.0,9.0,0.024,0.6,10.8,False
PN-100834,76,ENGINE CONTROLS,AIRBUS,A321-200,KRİTİK DEĞİL,VAR,Yurtiçi tamir,13.0,19,4.75,0.69,12.9,0.9,1.0,3.0,8.0,2.0,6.0,0.158,2.0,10.8,False
PN-100147,27,FLIGHT CONTROLS,BOEING,737-900ER,KRİTİK DEĞİL,VAR,Yurtiçi tamir,7.0,30,7.5,1.0,29.3,0.9,1.0,2.0,10.0,2.0,10.0,0.267,7.8,10.8,False
PN-102183,52,DOORS,BOEING,737-800,KRİTİK DEĞİL,VAR,Yurtiçi tamir,16.0,10,2.5,0.56,5.4,0.9,1.0,2.0,5.0,2.0,4.0,0.0,0.0,10.8,False
PN-101522,25,EQUIPMENT / FURNISHINGS,AIRBUS,A321-200,KRİTİK DEĞİL,VAR,Yurtiçi tamir,15.0,11,2.75,0.69,7.5,0.9,1.0,2.0,5.0,2.0,4.0,0.0,0.0,10.8,False
PN-101234,52,DOORS,AIRBUS,A320-200,KRİTİK DEĞİL,VAR,Yurtiçi tamir,6.0,50,12.5,0.64,31.7,0.9,1.0,3.0,16.0,2.0,10.0,0.22,7.0,10.8,False
PN-102533,25,EQUIPMENT / FURNISHINGS,AIRBUS,A330-200,KRİTİK DEĞİL,VAR,Yurtiçi tamir,7.0,3,0.69,1.33,3.6,0.9,1.0,2.0,3.0,2.0,3.0,0.0,0.0,10.7,False
PN-102255,56,WINDOWS,AIRBUS,A330-300,KRİTİK DEĞİL,VAR,Yurtiçi tamir,10.0,11,2.75,1.11,11.7,0.9,1.0,2.0,5.0,2.0,5.0,0.364,4.3,10.7,False
PN-104245,28,FUEL,AIRBUS,A320-200,KRİTİK DEĞİL,VAR,Yurtiçi tamir,6.0,49,12.25,0.64,30.9,0.9,1.0,3.0,16.0,2.0,10.0,0.224,6.9,10.7,False
PN-101654,25,EQUIPMENT / FURNISHINGS,AIRBUS,A330-300,KRİTİK DEĞİL,VAR,Yurtiçi tamir,13.0,3,0.85,1.11,3.6,0.9,1.0,2.0,3.0,2.0,3.0,0.0,0.0,10.7,False
PN-102669,80,STARTING,AIRBUS,A321-200,KRİTİK DEĞİL,VAR,Yurtiçi tamir,11.0,26,6.5,0.69,17.4,0.9,1.0,3.0,10.0,2.0,7.0,0.077,1.3,10.7,False
PN-104120,71,POWER PLANT,BOEING,737-900ER,KRİTİK DEĞİL,VAR,Yurtiçi tamir,7.0,29,7.25,1.0,28.0,0.9,1.0,2.0,10.0,2.0,10.0,0.172,4.8,10.7,False
PN-100306,28,FUEL,AIRBUS,A321-200,KRİTİK DEĞİL,VAR,Yurtiçi tamir,14.0,14,3.5,0.69,9.7,0.9,1.0,2.0,6.0,2.0,5.0,0.071,0.7,10.7,False
PN-104126,22,AUTO FLIGHT,BOEING,737-800,KRİTİK DEĞİL,VAR,Yurtiçi tamir,17.0,0,0.0,0.56,0.0,0.9,0.0,0.0,0.0,0.0,0.0,0.0,0.0,10.6,False
PN-101630,36,PNEUMATIC,BOEING,737-800,KRİTİK DEĞİL,VAR,Yurtiçi tamir,8.0,45,11.25,0.56,24.5,0.9,1.0,3.0,15.0,2.0,9.0,0.022,0.5,10.6,False
PN-101128,36,PNEUMATIC,BOEING,737-800,KRİTİK DEĞİL,VAR,Yurtiçi tamir,15.0,11,2.66,0.56,5.7,0.9,1.0,2.0,5.0,2.0,4.0,0.0,0.0,10.6,False
PN-100812,56,WINDOWS,AIRBUS,A330-300,KRİTİK DEĞİL,VAR,Yurtiçi tamir,5.0,23,5.75,1.11,24.8,0.9,1.0,2.0,8.0,2.0,9.0,0.13,3.2,10.6,False
PN-102625,49,AIRBORNE AUXILIARY POWER (APU),AIRBUS,A319-100,KRİTİK DEĞİL,VAR,Yurtiçi tamir,13.0,20,5.0,0.56,10.8,0.9,1.0,3.0,8.0,2.0,5.0,0.15,1.6,10.6,False
PN-100979,36,PNEUMATIC,AIRBUS,A330-300,KRİTİK DEĞİL,VAR,Yurtiçi tamir,4.0,25,6.25,1.11,27.4,0.9,1.0,2.0,9.0,2.0,9.0,0.12,3.3,10.6,False
PN-100141,26,FIRE PROTECTION,BOEING,737-800,KRİTİK DEĞİL,VAR,Yurtiçi tamir,10.0,35,8.75,0.56,19.5,0.9,1.0,3.0,12.0,2.0,7.0,0.029,0.6,10.6,False
PN-101638,25,EQUIPMENT / FURNISHINGS,BOEING,737-800,KRİTİK DEĞİL,VAR,Yurtiçi tamir,14.0,15,3.28,0.56,7.3,0.9,1.0,2.0,6.0,2.0,4.0,0.133,1.0,10.5,False
PN-103575,56,WINDOWS,AIRBUS,A330-200,KRİTİK DEĞİL,VAR,Yurtiçi tamir,5.0,5,1.25,1.33,6.6,0.9,1.0,2.0,4.0,2.0,4.0,0.2,1.3,10.5,False
PN-104876,31,INDICATING / RECORDING SYSTEMS,AIRBUS,A320-200,KRİTİK DEĞİL,VAR,Yurtiçi tamir,14.0,11,2.75,0.64,6.9,0.9,1.0,2.0,5.0,2.0,4.0,0.091,0.6,10.5,False
PN-100086,23,COMMUNICATIONS,AIRBUS,A321-200,KRİTİK DEĞİL,VAR,Yurtiçi tamir,9.0,30,7.5,0.69,20.4,0.9,1.0,3.0,11.0,2.0,8.0,0.1,2.0,10.5,False
PN-104522,36,PNEUMATIC,AIRBUS,A321-200,KRİTİK DEĞİL,VAR,Yurtiçi tamir,11.0,22,5.5,0.69,15.0,0.9,1.0,3.0,9.0,2.0,6.0,0.091,1.4,10.5,False
PN-102843,34,NAVIGATION,AIRBUS,A330-300,KRİTİK DEĞİL,VAR,Yurtiçi tamir,9.0,11,2.75,1.11,12.1,0.9,1.0,2.0,5.0,2.0,6.0,0.182,2.2,10.5,False
PN-101336,52,DOORS,BOEING,737-800,KRİTİK DEĞİL,VAR,Yurtiçi tamir,11.0,29,7.25,0.56,15.6,0.9,1.0,3.0,11.0,2.0,6.0,0.034,0.5,10.5,False
PN-100836,74,IGNITION,AIRBUS,A330-200,KRİTİK DEĞİL,VAR,Yurtiçi tamir,5.0,6,1.27,1.33,6.7,0.9,1.0,2.0,4.0,2.0,4.0,0.167,1.1,10.5,False
PN-100455,36,PNEUMATIC,AIRBUS,A321-200,KRİTİK DEĞİL,VAR,Yurtiçi tamir,8.0,34,8.5,0.69,23.6,0.9,1.0,3.0,12.0,2.0,8.0,0.147,3.5,10.5,False
PN-101862,76,ENGINE CONTROLS,BOEING,737-800,KRİTİK DEĞİL,VAR,Yurtiçi tamir,10.0,33,8.25,0.56,17.8,0.9,1.0,3.0,12.0,2.0,7.0,0.152,2.7,10.5,False
PN-101850,23,COMMUNICATIONS,AIRBUS,A320-200,KRİTİK DEĞİL,VAR,Yurtiçi tamir,14.0,11,2.75,0.64,6.9,0.9,1.0,2.0,5.0,2.0,4.0,0.091,0.6,10.5,False
PN-102251,36,PNEUMATIC,AIRBUS,A330-200,KRİTİK DEĞİL,VAR,Yurtiçi tamir,7.0,0,0.0,1.33,0.0,0.9,0.0,0.0,0.0,0.0,0.0,0.0,0.0,10.4,False
PN-101496,36,PNEUMATIC,AIRBUS,A320-200,KRİTİK DEĞİL,VAR,Yurtiçi tamir,6.0,45,11.25,0.64,27.9,0.9,1.0,3.0,15.0,2.0,9.0,0.2,5.6,10.4,False
PN-104229,21,AIR CONDITIONING,AIRBUS,A330-300,KRİTİK DEĞİL,VAR,Yurtiçi tamir,8.0,15,3.32,1.11,14.2,0.9,1.0,2.0,6.0,2.0,6.0,0.267,3.8,10.4,False
PN-101061,56,WINDOWS,AIRBUS,A330-200,KRİTİK DEĞİL,VAR,Yurtiçi tamir,6.0,2,0.42,1.33,2.3,0.9,1.0,2.0,3.0,2.0,3.0,0.0,0.0,10.4,False
PN-103062,30,ICE & RAIN PROTECTION,AIRBUS,A320-200,KRİTİK DEĞİL,VAR,Yurtiçi tamir,15.0,6,1.62,0.64,4.1,0.9,1.0,2.0,4.0,2.0,4.0,0.167,0.7,10.4,False
PN-103158,56,WINDOWS,AIRBUS,A320-200,KRİTİK DEĞİL,VAR,Yurtiçi tamir,14.0,10,2.5,0.64,6.3,0.9,1.0,2.0,5.0,2.0,4.0,0.2,1.3,10.4,False
PN-104110,21,AIR CONDITIONING,BOEING,737-800,KRİTİK DEĞİL,VAR,Yurtiçi tamir,11.0,26,6.5,0.56,14.0,0.9,1.0,3.0,10.0,2.0,6.0,0.154,2.2,10.4,False
PN-103914,73,ENGINE FUEL AND CONTROL,AIRBUS,A330-200,KRİTİK DEĞİL,VAR,Yurtiçi tamir,4.0,5,1.52,1.33,8.0,0.9,1.0,2.0,4.0,2.0,5.0,0.0,0.0,10.4,False
PN-102886,79,OIL,AIRBUS,A320-200,KRİTİK DEĞİL,VAR,Yurtiçi tamir,10.0,27,6.75,0.64,16.8,0.9,1.0,3.0,10.0,2.0,7.0,0.0,0.0,10.4,False
PN-101915,35,OXYGEN,BOEING,737-900ER,KRİTİK DEĞİL,VAR,Yurtiçi tamir,13.0,8,2.22,1.0,8.8,0.9,1.0,2.0,5.0,2.0,5.0,0.0,0.0,10.4,False
PN-103252,25,EQUIPMENT / FURNISHINGS,BOEING,737-800,KRİTİK DEĞİL,VAR,Yurtiçi tamir,8.0,42,10.5,0.56,22.8,0.9,1.0,3.0,14.0,2.0,8.0,0.143,3.3,10.4,False
PN-103254,27,FLIGHT CONTROLS,AIRBUS,A320-200,KRİTİK DEĞİL,VAR,Yurtiçi tamir,8.0,35,8.75,0.64,22.1,0.9,1.0,3.0,12.0,2.0,8.0,0.057,1.3,10.4,False
PN-102138,36,PNEUMATIC,AIRBUS,A320-200,KRİTİK DEĞİL,VAR,Yurtiçi tamir,7.0,39,9.75,0.64,24.5,0.9,1.0,3.0,13.0,2.0,9.0,0.077,1.9,10.3,False
PN-102065,35,OXYGEN,BOEING,737-800,KRİTİK DEĞİL,VAR,Yurtiçi tamir,14.0,9,2.25,0.56,4.9,0.9,1.0,2.0,5.0,2.0,4.0,0.222,1.1,10.3,False
PN-100242,23,COMMUNICATIONS,AIRBUS,A320-200,KRİTİK DEĞİL,VAR,Yurtiçi tamir,7.0,39,9.75,0.64,24.4,0.9,1.0,3.0,13.0,2.0,9.0,0.128,3.1,10.3,False
PN-101548,34,NAVIGATION,AIRBUS,A321-200,KRİTİK DEĞİL,VAR,Yurtiçi tamir,14.0,7,1.75,0.69,4.8,0.9,1.0,2.0,4.0,2.0,4.0,0.0,0.0,10.3,False
PN-102595,25,EQUIPMENT / FURNISHINGS,AIRBUS,A330-300,KRİTİK DEĞİL,VAR,Yurtiçi tamir,11.0,5,1.25,1.11,5.3,0.9,1.0,2.0,4.0,2.0,4.0,0.2,1.1,10.3,False
PN-104127,23,COMMUNICATIONS,AIRBUS,A330-300,KRİTİK DEĞİL,VAR,Yurtiçi tamir,11.0,5,1.17,1.11,5.1,0.9,1.0,2.0,4.0,2.0,4.0,0.2,1.0,10.3,False
PN-102447,52,DOORS,BOEING,737-900ER,KRİTİK DEĞİL,VAR,Yurtiçi tamir,15.0,4,0.69,1.0,2.7,0.9,1.0,2.0,3.0,2.0,3.0,0.0,0.0,10.3,False
PN-104707,36,PNEUMATIC,AIRBUS,A319-100,KRİTİK DEĞİL,VAR,Yurtiçi tamir,13.0,14,3.5,0.56,7.6,0.9,1.0,2.0,6.0,2.0,4.0,0.071,0.5,10.3,False
PN-100909,23,COMMUNICATIONS,AIRBUS,A320-200,KRİTİK DEĞİL,VAR,Yurtiçi tamir,12.0,17,4.25,0.64,10.7,0.9,1.0,2.0,7.0,2.0,5.0,0.118,1.3,10.3,False
PN-100871,26,FIRE PROTECTION,AIRBUS,A319-100,KRİTİK DEĞİL,VAR,Yurtiçi tamir,11.0,24,6.0,0.56,12.9,0.9,1.0,3.0,9.0,2.0,6.0,0.125,1.6,10.3,False
PN-104002,21,AIR CONDITIONING,AIRBUS,A330-300,KRİTİK DEĞİL,VAR,Yurtiçi tamir,12.0,3,0.57,1.11,2.5,0.9,1.0,2.0,3.0,2.0,3.0,0.0,0.0,10.3,False
PN-101576,36,PNEUMATIC,BOEING,737-800,KRİTİK DEĞİL,VAR,Yurtiçi tamir,12.0,20,5.0,0.56,10.9,0.9,1.0,3.0,8.0,2.0,5.0,0.1,1.1,10.3,False
PN-102277,22,AUTO FLIGHT,AIRBUS,A320-200,KRİTİK DEĞİL,VAR,Yurtiçi tamir,13.0,13,3.25,0.64,8.1,0.9,1.0,2.0,6.0,2.0,5.0,0.154,1.2,10.3,False
PN-103196,26,FIRE PROTECTION,AIRBUS,A320-200,KRİTİK DEĞİL,VAR,Yurtiçi tamir,13.0,12,3.0,0.64,7.6,0.9,1.0,2.0,5.0,2.0,4.0,0.0,0.0,10.3,False
PN-103852,23,COMMUNICATIONS,BOEING,737-900ER,KRİTİK DEĞİL,VAR,Yurtiçi tamir,12.0,9,2.63,1.0,10.2,0.9,1.0,2.0,5.0,2.0,5.0,0.111,1.1,10.3,False
PN-101346,76,ENGINE CONTROLS,BOEING,737-800,KRİTİK DEĞİL,VAR,Yurtiçi tamir,12.0,17,4.25,0.56,9.2,0.9,1.0,2.0,7.0,2.0,5.0,0.0,0.0,10.2,False
PN-103577,76,ENGINE CONTROLS,AIRBUS,A321-200,KRİTİK DEĞİL,VAR,Yurtiçi tamir,13.0,10,2.5,0.69,6.9,0.9,1.0,2.0,5.0,2.0,4.0,0.2,1.4,10.2,False
PN-102172,80,STARTING,AIRBUS,A319-100,KRİTİK DEĞİL,VAR,Yurtiçi tamir,14.0,7,1.75,0.56,3.9,0.9,1.0,2.0,4.0,2.0,3.0,0.0,0.0,10.2,False
PN-101752,52,DOORS,AIRBUS,A320-200,KRİTİK DEĞİL,VAR,Yurtiçi tamir,8.0,32,8.0,0.64,19.8,0.9,1.0,3.0,11.0,2.0,7.0,0.156,3.1,10.2,False
PN-100494,28,FUEL,AIRBUS,A330-300,KRİTİK DEĞİL,VAR,Yurtiçi tamir,6.0,16,4.0,1.11,17.2,0.9,1.0,2.0,6.0,2.0,7.0,0.25,4.3,10.2,False
PN-103008,52,DOORS,BOEING,737-900ER,KRİTİK DEĞİL,VAR,Yurtiçi tamir,7.0,23,5.75,1.0,22.6,0.9,1.0,2.0,8.0,2.0,8.0,0.087,2.0,10.2,False
PN-101912,21,AIR CONDITIONING,BOEING,737-800,KRİTİK DEĞİL,VAR,Yurtiçi tamir,15.0,4,0.85,0.56,1.8,0.9,1.0,2.0,3.0,2.0,3.0,0.0,0.0,10.2,False
PN-104499,29,HYDRAULIC POWER,BOEING,737-800,KRİTİK DEĞİL,VAR,Yurtiçi tamir,11.0,23,5.75,0.56,12.5,0.9,1.0,3.0,9.0,2.0,6.0,0.087,1.1,10.2,False
PN-104944,21,AIR CONDITIONING,AIRBUS,A319-100,KRİTİK DEĞİL,VAR,Yurtiçi tamir,13.0,12,3.0,0.56,6.5,0.9,1.0,2.0,5.0,2.0,4.0,0.0,0.0,10.2,False
PN-103086,25,EQUIPMENT / FURNISHINGS,AIRBUS,A330-300,KRİTİK DEĞİL,VAR,Yurtiçi tamir,11.0,5,0.86,1.11,3.7,0.9,1.0,2.0,3.0,2.0,3.0,0.0,0.0,10.2,False
PN-102697,31,INDICATING / RECORDING SYSTEMS,AIRBUS,A321-200,KRİTİK DEĞİL,VAR,Yurtiçi tamir,10.0,20,5.0,0.69,13.7,0.9,1.0,2.0,7.0,2.0,6.0,0.1,1.4,10.1,False
PN-101023,74,IGNITION,AIRBUS,A321-200,KRİTİK DEĞİL,VAR,Yurtiçi tamir,14.0,4,1.31,0.69,3.5,0.9,1.0,2.0,4.0,2.0,3.0,0.25,0.9,10.1,False
PN-103326,25,EQUIPMENT / FURNISHINGS,BOEING,737-800,KRİTİK DEĞİL,VAR,Yurtiçi tamir,9.0,30,7.5,0.56,16.6,0.9,1.0,3.0,11.0,2.0,7.0,0.033,0.6,10.1,False
PN-100983,52,DOORS,AIRBUS,A330-300,KRİTİK DEĞİL,VAR,Yurtiçi tamir,10.0,6,1.33,1.11,5.7,0.9,1.0,2.0,4.0,2.0,4.0,0.333,1.9,10.1,False
PN-103191,56,WINDOWS,AIRBUS,A320-200,KRİTİK DEĞİL,VAR,Yurtiçi tamir,14.0,5,1.25,0.64,3.1,0.9,1.0,2.0,4.0,2.0,3.0,0.0,0.0,10.1,False
PN-104682,71,POWER PLANT,BOEING,737-800,KRİTİK DEĞİL,VAR,Yurtiçi tamir,9.0,30,7.5,0.56,16.2,0.9,1.0,3.0,11.0,2.0,7.0,0.067,1.1,10.1,False
PN-103756,52,DOORS,BOEING,737-800,KRİTİK DEĞİL,VAR,Yurtiçi tamir,14.0,6,1.21,0.56,2.6,0.9,1.0,2.0,4.0,2.0,3.0,0.167,0.4,10.1,False
PN-101692,56,WINDOWS,AIRBUS,A330-300,KRİTİK DEĞİL,VAR,Yurtiçi tamir,11.0,3,0.57,1.11,2.5,0.9,1.0,2.0,3.0,2.0,3.0,0.0,0.0,10.1,False
PN-104155,25,EQUIPMENT / FURNISHINGS,AIRBUS,A321-200,KRİTİK DEĞİL,VAR,Yurtiçi tamir,13.0,8,2.0,0.69,5.5,0.9,1.0,2.0,4.0,2.0,4.0,0.25,1.4,10.1,False
PN-102794,22,AUTO FLIGHT,BOEING,737-900ER,KRİTİK DEĞİL,VAR,Yurtiçi tamir,11.0,12,2.92,1.0,11.3,0.9,1.0,2.0,5.0,2.0,5.0,0.083,0.9,10.1,False
PN-103962,56,WINDOWS,BOEING,737-800,KRİTİK DEĞİL,VAR,Yurtiçi tamir,11.0,20,5.0,0.56,10.9,0.9,1.0,2.0,7.0,2.0,5.0,0.15,1.6,10.1,False
PN-103494,79,OIL,AIRBUS,A330-300,KRİTİK DEĞİL,VAR,Yurtiçi tamir,6.0,15,3.75,1.11,16.2,0.9,1.0,2.0,6.0,2.0,7.0,0.2,3.2,10.1,False
PN-103546,31,INDICATING / RECORDING SYSTEMS,AIRBUS,A321-200,KRİTİK DEĞİL,VAR,Yurtiçi tamir,11.0,16,4.0,0.69,10.9,0.9,1.0,2.0,6.0,2.0,5.0,0.125,1.4,10.1,False
PN-103591,28,FUEL,AIRBUS,A320-200,KRİTİK DEĞİL,VAR,Yurtiçi tamir,10.0,22,5.5,0.64,13.6,0.9,1.0,2.0,8.0,2.0,6.0,0.0,0.0,10.1,False
PN-101907,25,EQUIPMENT / FURNISHINGS,AIRBUS,A321-200,KRİTİK DEĞİL,VAR,Yurtiçi tamir,12.0,12,3.0,0.69,8.2,0.9,1.0,2.0,5.0,2.0,5.0,0.083,0.7,10.1,False
PN-103056,73,ENGINE FUEL AND CONTROL,AIRBUS,A321-200,KRİTİK DEĞİL,VAR,Yurtiçi tamir,13.0,8,2.21,0.69,5.9,0.9,1.0,2.0,5.0,2.0,4.0,0.0,0.0,10.1,False
PN-103084,29,HYDRAULIC POWER,BOEING,737-800,KRİTİK DEĞİL,VAR,Yurtiçi tamir,7.0,39,9.75,0.56,21.2,0.9,1.0,3.0,13.0,2.0,8.0,0.205,4.4,10.0,False
PN-102591,30,ICE & RAIN PROTECTION,BOEING,737-800,KRİTİK DEĞİL,VAR,Yurtiçi tamir,13.0,8,2.0,0.56,4.5,0.9,1.0,2.0,4.0,2.0,4.0,0.0,0.0,10.0,False
PN-103466,36,PNEUMATIC,BOEING,737-900ER,KRİTİK DEĞİL,VAR,Yurtiçi tamir,6.0,24,6.0,1.0,23.5,0.9,1.0,2.0,8.0,2.0,8.0,0.125,2.9,10.0,False
PN-103343,52,DOORS,AIRBUS,A330-300,KRİTİK DEĞİL,VAR,Yurtiçi tamir,7.0,12,3.0,1.11,13.0,0.9,1.0,2.0,5.0,2.0,6.0,0.25,3.2,10.0,False
PN-104230,22,AUTO FLIGHT,BOEING,737-900ER,KRİTİK DEĞİL,VAR,Yurtiçi tamir,8.0,18,4.5,1.0,17.8,0.9,1.0,2.0,7.0,2.0,7.0,0.056,1.0,10.0,False
PN-102199,25,EQUIPMENT / FURNISHINGS,BOEING,737-900ER,KRİTİK DEĞİL,VAR,Yurtiçi tamir,13.0,6,1.09,1.0,4.3,0.9,1.0,2.0,4.0,2.0,4.0,0.333,1.4,10.0,False
PN-100693,79,OIL,BOEING,737-800,KRİTİK DEĞİL,VAR,Yurtiçi tamir,13.0,9,2.25,0.56,4.8,0.9,1.0,2.0,5.0,2.0,4.0,0.0,0.0,10.0,False
PN-101616,73,ENGINE FUEL AND CONTROL,AIRBUS,A330-300,KRİTİK DEĞİL,VAR,Yurtiçi tamir,10.0,3,0.9,1.11,3.9,0.9,1.0,2.0,3.0,2.0,3.0,1.0,3.9,10.0,False
PN-104985,22,AUTO FLIGHT,BOEING,737-900ER,KRİTİK DEĞİL,VAR,Yurtiçi tamir,9.0,15,3.75,1.0,14.5,0.9,1.0,2.0,6.0,2.0,6.0,0.0,0.0,9.9,False
PN-101744,26,FIRE PROTECTION,BOEING,737-800,KRİTİK DEĞİL,VAR,Yurtiçi tamir,12.0,12,3.0,0.56,6.4,0.9,1.0,2.0,5.0,2.0,4.0,0.0,0.0,9.9,False
PN-101605,77,ENGINE INDICATING,AIRBUS,A320-200,KRİTİK DEĞİL,VAR,Yurtiçi tamir,9.0,23,5.75,0.64,14.4,0.9,1.0,2.0,8.0,2.0,6.0,0.087,1.2,9.9,False
PN-100808,31,INDICATING / RECORDING SYSTEMS,AIRBUS,A330-300,KRİTİK DEĞİL,VAR,Yurtiçi tamir,10.0,4,0.69,1.11,3.1,0.9,1.0,2.0,3.0,2.0,3.0,0.0,0.0,9.9,False
PN-101209,80,STARTING,BOEING,737-800,KRİTİK DEĞİL,VAR,Yurtiçi tamir,8.0,33,8.25,0.56,17.6,0.9,1.0,3.0,12.0,2.0,7.0,0.061,1.1,9.9,False
PN-102059,31,INDICATING / RECORDING SYSTEMS,BOEING,737-800,KRİTİK DEĞİL,VAR,Yurtiçi tamir,10.0,22,5.5,0.56,12.0,0.9,1.0,2.0,8.0,2.0,5.0,0.091,1.1,9.9,False
PN-100737,29,HYDRAULIC POWER,AIRBUS,A321-200,KRİTİK DEĞİL,VAR,Yurtiçi tamir,10.0,18,4.5,0.69,12.2,0.9,1.0,2.0,7.0,2.0,6.0,0.056,0.7,9.9,False
PN-100508,27,FLIGHT CONTROLS,AIRBUS,A320-200,KRİTİK DEĞİL,VAR,Yurtiçi tamir,6.0,37,9.25,0.64,23.0,0.9,1.0,2.0,12.0,2.0,8.0,0.135,3.1,9.9,False
PN-101681,21,AIR CONDITIONING,AIRBUS,A320-200,KRİTİK DEĞİL,VAR,Yurtiçi tamir,13.0,4,1.7,0.64,4.2,0.9,1.0,2.0,4.0,2.0,4.0,0.5,2.1,9.9,False
PN-100082,25,EQUIPMENT / FURNISHINGS,AIRBUS,A320-200,KRİTİK DEĞİL,VAR,Yurtiçi tamir,10.0,18,4.5,0.64,11.3,0.9,1.0,2.0,7.0,2.0,5.0,0.167,1.9,9.9,False
PN-101048,56,WINDOWS,AIRBUS,A320-200,KRİTİK DEĞİL,VAR,Yurtiçi tamir,12.0,6,2.48,0.64,6.3,0.9,1.0,2.0,5.0,2.0,4.0,0.0,0.0,9.9,False
PN-104777,72,ENGINE,BOEING,737-800,KRİTİK DEĞİL,VAR,Yurtiçi tamir,11.0,17,4.25,0.56,9.1,0.9,1.0,2.0,7.0,2.0,5.0,0.235,2.2,9.9,False
PN-100042,71,POWER PLANT,AIRBUS,A321-200,KRİTİK DEĞİL,VAR,Yurtiçi tamir,12.0,10,2.5,0.69,6.7,0.9,1.0,2.0,5.0,2.0,4.0,0.1,0.7,9.9,False
PN-102141,76,ENGINE CONTROLS,AIRBUS,A319-100,KRİTİK DEĞİL,VAR,Yurtiçi tamir,13.0,6,1.5,0.56,3.2,0.9,1.0,2.0,4.0,2.0,3.0,0.0,0.0,9.9,False
PN-100421,71,POWER PLANT,AIRBUS,A319-100,KRİTİK DEĞİL,VAR,Yurtiçi tamir,7.0,37,9.25,0.56,20.2,0.9,1.0,3.0,13.0,2.0,8.0,0.162,3.3,9.9,False
PN-100425,26,FIRE PROTECTION,AIRBUS,A330-300,KRİTİK DEĞİL,VAR,Yurtiçi tamir,10.0,4,0.71,1.11,3.1,0.9,1.0,2.0,3.0,2.0,3.0,0.0,0.0,9.9,False
PN-100452,34,NAVIGATION,AIRBUS,A320-200,KRİTİK DEĞİL,VAR,Yurtiçi tamir,14.0,2,0.35,0.64,0.9,0.9,1.0,2.0,3.0,2.0,3.0,0.0,0.0,9.9,False
PN-102230,52,DOORS,AIRBUS,A321-200,KRİTİK DEĞİL,VAR,Yurtiçi tamir,9.0,21,5.25,0.69,14.3,0.9,1.0,2.0,8.0,2.0,6.0,0.095,1.4,9.9,False
PN-103545,52,DOORS,AIRBUS,A321-200,KRİTİK DEĞİL,VAR,Yurtiçi tamir,11.0,14,3.5,0.69,9.5,0.9,1.0,2.0,6.0,2.0,5.0,0.214,2.0,9.9,False
PN-100243,52,DOORS,BOEING,737-900ER,KRİTİK DEĞİL,VAR,Yurtiçi tamir,12.0,7,1.75,1.0,6.8,0.9,1.0,2.0,4.0,2.0,4.0,0.143,1.0,9.9,False
PN-104654,24,ELECTRICAL POWER,BOEING,737-900ER,KRİTİK DEĞİL,VAR,Yurtiçi tamir,6.0,23,5.75,1.0,22.4,0.9,1.0,2.0,8.0,2.0,8.0,0.13,2.9,9.9,False
PN-103257,26,FIRE PROTECTION,AIRBUS,A330-200,KRİTİK DEĞİL,VAR,Yurtiçi tamir,3.0,5,0.97,1.33,5.1,0.9,1.0,2.0,3.0,2.0,4.0,0.2,1.0,9.9,False
PN-101070,56,WINDOWS,BOEING,737-900ER,KRİTİK DEĞİL,VAR,Yurtiçi tamir,9.0,15,3.75,1.0,14.7,0.9,1.0,2.0,6.0,2.0,6.0,0.067,1.0,9.9,False
PN-100225,28,FUEL,BOEING,737-800,KRİTİK DEĞİL,VAR,Yurtiçi tamir,13.0,5,1.52,0.56,3.3,0.9,1.0,2.0,4.0,2.0,3.0,0.0,0.0,9.9,False
PN-100439,31,INDICATING / RECORDING SYSTEMS,AIRBUS,A319-100,KRİTİK DEĞİL,VAR,Yurtiçi tamir,10.0,20,5.0,0.56,11.2,0.9,1.0,2.0,7.0,2.0,5.0,0.15,1.7,9.8,False
PN-102379,52,DOORS,AIRBUS,A321-200,KRİTİK DEĞİL,VAR,Yurtiçi tamir,13.0,5,0.97,0.69,2.7,0.9,1.0,2.0,3.0,2.0,3.0,0.2,0.5,9.8,False
PN-104368,79,OIL,BOEING,737-800,KRİTİK DEĞİL,VAR,Yurtiçi tamir,12.0,11,2.32,0.56,5.0,0.9,1.0,2.0,5.0,2.0,4.0,0.0,0.0,9.8,False
PN-102302,36,PNEUMATIC,AIRBUS,A319-100,KRİTİK DEĞİL,VAR,Yurtiçi tamir,11.0,15,3.75,0.56,8.2,0.9,1.0,2.0,6.0,2.0,5.0,0.067,0.5,9.8,False
PN-104855,56,WINDOWS,AIRBUS,A321-200,KRİTİK DEĞİL,VAR,Yurtiçi tamir,10.0,15,3.75,0.69,10.3,0.9,1.0,2.0,6.0,2.0,5.0,0.133,1.4,9.8,False
PN-104870,25,EQUIPMENT / FURNISHINGS,AIRBUS,A321-200,KRİTİK DEĞİL,VAR,Yurtiçi tamir,11.0,12,3.0,0.69,8.0,0.9,1.0,2.0,5.0,2.0,5.0,0.0,0.0,9.8,False
PN-104180,52,DOORS,BOEING,737-800,KRİTİK DEĞİL,VAR,Yurtiçi tamir,10.0,20,5.0,0.56,11.0,0.9,1.0,2.0,7.0,2.0,5.0,0.1,1.1,9.8,False
PN-102890,24,ELECTRICAL POWER,AIRBUS,A330-300,KRİTİK DEĞİL,VAR,Yurtiçi tamir,9.0,5,1.1,1.11,4.9,0.9,1.0,2.0,4.0,2.0,4.0,0.2,1.0,9.8,False
PN-101733,76,ENGINE CONTROLS,BOEING,737-900ER,KRİTİK DEĞİL,VAR,Yurtiçi tamir,8.0,17,4.25,1.0,16.6,0.9,1.0,2.0,7.0,2.0,7.0,0.235,3.9,9.8,False
PN-103740,26,FIRE PROTECTION,BOEING,737-800,KRİTİK DEĞİL,VAR,Yurtiçi tamir,5.0,43,10.75,0.56,23.7,0.9,1.0,2.0,13.0,2.0,8.0,0.14,3.3,9.8,False
PN-103335,26,FIRE PROTECTION,AIRBUS,A320-200,KRİTİK DEĞİL,VAR,Yurtiçi tamir,14.0,0,0.0,0.64,0.0,0.9,0.0,0.0,0.0,0.0,0.0,0.0,0.0,9.8,False
PN-104762,23,COMMUNICATIONS,AIRBUS,A330-300,KRİTİK DEĞİL,VAR,Yurtiçi tamir,5.0,14,3.5,1.11,15.4,0.9,1.0,2.0,6.0,2.0,6.0,0.071,1.1,9.8,False
PN-101430,34,NAVIGATION,AIRBUS,A330-200,KRİTİK DEĞİL,VAR,Yurtiçi tamir,4.0,1,0.28,1.33,1.6,0.9,1.0,2.0,3.0,2.0,3.0,0.0,0.0,9.8,False
PN-104391,74,IGNITION,AIRBUS,A321-200,KRİTİK DEĞİL,VAR,Yurtiçi tamir,13.0,3,0.85,0.69,2.3,0.9,1.0,2.0,3.0,2.0,3.0,0.0,0.0,9.8,False
PN-102194,56,WINDOWS,AIRBUS,A321-200,KRİTİK DEĞİL,VAR,Yurtiçi tamir,9.0,20,5.0,0.69,13.7,0.9,1.0,2.0,7.0,2.0,6.0,0.0,0.0,9.8,False
PN-104886,56,WINDOWS,AIRBUS,A330-300,KRİTİK DEĞİL,VAR,Yurtiçi tamir,8.0,2,1.7,1.11,7.5,0.9,1.0,2.0,4.0,2.0,4.0,0.5,3.8,9.8,False
PN-101293,21,AIR CONDITIONING,AIRBUS,A320-200,KRİTİK DEĞİL,VAR,Yurtiçi tamir,11.0,13,3.25,0.64,8.3,0.9,1.0,2.0,6.0,2.0,5.0,0.231,1.9,9.8,False
PN-100560,35,OXYGEN,AIRBUS,A330-300,KRİTİK DEĞİL,VAR,Yurtiçi tamir,7.0,9,2.25,1.11,9.8,0.9,1.0,2.0,5.0,2.0,5.0,0.0,0.0,9.7,False
PN-102338,22,AUTO FLIGHT,AIRBUS,A320-200,KRİTİK DEĞİL,VAR,Yurtiçi tamir,7.0,28,7.0,0.64,17.5,0.9,1.0,2.0,9.0,2.0,7.0,0.071,1.2,9.7,False
PN-100617,27,FLIGHT CONTROLS,BOEING,737-800,KRİTİK DEĞİL,VAR,Yurtiçi tamir,6.0,37,9.25,0.56,20.3,0.9,1.0,2.0,12.0,2.0,8.0,0.189,3.8,9.7,False
PN-104928,25,EQUIPMENT / FURNISHINGS,AIRBUS,A330-300,KRİTİK DEĞİL,VAR,Yurtiçi tamir,9.0,3,0.85,1.11,3.8,0.9,1.0,2.0,3.0,2.0,3.0,0.0,0.0,9.7,False
PN-103950,30,ICE & RAIN PROTECTION,AIRBUS,A321-200,KRİTİK DEĞİL,VAR,Yurtiçi tamir,8.0,22,5.5,0.69,14.9,0.9,1.0,2.0,8.0,2.0,6.0,0.182,2.7,9.7,False
PN-104629,30,ICE & RAIN PROTECTION,AIRBUS,A321-200,KRİTİK DEĞİL,VAR,Yurtiçi tamir,12.0,8,1.71,0.69,4.6,0.9,1.0,2.0,4.0,2.0,4.0,0.125,0.6,9.7,False
PN-100304,36,PNEUMATIC,AIRBUS,A320-200,KRİTİK DEĞİL,VAR,Yurtiçi tamir,8.0,24,6.0,0.64,14.9,0.9,1.0,2.0,8.0,2.0,6.0,0.042,0.6,9.7,False
PN-102088,28,FUEL,BOEING,737-800,KRİTİK DEĞİL,VAR,Yurtiçi tamir,9.0,22,5.5,0.56,11.9,0.9,1.0,2.0,8.0,2.0,5.0,0.136,1.6,9.7,False
PN-104902,52,DOORS,AIRBUS,A321-200,KRİTİK DEĞİL,VAR,Yurtiçi tamir,11.0,10,2.38,0.69,6.4,0.9,1.0,2.0,5.0,2.0,4.0,0.1,0.6,9.7,False
PN-103685,25,EQUIPMENT / FURNISHINGS,BOEING,737-800,KRİTİK DEĞİL,VAR,Yurtiçi tamir,12.0,7,1.75,0.56,3.8,0.9,1.0,2.0,4.0,2.0,3.0,0.286,1.1,9.7,False
PN-102296,25,EQUIPMENT / FURNISHINGS,AIRBUS,A320-200,KRİTİK DEĞİL,VAR,Yurtiçi tamir,12.0,5,1.68,0.64,4.1,0.9,1.0,2.0,4.0,2.0,4.0,0.0,0.0,9.7,False
PN-103152,26,FIRE PROTECTION,AIRBUS,A330-300,KRİTİK DEĞİL,VAR,Yurtiçi tamir,6.0,11,2.75,1.11,12.0,0.9,1.0,2.0,5.0,2.0,5.0,0.182,2.2,9.7,False
PN-101418,76,ENGINE CONTROLS,BOEING,737-800,KRİTİK DEĞİL,VAR,Yurtiçi tamir,11.0,12,3.0,0.56,6.6,0.9,1.0,2.0,5.0,2.0,4.0,0.0,0.0,9.7,False
PN-101184,31,INDICATING / RECORDING SYSTEMS,AIRBUS,A320-200,KRİTİK DEĞİL,VAR,Yurtiçi tamir,8.0,24,6.0,0.64,15.3,0.9,1.0,2.0,8.0,2.0,6.0,0.042,0.6,9.7,False
PN-102583,56,WINDOWS,AIRBUS,A319-100,KRİTİK DEĞİL,VAR,Yurtiçi tamir,7.0,31,7.75,0.56,17.2,0.9,1.0,2.0,10.0,2.0,7.0,0.194,3.3,9.6,False
PN-103782,23,COMMUNICATIONS,AIRBUS,A321-200,KRİTİK DEĞİL,VAR,Yurtiçi tamir,6.0,29,7.25,0.69,19.5,0.9,1.0,2.0,10.0,2.0,7.0,0.207,4.0,9.6,False
PN-102025,34,NAVIGATION,AIRBUS,A330-300,KRİTİK DEĞİL,VAR,Yurtiçi tamir,8.0,7,1.36,1.11,5.9,0.9,1.0,2.0,4.0,2.0,4.0,0.143,0.8,9.6,False
PN-103051,25,EQUIPMENT / FURNISHINGS,AIRBUS,A320-200,KRİTİK DEĞİL,VAR,Yurtiçi tamir,11.0,8,2.3,0.64,5.7,0.9,1.0,2.0,5.0,2.0,4.0,0.0,0.0,9.6,False
PN-104896,76,ENGINE CONTROLS,AIRBUS,A321-200,KRİTİK DEĞİL,VAR,Yurtiçi tamir,11.0,8,2.06,0.69,5.5,0.9,1.0,2.0,5.0,2.0,4.0,0.0,0.0,9.6,False
PN-100264,80,STARTING,AIRBUS,A320-200,KRİTİK DEĞİL,VAR,Yurtiçi tamir,10.0,13,3.25,0.64,8.4,0.9,1.0,2.0,6.0,2.0,5.0,0.077,0.6,9.6,False
PN-103923,31,INDICATING / RECORDING SYSTEMS,BOEING,737-900ER,KRİTİK DEĞİL,VAR,Yurtiçi tamir,12.0,1,0.85,1.0,3.5,0.9,1.0,2.0,3.0,2.0,3.0,0.0,0.0,9.6,False
PN-100168,29,HYDRAULIC POWER,AIRBUS,A330-300,KRİTİK DEĞİL,VAR,Yurtiçi tamir,10.0,0,0.0,1.11,0.0,0.9,0.0,0.0,0.0,0.0,0.0,0.0,0.0,9.6,False
PN-104641,21,AIR CONDITIONING,BOEING,737-800,KRİTİK DEĞİL,VAR,Yurtiçi tamir,8.0,26,6.5,0.56,14.0,0.9,1.0,2.0,9.0,2.0,6.0,0.115,1.6,9.6,False
PN-101324,76,ENGINE CONTROLS,BOEING,737-800,KRİTİK DEĞİL,VAR,Yurtiçi tamir,12.0,5,1.25,0.56,2.7,0.9,1.0,2.0,4.0,2.0,3.0,0.0,0.0,9.6,False
PN-100838,21,AIR CONDITIONING,AIRBUS,A321-200,KRİTİK DEĞİL,VAR,Yurtiçi tamir,7.0,25,6.25,0.69,17.0,0.9,1.0,2.0,9.0,2.0,7.0,0.04,0.7,9.6,False
PN-102266,56,WINDOWS,BOEING,737-800,KRİTİK DEĞİL,VAR,Yurtiçi tamir,13.0,1,0.28,0.56,0.6,0.9,1.0,2.0,3.0,2.0,3.0,0.0,0.0,9.6,False
PN-100883,25,EQUIPMENT / FURNISHINGS,AIRBUS,A330-300,KRİTİK DEĞİL,VAR,Yurtiçi tamir,8.0,5,1.39,1.11,5.9,0.9,1.0,2.0,4.0,2.0,4.0,0.2,1.2,9.6,False
PN-100395,76,ENGINE CONTROLS,AIRBUS,A320-200,KRİTİK DEĞİL,VAR,Yurtiçi tamir,11.0,10,2.5,0.64,6.3,0.9,1.0,2.0,5.0,2.0,4.0,0.0,0.0,9.6,False
PN-101449,23,COMMUNICATIONS,AIRBUS,A321-200,KRİTİK DEĞİL,VAR,Yurtiçi tamir,3.0,40,10.0,0.69,27.2,0.9,1.0,2.0,12.0,2.0,9.0,0.15,4.1,9.6,False
PN-103882,36,PNEUMATIC,BOEING,737-800,KRİTİK DEĞİL,VAR,Yurtiçi tamir,12.0,5,1.11,0.56,2.4,0.9,1.0,2.0,4.0,2.0,3.0,0.0,0.0,9.5,False
PN-100020,35,OXYGEN,AIRBUS,A320-200,KRİTİK DEĞİL,VAR,Yurtiçi tamir,7.0,24,6.0,0.64,15.1,0.9,1.0,2.0,8.0,2.0,6.0,0.125,1.9,9.5,False
PN-103705,35,OXYGEN,BOEING,737-800,KRİTİK DEĞİL,VAR,Yurtiçi tamir,9.0,19,4.75,0.56,10.4,0.9,1.0,2.0,7.0,2.0,5.0,0.105,1.1,9.5,False
PN-103014,34,NAVIGATION,AIRBUS,A320-200,KRİTİK DEĞİL,VAR,Yurtiçi tamir,9.0,16,4.0,0.64,10.0,0.9,1.0,2.0,6.0,2.0,5.0,0.25,2.5,9.5,False
PN-100299,21,AIR CONDITIONING,BOEING,737-900ER,KRİTİK DEĞİL,VAR,Yurtiçi tamir,11.0,6,1.31,1.0,5.0,0.9,1.0,2.0,4.0,2.0,4.0,0.0,0.0,9.5,False
PN-100711,35,OXYGEN,BOEING,737-800,KRİTİK DEĞİL,VAR,Yurtiçi tamir,8.0,23,5.75,0.56,12.7,0.9,1.0,2.0,8.0,2.0,6.0,0.0,0.0,9.5,False
PN-100321,23,COMMUNICATIONS,BOEING,737-800,KRİTİK DEĞİL,VAR,Yurtiçi tamir,4.0,43,10.75,0.56,23.2,0.9,1.0,2.0,13.0,2.0,8.0,0.116,2.7,9.5,False
PN-103048,25,EQUIPMENT / FURNISHINGS,BOEING,737-800,KRİTİK DEĞİL,VAR,Yurtiçi tamir,11.0,8,2.0,0.56,4.4,0.9,1.0,2.0,4.0,2.0,4.0,0.125,0.5,9.5,False
PN-104822,77,ENGINE INDICATING,AIRBUS,A321-200,KRİTİK DEĞİL,VAR,Yurtiçi tamir,10.0,11,2.75,0.69,7.6,0.9,1.0,2.0,5.0,2.0,4.0,0.091,0.7,9.5,False
PN-101135,22,AUTO FLIGHT,AIRBUS,A320-200,KRİTİK DEĞİL,VAR,Yurtiçi tamir,5.0,34,8.5,0.64,21.4,0.9,1.0,2.0,11.0,2.0,8.0,0.147,3.1,9.5,False
PN-101305,56,WINDOWS,AIRBUS,A320-200,KRİTİK DEĞİL,VAR,Yurtiçi tamir,9.0,17,4.25,0.64,10.7,0.9,1.0,2.0,7.0,2.0,5.0,0.0,0.0,9.5,False
PN-100987,29,HYDRAULIC POWER,BOEING,737-800,KRİTİK DEĞİL,VAR,Yurtiçi tamir,7.0,29,7.25,0.56,15.7,0.9,1.0,2.0,10.0,2.0,6.0,0.138,2.2,9.5,False
PN-101245,80,STARTING,BOEING,737-800,KRİTİK DEĞİL,VAR,Yurtiçi tamir,9.0,19,4.75,0.56,10.5,0.9,1.0,2.0,7.0,2.0,5.0,0.158,1.7,9.5,False
PN-104450,76,ENGINE CONTROLS,AIRBUS,A330-300,KRİTİK DEĞİL,VAR,Yurtiçi tamir,9.0,2,0.35,1.11,1.6,0.9,1.0,2.0,3.0,2.0,3.0,0.5,0.8,9.5,False
PN-100260,73,ENGINE FUEL AND CONTROL,BOEING,737-800,KRİTİK DEĞİL,VAR,Yurtiçi tamir,10.0,14,3.5,0.56,7.5,0.9,1.0,2.0,6.0,2.0,4.0,0.071,0.5,9.5,False
PN-104146,31,INDICATING / RECORDING SYSTEMS,AIRBUS,A320-200,KRİTİK DEĞİL,VAR,Yurtiçi tamir,7.0,26,6.5,0.64,16.1,0.9,1.0,2.0,9.0,2.0,7.0,0.154,2.5,9.5,False
PN-103939,35,OXYGEN,AIRBUS,A330-300,KRİTİK DEĞİL,VAR,Yurtiçi tamir,6.0,9,2.25,1.11,9.7,0.9,1.0,2.0,5.0,2.0,5.0,0.222,2.2,9.5,False
PN-100410,25,EQUIPMENT / FURNISHINGS,BOEING,737-800,KRİTİK DEĞİL,VAR,Yurtiçi tamir,7.0,28,7.0,0.56,15.1,0.9,1.0,2.0,9.0,2.0,6.0,0.107,1.6,9.5,False
PN-103348,24,ELECTRICAL POWER,AIRBUS,A320-200,KRİTİK DEĞİL,VAR,Yurtiçi tamir,12.0,2,0.65,0.64,1.7,0.9,1.0,2.0,3.0,2.0,3.0,0.5,0.8,9.5,False
PN-104228,30,ICE & RAIN PROTECTION,BOEING,737-800,KRİTİK DEĞİL,VAR,Yurtiçi tamir,6.0,33,8.25,0.56,17.9,0.9,1.0,2.0,11.0,2.0,7.0,0.182,3.3,9.5,False
PN-100835,73,ENGINE FUEL AND CONTROL,AIRBUS,A321-200,KRİTİK DEĞİL,VAR,Yurtiçi tamir,7.0,21,5.25,0.69,14.2,0.9,1.0,2.0,8.0,2.0,6.0,0.143,2.0,9.4,False
PN-102559,49,AIRBORNE AUXILIARY POWER (APU),AIRBUS,A319-100,KRİTİK DEĞİL,VAR,Yurtiçi tamir,5.0,37,9.25,0.56,19.9,0.9,1.0,2.0,12.0,2.0,7.0,0.189,3.8,9.4,False
PN-103325,73,ENGINE FUEL AND CONTROL,AIRBUS,A320-200,KRİTİK DEĞİL,VAR,Yurtiçi tamir,7.0,23,5.75,0.64,14.4,0.9,1.0,2.0,8.0,2.0,6.0,0.174,2.5,9.4,False
PN-103334,22,AUTO FLIGHT,AIRBUS,A330-300,KRİTİK DEĞİL,VAR,Yurtiçi tamir,8.0,4,0.91,1.11,4.0,0.9,1.0,2.0,3.0,2.0,4.0,0.0,0.0,9.4,False
PN-103678,36,PNEUMATIC,AIRBUS,A321-200,KRİTİK DEĞİL,VAR,Yurtiçi tamir,9.0,14,3.5,0.69,9.3,0.9,1.0,2.0,6.0,2.0,5.0,0.214,2.0,9.4,False
PN-101143,74,IGNITION,AIRBUS,A320-200,KRİTİK DEĞİL,VAR,Yurtiçi tamir,12.0,3,0.65,0.64,1.6,0.9,1.0,2.0,3.0,2.0,3.0,0.0,0.0,9.4,False
PN-100262,28,FUEL,AIRBUS,A320-200,KRİTİK DEĞİL,VAR,Yurtiçi tamir,8.0,19,4.75,0.64,11.8,0.9,1.0,2.0,7.0,2.0,5.0,0.0,0.0,9.4,False
PN-101905,27,FLIGHT CONTROLS,AIRBUS,A330-300,KRİTİK DEĞİL,VAR,Yurtiçi tamir,6.0,8,2.0,1.11,8.7,0.9,1.0,2.0,4.0,2.0,5.0,0.25,2.2,9.4,False
PN-104367,24,ELECTRICAL POWER,AIRBUS,A319-100,KRİTİK DEĞİL,VAR,Yurtiçi tamir,11.0,5,1.52,0.56,3.3,0.9,1.0,2.0,4.0,2.0,3.0,0.2,0.7,9.4,False
PN-100339,79,OIL,AIRBUS,A319-100,KRİTİK DEĞİL,VAR,Yurtiçi tamir,7.0,26,6.5,0.56,14.2,0.9,1.0,2.0,9.0,2.0,6.0,0.115,1.6,9.4,False
PN-103652,31,INDICATING / RECORDING SYSTEMS,AIRBUS,A321-200,KRİTİK DEĞİL,VAR,Yurtiçi tamir,12.0,2,0.42,0.69,1.1,0.9,1.0,2.0,3.0,2.0,3.0,0.5,0.6,9.4,False
PN-104234,27,FLIGHT CONTROLS,AIRBUS,A320-200,KRİTİK DEĞİL,VAR,Yurtiçi tamir,5.0,32,8.0,0.64,20.0,0.9,1.0,2.0,10.0,2.0,8.0,0.094,1.9,9.4,False
PN-104607,34,NAVIGATION,AIRBUS,A330-300,KRİTİK DEĞİL,VAR,Yurtiçi tamir,6.0,10,2.03,1.11,8.7,0.9,1.0,2.0,5.0,2.0,5.0,0.2,1.7,9.4,False
PN-100468,25,EQUIPMENT / FURNISHINGS,AIRBUS,A330-300,KRİTİK DEĞİL,VAR,Yurtiçi tamir,8.0,4,0.85,1.11,3.8,0.9,1.0,2.0,3.0,2.0,3.0,0.0,0.0,9.4,False
PN-103232,56,WINDOWS,BOEING,737-800,KRİTİK DEĞİL,VAR,Yurtiçi tamir,10.0,12,3.0,0.56,6.7,0.9,1.0,2.0,5.0,2.0,4.0,0.333,2.2,9.4,False
PN-102592,35,OXYGEN,AIRBUS,A321-200,KRİTİK DEĞİL,VAR,Yurtiçi tamir,8.0,17,4.25,0.69,11.5,0.9,1.0,2.0,7.0,2.0,5.0,0.059,0.7,9.4,False
PN-100769,30,ICE & RAIN PROTECTION,AIRBUS,A320-200,KRİTİK DEĞİL,VAR,Yurtiçi tamir,10.0,10,2.64,0.64,6.7,0.9,1.0,2.0,5.0,2.0,4.0,0.2,1.3,9.4,False
PN-100506,35,OXYGEN,AIRBUS,A330-300,KRİTİK DEĞİL,VAR,Yurtiçi tamir,5.0,11,2.75,1.11,12.0,0.9,1.0,2.0,5.0,2.0,6.0,0.0,0.0,9.4,False
PN-102896,56,WINDOWS,AIRBUS,A321-200,KRİTİK DEĞİL,VAR,Yurtiçi tamir,12.0,0,0.0,0.69,0.0,0.9,0.0,0.0,0.0,0.0,0.0,0.0,0.0,9.3,False
PN-104490,25,EQUIPMENT / FURNISHINGS,AIRBUS,A320-200,KRİTİK DEĞİL,VAR,Yurtiçi tamir,10.0,9,2.25,0.64,5.7,0.9,1.0,2.0,5.0,2.0,4.0,0.667,3.8,9.3,False
PN-104984,26,FIRE PROTECTION,AIRBUS,A321-200,KRİTİK DEĞİL,VAR,Yurtiçi tamir,10.0,8,2.0,0.69,5.5,0.9,1.0,2.0,4.0,2.0,4.0,0.0,0.0,9.3,False
PN-101870,22,AUTO FLIGHT,AIRBUS,A321-200,KRİTİK DEĞİL,VAR,Yurtiçi tamir,10.0,8,2.09,0.69,5.6,0.9,1.0,2.0,5.0,2.0,4.0,0.0,0.0,9.3,False
PN-101779,56,WINDOWS,BOEING,737-800,KRİTİK DEĞİL,VAR,Yurtiçi tamir,11.0,4,1.0,0.56,2.2,0.9,1.0,2.0,3.0,2.0,3.0,0.25,0.6,9.3,False
PN-104311,76,ENGINE CONTROLS,AIRBUS,A321-200,KRİTİK DEĞİL,VAR,Yurtiçi tamir,10.0,12,2.17,0.69,5.9,0.9,1.0,2.0,5.0,2.0,4.0,0.0,0.0,9.3,False
PN-100820,21,AIR CONDITIONING,AIRBUS,A319-100,KRİTİK DEĞİL,VAR,Yurtiçi tamir,8.0,19,4.75,0.56,10.3,0.9,1.0,2.0,7.0,2.0,5.0,0.0,0.0,9.3,False
PN-102553,26,FIRE PROTECTION,AIRBUS,A320-200,KRİTİK DEĞİL,VAR,Yurtiçi tamir,10.0,8,2.0,0.64,5.0,0.9,1.0,2.0,4.0,2.0,4.0,0.25,1.3,9.3,False
PN-104276,22,AUTO FLIGHT,AIRBUS,A321-200,KRİTİK DEĞİL,VAR,Yurtiçi tamir,6.0,24,6.0,0.69,16.3,0.9,1.0,2.0,8.0,2.0,7.0,0.208,3.4,9.3,False
PN-102320,23,COMMUNICATIONS,BOEING,737-800,KRİTİK DEĞİL,VAR,Yurtiçi tamir,9.0,15,3.75,0.56,8.2,0.9,1.0,2.0,6.0,2.0,5.0,0.133,1.1,9.3,False
PN-102659,25,EQUIPMENT / FURNISHINGS,AIRBUS,A321-200,KRİTİK DEĞİL,VAR,Yurtiçi tamir,11.0,3,0.85,0.69,2.3,0.9,1.0,2.0,3.0,2.0,3.0,0.0,0.0,9.3,False
PN-102951,35,OXYGEN,AIRBUS,A330-300,KRİTİK DEĞİL,VAR,Yurtiçi tamir,7.0,4,1.27,1.11,5.4,0.9,1.0,2.0,4.0,2.0,4.0,0.5,2.7,9.3,False
PN-104853,22,AUTO FLIGHT,AIRBUS,A330-300,KRİTİK DEĞİL,VAR,Yurtiçi tamir,7.0,5,1.25,1.11,5.5,0.9,1.0,2.0,4.0,2.0,4.0,0.0,0.0,9.3,False
PN-101691,77,ENGINE INDICATING,BOEING,737-800,KRİTİK DEĞİL,VAR,Yurtiçi tamir,8.0,19,4.75,0.56,10.4,0.9,1.0,2.0,7.0,2.0,5.0,0.053,0.5,9.3,False
PN-100228,36,PNEUMATIC,AIRBUS,A321-200,KRİTİK DEĞİL,VAR,Yurtiçi tamir,11.0,6,1.15,0.69,3.1,0.9,1.0,2.0,4.0,2.0,3.0,0.0,0.0,9.3,False
PN-102593,23,COMMUNICATIONS,AIRBUS,A321-200,KRİTİK DEĞİL,VAR,Yurtiçi tamir,11.0,3,0.85,0.69,2.3,0.9,1.0,2.0,3.0,2.0,3.0,0.0,0.0,9.3,False
PN-101105,25,EQUIPMENT / FURNISHINGS,AIRBUS,A319-100,KRİTİK DEĞİL,VAR,Yurtiçi tamir,10.0,10,2.5,0.56,5.5,0.9,1.0,2.0,5.0,2.0,4.0,0.0,0.0,9.3,False
PN-102932,25,EQUIPMENT / FURNISHINGS,BOEING,737-800,KRİTİK DEĞİL,VAR,Yurtiçi tamir,10.0,7,1.75,0.56,3.8,0.9,1.0,2.0,4.0,2.0,3.0,0.286,1.1,9.2,False
PN-101129,52,DOORS,AIRBUS,A320-200,KRİTİK DEĞİL,VAR,Yurtiçi tamir,7.0,20,5.0,0.64,12.6,0.9,1.0,2.0,7.0,2.0,6.0,0.05,0.6,9.2,False
PN-103621,26,FIRE PROTECTION,AIRBUS,A321-200,KRİTİK DEĞİL,VAR,Yurtiçi tamir,10.0,7,1.75,0.69,4.9,0.9,1.0,2.0,4.0,2.0,4.0,0.0,0.0,9.2,False
PN-102055,30,ICE & RAIN PROTECTION,BOEING,737-800,KRİTİK DEĞİL,VAR,Yurtiçi tamir,7.0,22,5.5,0.56,11.9,0.9,1.0,2.0,8.0,2.0,5.0,0.364,4.3,9.2,False
PN-100745,30,ICE & RAIN PROTECTION,AIRBUS,A330-300,KRİTİK DEĞİL,VAR,Yurtiçi tamir,7.0,4,1.02,1.11,4.4,0.9,1.0,2.0,4.0,2.0,4.0,0.5,2.2,9.2,False
PN-102923,36,PNEUMATIC,AIRBUS,A319-100,KRİTİK DEĞİL,VAR,Yurtiçi tamir,10.0,9,2.25,0.56,4.8,0.9,1.0,2.0,5.0,2.0,4.0,0.111,0.5,9.2,False
PN-103757,36,PNEUMATIC,AIRBUS,A320-200,KRİTİK DEĞİL,VAR,Yurtiçi tamir,11.0,4,0.69,0.64,1.7,0.9,1.0,2.0,3.0,2.0,3.0,0.0,0.0,9.2,False
PN-100547,49,AIRBORNE AUXILIARY POWER (APU),BOEING,737-800,KRİTİK DEĞİL,VAR,Yurtiçi tamir,10.0,8,2.0,0.56,4.3,0.9,1.0,2.0,4.0,2.0,4.0,0.0,0.0,9.2,False
PN-102903,52,DOORS,AIRBUS,A320-200,KRİTİK DEĞİL,VAR,Yurtiçi tamir,11.0,4,0.85,0.64,2.1,0.9,1.0,2.0,3.0,2.0,3.0,0.0,0.0,9.2,False
PN-104431,23,COMMUNICATIONS,BOEING,737-800,KRİTİK DEĞİL,VAR,Yurtiçi tamir,11.0,3,0.7,0.56,1.5,0.9,1.0,2.0,3.0,2.0,3.0,0.0,0.0,9.2,False
PN-101083,36,PNEUMATIC,BOEING,737-800,KRİTİK DEĞİL,VAR,Yurtiçi tamir,11.0,3,0.72,0.56,1.5,0.9,1.0,2.0,3.0,2.0,3.0,0.0,0.0,9.2,False
PN-103106,76,ENGINE CONTROLS,AIRBUS,A319-100,KRİTİK DEĞİL,VAR,Yurtiçi tamir,10.0,8,2.0,0.56,4.3,0.9,1.0,2.0,4.0,2.0,4.0,0.0,0.0,9.2,False
PN-103122,34,NAVIGATION,BOEING,737-800,KRİTİK DEĞİL,VAR,Yurtiçi tamir,10.0,9,2.25,0.56,4.8,0.9,1.0,2.0,5.0,2.0,4.0,0.222,1.1,9.2,False
PN-103512,24,ELECTRICAL POWER,AIRBUS,A319-100,KRİTİK DEĞİL,VAR,Yurtiçi tamir,10.0,8,2.0,0.56,4.4,0.9,1.0,2.0,4.0,2.0,4.0,0.0,0.0,9.2,False
PN-103558,25,EQUIPMENT / FURNISHINGS,BOEING,737-900ER,KRİTİK DEĞİL,VAR,Yurtiçi tamir,7.0,13,3.25,1.0,12.5,0.9,1.0,2.0,6.0,2.0,6.0,0.154,1.9,9.2,False
PN-100372,31,INDICATING / RECORDING SYSTEMS,AIRBUS,A319-100,KRİTİK DEĞİL,VAR,Yurtiçi tamir,9.0,13,3.25,0.56,6.9,0.9,1.0,2.0,6.0,2.0,4.0,0.077,0.5,9.2,False
PN-102365,23,COMMUNICATIONS,AIRBUS,A320-200,KRİTİK DEĞİL,VAR,Yurtiçi tamir,10.0,7,1.75,0.64,4.3,0.9,1.0,2.0,4.0,2.0,4.0,0.143,0.6,9.2,False
PN-104035,21,AIR CONDITIONING,AIRBUS,A320-200,KRİTİK DEĞİL,VAR,Yurtiçi tamir,10.0,7,1.49,0.64,3.7,0.9,1.0,2.0,4.0,2.0,3.0,0.0,0.0,9.1,False
PN-104946,30,ICE & RAIN PROTECTION,BOEING,737-800,KRİTİK DEĞİL,VAR,Yurtiçi tamir,10.0,10,1.51,0.56,3.3,0.9,1.0,2.0,4.0,2.0,3.0,0.4,1.3,9.1,False
PN-103312,79,OIL,BOEING,737-800,KRİTİK DEĞİL,VAR,Yurtiçi tamir,8.0,15,3.75,0.56,8.2,0.9,1.0,2.0,6.0,2.0,5.0,0.133,1.1,9.1,False
PN-104715,35,OXYGEN,AIRBUS,A320-200,KRİTİK DEĞİL,VAR,Yurtiçi tamir,9.0,10,2.5,0.64,6.3,0.9,1.0,2.0,5.0,2.0,4.0,0.2,1.3,9.1,False
PN-102380,25,EQUIPMENT / FURNISHINGS,AIRBUS,A320-200,KRİTİK DEĞİL,VAR,Yurtiçi tamir,9.0,9,2.25,0.64,5.7,0.9,1.0,2.0,5.0,2.0,4.0,0.0,0.0,9.1,False
PN-100466,25,EQUIPMENT / FURNISHINGS,AIRBUS,A321-200,KRİTİK DEĞİL,VAR,Yurtiçi tamir,10.0,6,1.14,0.69,3.2,0.9,1.0,2.0,4.0,2.0,3.0,0.0,0.0,9.1,False
PN-102561,30,ICE & RAIN PROTECTION,AIRBUS,A320-200,KRİTİK DEĞİL,VAR,Yurtiçi tamir,10.0,5,1.25,0.64,3.2,0.9,1.0,2.0,4.0,2.0,3.0,0.0,0.0,9.1,False
PN-104165,56,WINDOWS,BOEING,737-800,KRİTİK DEĞİL,VAR,Yurtiçi tamir,8.0,17,4.25,0.56,9.2,0.9,1.0,2.0,7.0,2.0,5.0,0.0,0.0,9.1,False
PN-100807,23,COMMUNICATIONS,AIRBUS,A319-100,KRİTİK DEĞİL,VAR,Yurtiçi tamir,10.0,3,1.44,0.56,3.2,0.9,1.0,2.0,4.0,2.0,3.0,0.333,1.1,9.1,False
PN-102774,36,PNEUMATIC,AIRBUS,A321-200,KRİTİK DEĞİL,VAR,Yurtiçi tamir,8.0,7,3.14,0.69,8.4,0.9,1.0,2.0,6.0,2.0,5.0,0.143,1.2,9.1,False
PN-104237,23,COMMUNICATIONS,AIRBUS,A330-300,KRİTİK DEĞİL,VAR,Yurtiçi tamir,4.0,9,2.25,1.11,9.8,0.9,1.0,2.0,5.0,2.0,5.0,0.0,0.0,9.0,False
PN-101440,73,ENGINE FUEL AND CONTROL,AIRBUS,A320-200,KRİTİK DEĞİL,VAR,Yurtiçi tamir,9.0,7,1.87,0.64,4.7,0.9,1.0,2.0,4.0,2.0,4.0,0.286,1.3,9.0,False
PN-100576,79,OIL,AIRBUS,A321-200,KRİTİK DEĞİL,VAR,Yurtiçi tamir,7.0,15,3.75,0.69,10.4,0.9,1.0,2.0,6.0,2.0,5.0,0.0,0.0,9.0,False
PN-103256,25,EQUIPMENT / FURNISHINGS,AIRBUS,A320-200,KRİTİK DEĞİL,VAR,Yurtiçi tamir,10.0,4,0.91,0.64,2.2,0.9,1.0,2.0,3.0,2.0,3.0,0.0,0.0,9.0,False
PN-101567,49,AIRBORNE AUXILIARY POWER (APU),BOEING,737-800,KRİTİK DEĞİL,VAR,Yurtiçi tamir,9.0,9,2.25,0.56,4.9,0.9,1.0,2.0,5.0,2.0,4.0,0.0,0.0,9.0,False
PN-104797,24,ELECTRICAL POWER,AIRBUS,A320-200,KRİTİK DEĞİL,VAR,Yurtiçi tamir,6.0,21,5.25,0.64,13.0,0.9,1.0,2.0,8.0,2.0,6.0,0.048,0.6,9.0,False
PN-102274,25,EQUIPMENT / FURNISHINGS,AIRBUS,A319-100,KRİTİK DEĞİL,VAR,Yurtiçi tamir,9.0,10,2.5,0.56,5.3,0.9,1.0,2.0,5.0,2.0,4.0,0.0,0.0,9.0,False
PN-104602,29,HYDRAULIC POWER,AIRBUS,A330-300,KRİTİK DEĞİL,VAR,Yurtiçi tamir,4.0,9,2.25,1.11,9.6,0.9,1.0,2.0,5.0,2.0,5.0,0.0,0.0,9.0,False
PN-104645,31,INDICATING / RECORDING SYSTEMS,BOEING,737-800,KRİTİK DEĞİL,VAR,Yurtiçi tamir,10.0,5,1.25,0.56,2.8,0.9,1.0,2.0,4.0,2.0,3.0,0.2,0.6,9.0,False
PN-103402,25,EQUIPMENT / FURNISHINGS,AIRBUS,A320-200,KRİTİK DEĞİL,VAR,Yurtiçi tamir,8.0,12,3.0,0.64,7.4,0.9,1.0,2.0,5.0,2.0,4.0,0.083,0.6,9.0,False
PN-104295,80,STARTING,AIRBUS,A330-300,KRİTİK DEĞİL,VAR,Yurtiçi tamir,7.0,1,0.42,1.11,1.8,0.9,1.0,2.0,3.0,2.0,3.0,0.0,0.0,9.0,False
PN-102950,21,AIR CONDITIONING,AIRBUS,A319-100,KRİTİK DEĞİL,VAR,Yurtiçi tamir,10.0,6,1.27,0.56,2.7,0.9,1.0,2.0,4.0,2.0,3.0,0.167,0.5,9.0,False
PN-101764,36,PNEUMATIC,BOEING,737-800,KRİTİK DEĞİL,VAR,Yurtiçi tamir,10.0,4,1.06,0.56,2.3,0.9,1.0,2.0,4.0,2.0,3.0,0.0,0.0,9.0,False
PN-104967,29,HYDRAULIC POWER,AIRBUS,A320-200,KRİTİK DEĞİL,VAR,Yurtiçi tamir,7.0,16,4.0,0.64,9.9,0.9,1.0,2.0,6.0,2.0,5.0,0.0,0.0,9.0,False
PN-102874,30,ICE & RAIN PROTECTION,BOEING,737-800,KRİTİK DEĞİL,VAR,Yurtiçi tamir,8.0,15,3.75,0.56,8.0,0.9,1.0,2.0,6.0,2.0,5.0,0.2,1.6,9.0,False
PN-101206,35,OXYGEN,AIRBUS,A321-200,KRİTİK DEĞİL,VAR,Yurtiçi tamir,10.0,4,1.0,0.69,2.7,0.9,1.0,2.0,3.0,2.0,3.0,0.0,0.0,9.0,False
PN-101987,26,FIRE PROTECTION,AIRBUS,A320-200,KRİTİK DEĞİL,VAR,Yurtiçi tamir,9.0,7,1.88,0.64,4.7,0.9,1.0,2.0,4.0,2.0,4.0,0.143,0.7,9.0,False
PN-101687,31,INDICATING / RECORDING SYSTEMS,AIRBUS,A320-200,KRİTİK DEĞİL,VAR,Yurtiçi tamir,8.0,13,3.25,0.64,8.1,0.9,1.0,2.0,6.0,2.0,5.0,0.0,0.0,9.0,False
PN-103766,56,WINDOWS,AIRBUS,A320-200,KRİTİK DEĞİL,VAR,Yurtiçi tamir,8.0,13,3.25,0.64,8.1,0.9,1.0,2.0,6.0,2.0,5.0,0.077,0.6,9.0,False
PN-103627,27,FLIGHT CONTROLS,AIRBUS,A319-100,KRİTİK DEĞİL,VAR,Yurtiçi tamir,10.0,6,1.09,0.56,2.4,0.9,1.0,2.0,4.0,2.0,3.0,0.0,0.0,9.0,False
PN-102778,31,INDICATING / RECORDING SYSTEMS,AIRBUS,A320-200,KRİTİK DEĞİL,VAR,Yurtiçi tamir,10.0,4,1.0,0.64,2.5,0.9,1.0,2.0,3.0,2.0,3.0,0.25,0.6,9.0,False
PN-104139,35,OXYGEN,AIRBUS,A321-200,KRİTİK DEĞİL,VAR,Yurtiçi tamir,4.0,27,6.75,0.69,18.2,0.9,1.0,2.0,9.0,2.0,7.0,0.074,1.4,9.0,False
PN-102727,22,AUTO FLIGHT,AIRBUS,A319-100,KRİTİK DEĞİL,VAR,Yurtiçi tamir,9.0,9,2.25,0.56,4.8,0.9,1.0,2.0,5.0,2.0,4.0,0.0,0.0,9.0,False
PN-104821,56,WINDOWS,AIRBUS,A319-100,KRİTİK DEĞİL,VAR,Yurtiçi tamir,10.0,5,1.01,0.56,2.2,0.9,1.0,2.0,4.0,2.0,3.0,0.2,0.4,9.0,False
PN-102232,79,OIL,AIRBUS,A321-200,KRİTİK DEĞİL,VAR,Yurtiçi tamir,10.0,4,0.85,0.69,2.3,0.9,1.0,2.0,3.0,2.0,3.0,0.25,0.6,9.0,False
PN-102834,31,INDICATING / RECORDING SYSTEMS,AIRBUS,A321-200,KRİTİK DEĞİL,VAR,Yurtiçi tamir,4.0,25,6.25,0.69,17.1,0.9,1.0,2.0,9.0,2.0,7.0,0.04,0.7,8.9,False
PN-101216,35,OXYGEN,BOEING,737-800,KRİTİK DEĞİL,VAR,Yurtiçi tamir,9.0,8,2.0,0.56,4.3,0.9,1.0,2.0,4.0,2.0,4.0,0.125,0.5,8.9,False
PN-103425,80,STARTING,AIRBUS,A320-200,KRİTİK DEĞİL,VAR,Yurtiçi tamir,8.0,11,2.75,0.64,6.8,0.9,1.0,2.0,5.0,2.0,4.0,0.091,0.6,8.9,False
PN-103154,22,AUTO FLIGHT,AIRBUS,A321-200,KRİTİK DEĞİL,VAR,Yurtiçi tamir,7.0,14,3.5,0.69,9.6,0.9,1.0,2.0,6.0,2.0,5.0,0.286,2.7,8.9,False
PN-102279,56,WINDOWS,BOEING,737-800,KRİTİK DEĞİL,VAR,Yurtiçi tamir,10.0,4,0.71,0.56,1.5,0.9,1.0,2.0,3.0,2.0,3.0,0.25,0.4,8.9,False
PN-101552,35,OXYGEN,AIRBUS,A330-300,KRİTİK DEĞİL,VAR,Yurtiçi tamir,4.0,8,2.05,1.11,8.8,0.9,1.0,2.0,5.0,2.0,5.0,0.0,0.0,8.9,False
PN-102596,35,OXYGEN,BOEING,737-800,KRİTİK DEĞİL,VAR,Yurtiçi tamir,9.0,8,1.63,0.56,3.6,0.9,1.0,2.0,4.0,2.0,3.0,0.125,0.4,8.9,False
PN-101583,31,INDICATING / RECORDING SYSTEMS,AIRBUS,A321-200,KRİTİK DEĞİL,VAR,Yurtiçi tamir,6.0,17,4.25,0.69,11.8,0.9,1.0,2.0,7.0,2.0,5.0,0.118,1.4,8.9,False
PN-100156,24,ELECTRICAL POWER,AIRBUS,A321-200,KRİTİK DEĞİL,VAR,Yurtiçi tamir,5.0,21,5.25,0.69,14.1,0.9,1.0,2.0,8.0,2.0,6.0,0.095,1.3,8.9,False
PN-100961,31,INDICATING / RECORDING SYSTEMS,BOEING,737-900ER,KRİTİK DEĞİL,VAR,Yurtiçi tamir,10.0,2,0.35,1.0,1.4,0.9,1.0,2.0,3.0,2.0,3.0,0.0,0.0,8.9,False
PN-101946,25,EQUIPMENT / FURNISHINGS,AIRBUS,A321-200,KRİTİK DEĞİL,VAR,Yurtiçi tamir,7.0,13,3.25,0.69,8.9,0.9,1.0,2.0,6.0,2.0,5.0,0.231,2.1,8.9,False
PN-100275,34,NAVIGATION,AIRBUS,A321-200,KRİTİK DEĞİL,VAR,Yurtiçi tamir,8.0,9,2.25,0.69,6.1,0.9,1.0,2.0,5.0,2.0,4.0,0.0,0.0,8.9,False
PN-101288,23,COMMUNICATIONS,AIRBUS,A321-200,KRİTİK DEĞİL,VAR,Yurtiçi tamir,9.0,6,1.5,0.69,4.1,0.9,1.0,2.0,4.0,2.0,4.0,0.5,2.0,8.9,False
PN-101621,21,AIR CONDITIONING,BOEING,737-900ER,KRİTİK DEĞİL,VAR,Yurtiçi tamir,9.0,6,0.94,1.0,3.6,0.9,1.0,2.0,3.0,2.0,3.0,0.333,1.2,8.9,False
PN-102723,30,ICE & RAIN PROTECTION,AIRBUS,A320-200,KRİTİK DEĞİL,VAR,Yurtiçi tamir,9.0,6,1.5,0.64,3.7,0.9,1.0,2.0,4.0,2.0,3.0,0.0,0.0,8.9,False
PN-102969,52,DOORS,AIRBUS,A320-200,KRİTİK DEĞİL,VAR,Yurtiçi tamir,4.0,27,6.75,0.64,17.0,0.9,1.0,2.0,9.0,2.0,7.0,0.037,0.6,8.9,False
PN-103495,35,OXYGEN,AIRBUS,A321-200,KRİTİK DEĞİL,VAR,Yurtiçi tamir,8.0,10,2.5,0.69,6.7,0.9,1.0,2.0,5.0,2.0,4.0,0.4,2.7,8.9,False
PN-100858,56,WINDOWS,BOEING,737-800,KRİTİK DEĞİL,VAR,Yurtiçi tamir,9.0,2,1.7,0.56,3.8,0.9,1.0,2.0,4.0,2.0,3.0,0.0,0.0,8.9,False
PN-103638,23,COMMUNICATIONS,AIRBUS,A320-200,KRİTİK DEĞİL,VAR,Yurtiçi tamir,6.0,18,4.5,0.64,11.3,0.9,1.0,2.0,7.0,2.0,5.0,0.0,0.0,8.8,False
PN-103611,56,WINDOWS,AIRBUS,A321-200,KRİTİK DEĞİL,VAR,Yurtiçi tamir,8.0,6,2.1,0.69,5.7,0.9,1.0,2.0,5.0,2.0,4.0,0.0,0.0,8.8,False
PN-101192,25,EQUIPMENT / FURNISHINGS,AIRBUS,A320-200,KRİTİK DEĞİL,VAR,Yurtiçi tamir,10.0,0,0.0,0.64,0.0,0.9,0.0,0.0,0.0,0.0,0.0,0.0,0.0,8.8,False
PN-103910,27,FLIGHT CONTROLS,AIRBUS,A319-100,KRİTİK DEĞİL,VAR,Yurtiçi tamir,8.0,11,2.75,0.56,5.9,0.9,1.0,2.0,5.0,2.0,4.0,0.0,0.0,8.8,False
PN-101204,52,DOORS,AIRBUS,A320-200,KRİTİK DEĞİL,VAR,Yurtiçi tamir,7.0,13,3.25,0.64,8.1,0.9,1.0,2.0,6.0,2.0,5.0,0.231,1.9,8.8,False
PN-101705,76,ENGINE CONTROLS,BOEING,737-800,KRİTİK DEĞİL,VAR,Yurtiçi tamir,6.0,20,5.0,0.56,10.9,0.9,1.0,2.0,7.0,2.0,5.0,0.1,1.1,8.8,False
PN-102044,28,FUEL,AIRBUS,A321-200,KRİTİK DEĞİL,VAR,Yurtiçi tamir,8.0,9,1.93,0.69,5.1,0.9,1.0,2.0,4.0,2.0,4.0,0.0,0.0,8.8,False
PN-102981,22,AUTO FLIGHT,AIRBUS,A319-100,KRİTİK DEĞİL,VAR,Yurtiçi tamir,9.0,6,1.5,0.56,3.2,0.9,1.0,2.0,4.0,2.0,3.0,0.0,0.0,8.8,False
PN-101533,25,EQUIPMENT / FURNISHINGS,AIRBUS,A330-300,KRİTİK DEĞİL,VAR,Yurtiçi tamir,4.0,7,1.75,1.11,7.5,0.9,1.0,2.0,4.0,2.0,4.0,0.143,1.1,8.8,False
PN-104310,35,OXYGEN,AIRBUS,A320-200,KRİTİK DEĞİL,VAR,Yurtiçi tamir,10.0,0,0.0,0.64,0.0,0.9,0.0,0.0,0.0,0.0,0.0,0.0,0.0,8.8,False
PN-100380,21,AIR CONDITIONING,AIRBUS,A320-200,KRİTİK DEĞİL,VAR,Yurtiçi tamir,5.0,22,5.5,0.64,13.8,0.9,1.0,2.0,8.0,2.0,6.0,0.136,1.9,8.8,False
PN-100405,35,OXYGEN,BOEING,737-800,KRİTİK DEĞİL,VAR,Yurtiçi tamir,10.0,1,0.28,0.56,0.6,0.9,1.0,2.0,3.0,2.0,3.0,0.0,0.0,8.8,False
PN-100818,56,WINDOWS,AIRBUS,A320-200,KRİTİK DEĞİL,VAR,Yurtiçi tamir,10.0,0,0.0,0.64,0.0,0.9,0.0,0.0,0.0,0.0,0.0,0.0,0.0,8.8,False
PN-103071,34,NAVIGATION,AIRBUS,A319-100,KRİTİK DEĞİL,VAR,Yurtiçi tamir,9.0,5,1.25,0.56,2.7,0.9,1.0,2.0,4.0,2.0,3.0,0.2,0.5,8.8,False
PN-100840,28,FUEL,AIRBUS,A321-200,KRİTİK DEĞİL,VAR,Yurtiçi tamir,9.0,4,1.1,0.69,2.9,0.9,1.0,2.0,4.0,2.0,3.0,0.25,0.7,8.8,False
PN-100843,21,AIR CONDITIONING,AIRBUS,A320-200,KRİTİK DEĞİL,VAR,Yurtiçi tamir,7.0,13,3.25,0.64,8.1,0.9,1.0,2.0,6.0,2.0,5.0,0.0,0.0,8.8,False
PN-104037,49,AIRBORNE AUXILIARY POWER (APU),AIRBUS,A330-300,KRİTİK DEĞİL,VAR,Yurtiçi tamir,4.0,7,1.75,1.11,7.5,0.9,1.0,2.0,4.0,2.0,4.0,0.714,5.3,8.8,False
PN-101896,36,PNEUMATIC,AIRBUS,A320-200,KRİTİK DEĞİL,VAR,Yurtiçi tamir,9.0,6,1.2,0.64,3.0,0.9,1.0,2.0,4.0,2.0,3.0,0.0,0.0,8.8,False
PN-103868,26,FIRE PROTECTION,AIRBUS,A330-300,KRİTİK DEĞİL,VAR,Yurtiçi tamir,5.0,5,1.17,1.11,5.0,0.9,1.0,2.0,4.0,2.0,4.0,0.0,0.0,8.8,False
PN-102489,30,ICE & RAIN PROTECTION,AIRBUS,A320-200,KRİTİK DEĞİL,VAR,Yurtiçi tamir,6.0,15,3.75,0.64,9.5,0.9,1.0,2.0,6.0,2.0,5.0,0.067,0.6,8.7,False
PN-102508,31,INDICATING / RECORDING SYSTEMS,BOEING,737-800,KRİTİK DEĞİL,VAR,Yurtiçi tamir,7.0,13,3.25,0.56,6.9,0.9,1.0,2.0,6.0,2.0,4.0,0.077,0.5,8.7,False
PN-100694,23,COMMUNICATIONS,BOEING,737-800,KRİTİK DEĞİL,VAR,Yurtiçi tamir,9.0,1,0.85,0.56,1.8,0.9,1.0,2.0,3.0,2.0,3.0,0.0,0.0,8.7,False
PN-102289,31,INDICATING / RECORDING SYSTEMS,BOEING,737-800,KRİTİK DEĞİL,VAR,Yurtiçi tamir,4.0,29,7.25,0.56,15.7,0.9,1.0,2.0,10.0,2.0,6.0,0.069,1.1,8.7,False
PN-101396,52,DOORS,AIRBUS,A321-200,KRİTİK DEĞİL,VAR,Yurtiçi tamir,9.0,4,0.57,0.69,1.5,0.9,1.0,2.0,3.0,2.0,3.0,0.0,0.0,8.7,False
PN-100078,36,PNEUMATIC,AIRBUS,A320-200,KRİTİK DEĞİL,VAR,Yurtiçi tamir,6.0,16,4.0,0.64,10.1,0.9,1.0,2.0,6.0,2.0,5.0,0.25,2.5,8.7,False
PN-100540,71,POWER PLANT,AIRBUS,A321-200,KRİTİK DEĞİL,VAR,Yurtiçi tamir,9.0,4,0.85,0.69,2.3,0.9,1.0,2.0,3.0,2.0,3.0,0.0,0.0,8.7,False
PN-100281,34,NAVIGATION,AIRBUS,A320-200,KRİTİK DEĞİL,VAR,Yurtiçi tamir,8.0,7,1.75,0.64,4.4,0.9,1.0,2.0,4.0,2.0,4.0,0.143,0.6,8.7,False
PN-102956,23,COMMUNICATIONS,AIRBUS,A320-200,KRİTİK DEĞİL,VAR,Yurtiçi tamir,8.0,7,1.75,0.64,4.4,0.9,1.0,2.0,4.0,2.0,4.0,0.143,0.6,8.7,False
PN-104843,26,FIRE PROTECTION,AIRBUS,A319-100,KRİTİK DEĞİL,VAR,Yurtiçi tamir,9.0,3,0.65,0.56,1.4,0.9,1.0,2.0,3.0,2.0,3.0,0.0,0.0,8.7,False
PN-101127,52,DOORS,BOEING,737-800,KRİTİK DEĞİL,VAR,Yurtiçi tamir,6.0,19,4.75,0.56,10.2,0.9,1.0,2.0,7.0,2.0,5.0,0.053,0.5,8.7,False
PN-100279,23,COMMUNICATIONS,AIRBUS,A320-200,KRİTİK DEĞİL,VAR,Yurtiçi tamir,8.0,7,1.75,0.64,4.4,0.9,1.0,2.0,4.0,2.0,4.0,0.0,0.0,8.7,False
PN-100022,25,EQUIPMENT / FURNISHINGS,AIRBUS,A321-200,KRİTİK DEĞİL,VAR,Yurtiçi tamir,8.0,7,1.75,0.69,4.8,0.9,1.0,2.0,4.0,2.0,4.0,0.0,0.0,8.7,False
PN-101081,80,STARTING,BOEING,737-900ER,KRİTİK DEĞİL,VAR,Yurtiçi tamir,8.0,6,1.18,1.0,4.5,0.9,1.0,2.0,4.0,2.0,4.0,0.167,0.8,8.7,False
PN-102245,74,IGNITION,AIRBUS,A319-100,KRİTİK DEĞİL,VAR,Yurtiçi tamir,7.0,14,3.5,0.56,7.7,0.9,1.0,2.0,6.0,2.0,4.0,0.143,1.1,8.7,False
PN-102186,28,FUEL,AIRBUS,A321-200,KRİTİK DEĞİL,VAR,Yurtiçi tamir,8.0,7,1.75,0.69,4.8,0.9,1.0,2.0,4.0,2.0,4.0,0.0,0.0,8.7,False
PN-104605,34,NAVIGATION,AIRBUS,A319-100,KRİTİK DEĞİL,VAR,Yurtiçi tamir,7.0,13,3.25,0.56,7.2,0.9,1.0,2.0,6.0,2.0,4.0,0.0,0.0,8.7,False
PN-103374,56,WINDOWS,AIRBUS,A320-200,KRİTİK DEĞİL,VAR,Yurtiçi tamir,8.0,4,1.7,0.64,4.2,0.9,1.0,2.0,4.0,2.0,4.0,0.0,0.0,8.7,False
PN-104260,26,FIRE PROTECTION,AIRBUS,A319-100,KRİTİK DEĞİL,VAR,Yurtiçi tamir,8.0,9,2.25,0.56,4.8,0.9,1.0,2.0,5.0,2.0,4.0,0.111,0.5,8.7,False
PN-103608,52,DOORS,AIRBUS,A321-200,KRİTİK DEĞİL,VAR,Yurtiçi tamir,9.0,2,0.53,0.69,1.5,0.9,1.0,2.0,3.0,2.0,3.0,0.0,0.0,8.7,False
PN-104626,21,AIR CONDITIONING,AIRBUS,A321-200,KRİTİK DEĞİL,VAR,Yurtiçi tamir,5.0,19,4.75,0.69,12.8,0.9,1.0,2.0,7.0,2.0,6.0,0.053,0.7,8.7,False
PN-103491,52,DOORS,BOEING,737-800,KRİTİK DEĞİL,VAR,Yurtiçi tamir,8.0,8,2.0,0.56,4.3,0.9,1.0,2.0,4.0,2.0,4.0,0.125,0.5,8.7,False
PN-101807,34,NAVIGATION,AIRBUS,A321-200,KRİTİK DEĞİL,VAR,Yurtiçi tamir,9.0,3,0.85,0.69,2.3,0.9,1.0,2.0,3.0,2.0,3.0,0.0,0.0,8.7,False
PN-104725,34,NAVIGATION,AIRBUS,A320-200,KRİTİK DEĞİL,VAR,Yurtiçi tamir,9.0,4,0.74,0.64,1.8,0.9,1.0,2.0,3.0,2.0,3.0,0.0,0.0,8.7,False
PN-103651,22,AUTO FLIGHT,BOEING,737-800,KRİTİK DEĞİL,VAR,Yurtiçi tamir,8.0,8,1.43,0.56,3.2,0.9,1.0,2.0,4.0,2.0,3.0,0.125,0.4,8.6,False
PN-103352,23,COMMUNICATIONS,AIRBUS,A319-100,KRİTİK DEĞİL,VAR,Yurtiçi tamir,8.0,6,1.4,0.56,3.1,0.9,1.0,2.0,4.0,2.0,3.0,0.167,0.5,8.6,False
PN-102178,52,DOORS,AIRBUS,A320-200,KRİTİK DEĞİL,VAR,Yurtiçi tamir,7.0,10,2.5,0.64,6.2,0.9,1.0,2.0,5.0,2.0,4.0,0.0,0.0,8.6,False
PN-103485,21,AIR CONDITIONING,AIRBUS,A321-200,KRİTİK DEĞİL,VAR,Yurtiçi tamir,6.0,13,3.25,0.69,8.9,0.9,1.0,2.0,6.0,2.0,5.0,0.077,0.7,8.6,False
PN-104007,52,DOORS,AIRBUS,A319-100,KRİTİK DEĞİL,VAR,Yurtiçi tamir,7.0,12,3.0,0.56,6.5,0.9,1.0,2.0,5.0,2.0,4.0,0.083,0.5,8.6,False
PN-100668,77,ENGINE INDICATING,AIRBUS,A320-200,KRİTİK DEĞİL,VAR,Yurtiçi tamir,8.0,4,1.31,0.64,3.3,0.9,1.0,2.0,4.0,2.0,3.0,0.0,0.0,8.6,False
PN-101719,35,OXYGEN,BOEING,737-800,KRİTİK DEĞİL,VAR,Yurtiçi tamir,7.0,11,2.75,0.56,5.9,0.9,1.0,2.0,5.0,2.0,4.0,0.273,1.6,8.6,False
PN-100708,34,NAVIGATION,AIRBUS,A320-200,KRİTİK DEĞİL,VAR,Yurtiçi tamir,7.0,9,2.25,0.64,5.7,0.9,1.0,2.0,5.0,2.0,4.0,0.111,0.6,8.6,False
PN-103924,52,DOORS,AIRBUS,A320-200,KRİTİK DEĞİL,VAR,Yurtiçi tamir,6.0,14,3.5,0.64,8.7,0.9,1.0,2.0,6.0,2.0,5.0,0.143,1.2,8.6,False
PN-102913,26,FIRE PROTECTION,AIRBUS,A320-200,KRİTİK DEĞİL,VAR,Yurtiçi tamir,8.0,4,1.27,0.64,3.2,0.9,1.0,2.0,4.0,2.0,3.0,0.0,0.0,8.6,False
PN-101414,49,AIRBORNE AUXILIARY POWER (APU),AIRBUS,A321-200,KRİTİK DEĞİL,VAR,Yurtiçi tamir,7.0,9,2.25,0.69,6.1,0.9,1.0,2.0,5.0,2.0,4.0,0.111,0.7,8.6,False
PN-103178,26,FIRE PROTECTION,BOEING,737-800,KRİTİK DEĞİL,VAR,Yurtiçi tamir,9.0,1,0.42,0.56,1.0,0.9,1.0,2.0,3.0,2.0,3.0,0.0,0.0,8.6,False
PN-100033,36,PNEUMATIC,AIRBUS,A319-100,KRİTİK DEĞİL,VAR,Yurtiçi tamir,8.0,9,1.5,0.56,3.2,0.9,1.0,2.0,4.0,2.0,3.0,0.333,1.1,8.6,False
PN-102788,21,AIR CONDITIONING,AIRBUS,A321-200,KRİTİK DEĞİL,VAR,Yurtiçi tamir,9.0,1,0.42,0.69,1.1,0.9,1.0,2.0,3.0,2.0,3.0,0.0,0.0,8.6,False
PN-104874,25,EQUIPMENT / FURNISHINGS,AIRBUS,A330-300,KRİTİK DEĞİL,VAR,Yurtiçi tamir,6.0,0,0.0,1.11,0.0,0.9,0.0,0.0,0.0,0.0,0.0,0.0,0.0,8.6,False
PN-100513,74,IGNITION,BOEING,737-800,KRİTİK DEĞİL,VAR,Yurtiçi tamir,4.0,26,6.5,0.56,14.1,0.9,1.0,2.0,9.0,2.0,6.0,0.269,3.8,8.6,False
PN-103796,56,WINDOWS,BOEING,737-900ER,KRİTİK DEĞİL,VAR,Yurtiçi tamir,7.0,6,1.5,1.0,5.8,0.9,1.0,2.0,4.0,2.0,4.0,0.167,1.0,8.6,False
PN-101163,35,OXYGEN,BOEING,737-800,KRİTİK DEĞİL,VAR,Yurtiçi tamir,9.0,2,0.42,0.56,0.9,0.9,1.0,2.0,3.0,2.0,3.0,0.0,0.0,8.6,False
PN-101975,22,AUTO FLIGHT,BOEING,737-800,KRİTİK DEĞİL,VAR,Yurtiçi tamir,8.0,5,1.52,0.56,3.3,0.9,1.0,2.0,4.0,2.0,3.0,0.2,0.7,8.6,False
PN-104552,23,COMMUNICATIONS,AIRBUS,A321-200,KRİTİK DEĞİL,VAR,Yurtiçi tamir,7.0,9,2.25,0.69,6.2,0.9,1.0,2.0,5.0,2.0,4.0,0.111,0.7,8.6,False
PN-102852,23,COMMUNICATIONS,BOEING,737-800,KRİTİK DEĞİL,VAR,Yurtiçi tamir,8.0,6,1.5,0.56,3.2,0.9,1.0,2.0,4.0,2.0,3.0,0.0,0.0,8.6,False
PN-102692,77,ENGINE INDICATING,AIRBUS,A320-200,KRİTİK DEĞİL,VAR,Yurtiçi tamir,9.0,2,0.5,0.64,1.2,0.9,1.0,2.0,3.0,2.0,3.0,0.0,0.0,8.6,False
PN-101600,28,FUEL,AIRBUS,A321-200,KRİTİK DEĞİL,VAR,Yurtiçi tamir,4.0,19,4.75,0.69,13.1,0.9,1.0,2.0,7.0,2.0,6.0,0.053,0.7,8.5,False
PN-103518,56,WINDOWS,BOEING,737-800,KRİTİK DEĞİL,VAR,Yurtiçi tamir,8.0,6,1.34,0.56,2.9,0.9,1.0,2.0,4.0,2.0,3.0,0.167,0.5,8.5,False
PN-103203,24,ELECTRICAL POWER,BOEING,737-800,KRİTİK DEĞİL,VAR,Yurtiçi tamir,7.0,7,2.12,0.56,4.6,0.9,1.0,2.0,5.0,2.0,4.0,0.0,0.0,8.5,False
PN-101341,24,ELECTRICAL POWER,BOEING,737-800,KRİTİK DEĞİL,VAR,Yurtiçi tamir,8.0,6,1.21,0.56,2.6,0.9,1.0,2.0,4.0,2.0,3.0,0.0,0.0,8.5,False
PN-101458,27,FLIGHT CONTROLS,AIRBUS,A320-200,KRİTİK DEĞİL,VAR,Yurtiçi tamir,8.0,5,0.97,0.64,2.5,0.9,1.0,2.0,3.0,2.0,3.0,0.0,0.0,8.5,False
PN-103501,52,DOORS,AIRBUS,A320-200,KRİTİK DEĞİL,VAR,Yurtiçi tamir,9.0,0,0.0,0.64,0.0,0.9,0.0,0.0,0.0,0.0,0.0,0.0,0.0,8.5,False
PN-100161,56,WINDOWS,AIRBUS,A321-200,KRİTİK DEĞİL,VAR,Yurtiçi tamir,8.0,3,0.85,0.69,2.4,0.9,1.0,2.0,3.0,2.0,3.0,0.333,0.8,8.5,False
PN-104841,24,ELECTRICAL POWER,AIRBUS,A321-200,KRİTİK DEĞİL,VAR,Yurtiçi tamir,6.0,12,3.0,0.69,8.2,0.9,1.0,2.0,5.0,2.0,5.0,0.083,0.7,8.5,False
PN-102548,34,NAVIGATION,AIRBUS,A320-200,KRİTİK DEĞİL,VAR,Yurtiçi tamir,6.0,13,3.25,0.64,8.2,0.9,1.0,2.0,6.0,2.0,5.0,0.154,1.3,8.5,False
PN-104158,26,FIRE PROTECTION,BOEING,737-900ER,KRİTİK DEĞİL,VAR,Yurtiçi tamir,7.0,6,1.18,1.0,4.7,0.9,1.0,2.0,4.0,2.0,4.0,0.167,0.8,8.5,False
PN-101144,29,HYDRAULIC POWER,AIRBUS,A319-100,KRİTİK DEĞİL,VAR,Yurtiçi tamir,5.0,19,4.75,0.56,10.1,0.9,1.0,2.0,7.0,2.0,5.0,0.158,1.6,8.5,False
PN-102835,36,PNEUMATIC,BOEING,737-900ER,KRİTİK DEĞİL,VAR,Yurtiçi tamir,7.0,5,1.36,1.0,5.4,0.9,1.0,2.0,4.0,2.0,4.0,0.0,0.0,8.5,False
PN-104806,34,NAVIGATION,AIRBUS,A320-200,KRİTİK DEĞİL,VAR,Yurtiçi tamir,4.0,21,5.25,0.64,13.2,0.9,1.0,2.0,8.0,2.0,6.0,0.286,3.8,8.5,False
PN-103834,24,ELECTRICAL POWER,BOEING,737-800,KRİTİK DEĞİL,VAR,Yurtiçi tamir,7.0,10,2.5,0.56,5.4,0.9,1.0,2.0,5.0,2.0,4.0,0.1,0.5,8.5,False
PN-100084,52,DOORS,AIRBUS,A319-100,KRİTİK DEĞİL,VAR,Yurtiçi tamir,6.0,12,3.0,0.56,6.6,0.9,1.0,2.0,5.0,2.0,4.0,0.167,1.1,8.4,False
PN-101339,31,INDICATING / RECORDING SYSTEMS,AIRBUS,A321-200,KRİTİK DEĞİL,VAR,Yurtiçi tamir,8.0,3,0.65,0.69,1.7,0.9,1.0,2.0,3.0,2.0,3.0,0.0,0.0,8.4,False
PN-104857,52,DOORS,AIRBUS,A320-200,KRİTİK DEĞİL,VAR,Yurtiçi tamir,6.0,13,2.56,0.64,6.4,0.9,1.0,2.0,5.0,2.0,4.0,0.0,0.0,8.4,False
PN-100698,22,AUTO FLIGHT,AIRBUS,A320-200,KRİTİK DEĞİL,VAR,Yurtiçi tamir,8.0,3,0.7,0.64,1.8,0.9,1.0,2.0,3.0,2.0,3.0,0.0,0.0,8.4,False
PN-102875,35,OXYGEN,BOEING,737-800,KRİTİK DEĞİL,VAR,Yurtiçi tamir,8.0,4,0.85,0.56,1.8,0.9,1.0,2.0,3.0,2.0,3.0,0.25,0.5,8.4,False
PN-100723,24,ELECTRICAL POWER,BOEING,737-800,KRİTİK DEĞİL,VAR,Yurtiçi tamir,7.0,9,1.71,0.56,3.8,0.9,1.0,2.0,4.0,2.0,3.0,0.111,0.4,8.4,False
PN-102967,26,FIRE PROTECTION,AIRBUS,A320-200,KRİTİK DEĞİL,VAR,Yurtiçi tamir,7.0,7,1.75,0.64,4.4,0.9,1.0,2.0,4.0,2.0,4.0,0.286,1.3,8.4,False
PN-103974,23,COMMUNICATIONS,AIRBUS,A320-200,KRİTİK DEĞİL,VAR,Yurtiçi tamir,8.0,4,0.74,0.64,1.8,0.9,1.0,2.0,3.0,2.0,3.0,0.0,0.0,8.4,False
PN-103542,23,COMMUNICATIONS,BOEING,737-900ER,KRİTİK DEĞİL,VAR,Yurtiçi tamir,5.0,10,2.5,1.0,9.6,0.9,1.0,2.0,5.0,2.0,5.0,0.0,0.0,8.4,False
PN-101297,56,WINDOWS,BOEING,737-900ER,KRİTİK DEĞİL,VAR,Yurtiçi tamir,5.0,9,2.25,1.0,8.8,0.9,1.0,2.0,5.0,2.0,5.0,0.111,1.0,8.3,False
PN-104115,34,NAVIGATION,AIRBUS,A320-200,KRİTİK DEĞİL,VAR,Yurtiçi tamir,8.0,1,0.28,0.64,0.7,0.9,1.0,2.0,3.0,2.0,3.0,0.0,0.0,8.3,False
PN-101278,21,AIR CONDITIONING,BOEING,737-800,KRİTİK DEĞİL,VAR,Yurtiçi tamir,7.0,5,1.52,0.56,3.2,0.9,1.0,2.0,4.0,2.0,3.0,0.0,0.0,8.3,False
PN-102982,73,ENGINE FUEL AND CONTROL,AIRBUS,A321-200,KRİTİK DEĞİL,VAR,Yurtiçi tamir,7.0,5,0.99,0.69,2.7,0.9,1.0,2.0,3.0,2.0,3.0,0.2,0.5,8.3,False
PN-104124,73,ENGINE FUEL AND CONTROL,AIRBUS,A319-100,KRİTİK DEĞİL,VAR,Yurtiçi tamir,3.0,25,6.25,0.56,13.5,0.9,1.0,2.0,9.0,2.0,6.0,0.08,1.1,8.3,False
PN-101663,36,PNEUMATIC,AIRBUS,A321-200,KRİTİK DEĞİL,VAR,Yurtiçi tamir,8.0,0,0.0,0.69,0.0,0.9,0.0,0.0,0.0,0.0,0.0,0.0,0.0,8.3,False
PN-101921,35,OXYGEN,AIRBUS,A320-200,KRİTİK DEĞİL,VAR,Yurtiçi tamir,5.0,13,3.25,0.64,8.1,0.9,1.0,2.0,6.0,2.0,5.0,0.231,1.9,8.3,False
PN-101972,56,WINDOWS,BOEING,737-800,KRİTİK DEĞİL,VAR,Yurtiçi tamir,7.0,6,1.5,0.56,3.2,0.9,1.0,2.0,4.0,2.0,3.0,0.167,0.5,8.3,False
PN-103655,34,NAVIGATION,AIRBUS,A320-200,KRİTİK DEĞİL,VAR,Yurtiçi tamir,7.0,6,1.12,0.64,2.8,0.9,1.0,2.0,4.0,2.0,3.0,0.0,0.0,8.3,False
PN-104582,25,EQUIPMENT / FURNISHINGS,BOEING,737-900ER,KRİTİK DEĞİL,VAR,Yurtiçi tamir,5.0,9,2.3,1.0,8.8,0.9,1.0,2.0,5.0,2.0,5.0,0.111,1.0,8.3,False
PN-104061,21,AIR CONDITIONING,AIRBUS,A321-200,KRİTİK DEĞİL,VAR,Yurtiçi tamir,7.0,4,1.03,0.69,2.8,0.9,1.0,2.0,4.0,2.0,3.0,0.0,0.0,8.3,False
PN-104801,49,AIRBORNE AUXILIARY POWER (APU),BOEING,737-800,KRİTİK DEĞİL,VAR,Yurtiçi tamir,7.0,4,1.1,0.56,2.4,0.9,1.0,2.0,4.0,2.0,3.0,0.5,1.2,8.3,False
PN-102621,31,INDICATING / RECORDING SYSTEMS,AIRBUS,A321-200,KRİTİK DEĞİL,VAR,Yurtiçi tamir,6.0,7,1.88,0.69,5.2,0.9,1.0,2.0,4.0,2.0,4.0,0.143,0.7,8.3,False
PN-102272,28,FUEL,AIRBUS,A319-100,KRİTİK DEĞİL,VAR,Yurtiçi tamir,6.0,11,2.75,0.56,6.1,0.9,1.0,2.0,5.0,2.0,4.0,0.091,0.6,8.3,False
PN-102601,26,FIRE PROTECTION,AIRBUS,A321-200,KRİTİK DEĞİL,VAR,Yurtiçi tamir,8.0,1,0.28,0.69,0.8,0.9,1.0,2.0,3.0,2.0,3.0,0.0,0.0,8.3,False
PN-101359,30,ICE & RAIN PROTECTION,AIRBUS,A320-200,KRİTİK DEĞİL,VAR,Yurtiçi tamir,6.0,8,2.0,0.64,5.1,0.9,1.0,2.0,4.0,2.0,4.0,0.25,1.3,8.3,False
PN-104702,36,PNEUMATIC,AIRBUS,A319-100,KRİTİK DEĞİL,VAR,Yurtiçi tamir,8.0,0,0.0,0.56,0.0,0.9,0.0,0.0,0.0,0.0,0.0,0.0,0.0,8.3,False
PN-103988,31,INDICATING / RECORDING SYSTEMS,AIRBUS,A319-100,KRİTİK DEĞİL,VAR,Yurtiçi tamir,8.0,1,0.21,0.56,0.5,0.9,1.0,2.0,3.0,2.0,3.0,0.0,0.0,8.3,False
PN-104614,36,PNEUMATIC,BOEING,737-900ER,KRİTİK DEĞİL,VAR,Yurtiçi tamir,7.0,3,0.85,1.0,3.4,0.9,1.0,2.0,3.0,2.0,3.0,0.0,0.0,8.3,False
PN-103946,21,AIR CONDITIONING,BOEING,737-800,KRİTİK DEĞİL,VAR,Yurtiçi tamir,5.0,15,3.75,0.56,8.3,0.9,1.0,2.0,6.0,2.0,5.0,0.0,0.0,8.3,False
PN-104249,30,ICE & RAIN PROTECTION,BOEING,737-800,KRİTİK DEĞİL,VAR,Yurtiçi tamir,7.0,8,1.33,0.56,2.9,0.9,1.0,2.0,4.0,2.0,3.0,0.0,0.0,8.3,False
PN-100899,52,DOORS,BOEING,737-800,KRİTİK DEĞİL,VAR,Yurtiçi tamir,7.0,5,1.25,0.56,2.7,0.9,1.0,2.0,4.0,2.0,3.0,0.2,0.5,8.3,False
PN-101213,76,ENGINE CONTROLS,BOEING,737-800,KRİTİK DEĞİL,VAR,Yurtiçi tamir,6.0,10,2.5,0.56,5.5,0.9,1.0,2.0,5.0,2.0,4.0,0.1,0.5,8.3,False
PN-104012,56,WINDOWS,AIRBUS,A320-200,KRİTİK DEĞİL,VAR,Yurtiçi tamir,6.0,8,2.0,0.64,5.1,0.9,1.0,2.0,4.0,2.0,4.0,0.125,0.6,8.2,False
PN-100570,79,OIL,AIRBUS,A319-100,KRİTİK DEĞİL,VAR,Yurtiçi tamir,7.0,2,0.85,0.56,1.8,0.9,1.0,2.0,3.0,2.0,3.0,0.5,0.9,8.2,False
PN-104934,30,ICE & RAIN PROTECTION,AIRBUS,A319-100,KRİTİK DEĞİL,VAR,Yurtiçi tamir,7.0,7,1.1,0.56,2.4,0.9,1.0,2.0,4.0,2.0,3.0,0.0,0.0,8.2,False
PN-102007,24,ELECTRICAL POWER,AIRBUS,A320-200,KRİTİK DEĞİL,VAR,Yurtiçi tamir,7.0,4,0.85,0.64,2.1,0.9,1.0,2.0,3.0,2.0,3.0,0.25,0.5,8.2,False
PN-100310,56,WINDOWS,AIRBUS,A319-100,KRİTİK DEĞİL,VAR,Yurtiçi tamir,6.0,7,2.28,0.56,5.0,0.9,1.0,2.0,5.0,2.0,4.0,0.143,0.7,8.2,False
PN-100231,76,ENGINE CONTROLS,AIRBUS,A321-200,KRİTİK DEĞİL,VAR,Yurtiçi tamir,3.0,19,4.75,0.69,12.9,0.9,1.0,2.0,7.0,2.0,6.0,0.053,0.7,8.2,False
PN-104448,36,PNEUMATIC,BOEING,737-800,KRİTİK DEĞİL,VAR,Yurtiçi tamir,7.0,2,0.85,0.56,1.8,0.9,1.0,2.0,3.0,2.0,3.0,0.0,0.0,8.2,False
PN-103646,52,DOORS,BOEING,737-900ER,KRİTİK DEĞİL,VAR,Yurtiçi tamir,3.0,13,3.25,1.0,13.1,0.9,1.0,2.0,6.0,2.0,6.0,0.154,2.0,8.2,False
PN-104580,26,FIRE PROTECTION,BOEING,737-900ER,KRİTİK DEĞİL,VAR,Yurtiçi tamir,6.0,5,1.06,1.0,4.1,0.9,1.0,2.0,4.0,2.0,4.0,0.2,0.8,8.2,False
PN-102899,26,FIRE PROTECTION,AIRBUS,A319-100,KRİTİK DEĞİL,VAR,Yurtiçi tamir,6.0,8,2.0,0.56,4.4,0.9,1.0,2.0,4.0,2.0,4.0,0.375,1.7,8.2,False
PN-101851,27,FLIGHT CONTROLS,AIRBUS,A320-200,KRİTİK DEĞİL,VAR,Yurtiçi tamir,7.0,3,0.72,0.64,1.8,0.9,1.0,2.0,3.0,2.0,3.0,0.0,0.0,8.2,False
PN-101255,23,COMMUNICATIONS,AIRBUS,A321-200,KRİTİK DEĞİL,VAR,Yurtiçi tamir,7.0,3,0.57,0.69,1.6,0.9,1.0,2.0,3.0,2.0,3.0,0.333,0.5,8.2,False
PN-103364,25,EQUIPMENT / FURNISHINGS,BOEING,737-800,KRİTİK DEĞİL,VAR,Yurtiçi tamir,5.0,13,3.25,0.56,7.1,0.9,1.0,2.0,6.0,2.0,4.0,0.231,1.6,8.2,False
PN-103590,23,COMMUNICATIONS,AIRBUS,A320-200,KRİTİK DEĞİL,VAR,Yurtiçi tamir,7.0,4,0.74,0.64,1.9,0.9,1.0,2.0,3.0,2.0,3.0,0.25,0.5,8.2,False
PN-101015,74,IGNITION,BOEING,737-800,KRİTİK DEĞİL,VAR,Yurtiçi tamir,7.0,3,0.85,0.56,1.9,0.9,1.0,2.0,3.0,2.0,3.0,0.333,0.6,8.2,False
PN-102578,80,STARTING,AIRBUS,A321-200,KRİTİK DEĞİL,VAR,Yurtiçi tamir,5.0,9,2.25,0.69,6.1,0.9,1.0,2.0,5.0,2.0,4.0,0.111,0.7,8.1,False
PN-100581,74,IGNITION,AIRBUS,A320-200,KRİTİK DEĞİL,VAR,Yurtiçi tamir,7.0,1,0.28,0.64,0.7,0.9,1.0,2.0,3.0,2.0,3.0,0.0,0.0,8.1,False
PN-104516,30,ICE & RAIN PROTECTION,AIRBUS,A321-200,KRİTİK DEĞİL,VAR,Yurtiçi tamir,7.0,1,0.28,0.69,0.8,0.9,1.0,2.0,3.0,2.0,3.0,0.0,0.0,8.1,False
PN-101735,73,ENGINE FUEL AND CONTROL,AIRBUS,A320-200,KRİTİK DEĞİL,VAR,Yurtiçi tamir,7.0,1,0.21,0.64,0.5,0.9,1.0,2.0,3.0,2.0,3.0,0.0,0.0,8.1,False
PN-102930,25,EQUIPMENT / FURNISHINGS,AIRBUS,A321-200,KRİTİK DEĞİL,VAR,Yurtiçi tamir,7.0,1,0.28,0.69,0.8,0.9,1.0,2.0,3.0,2.0,3.0,1.0,0.8,8.1,False
PN-100710,56,WINDOWS,AIRBUS,A321-200,KRİTİK DEĞİL,VAR,Yurtiçi tamir,4.0,13,3.25,0.69,8.7,0.9,1.0,2.0,6.0,2.0,5.0,0.0,0.0,8.1,False
PN-102736,36,PNEUMATIC,AIRBUS,A320-200,KRİTİK DEĞİL,VAR,Yurtiçi tamir,6.0,7,1.55,0.64,3.9,0.9,1.0,2.0,4.0,2.0,3.0,0.0,0.0,8.1,False
PN-103777,76,ENGINE CONTROLS,BOEING,737-800,KRİTİK DEĞİL,VAR,Yurtiçi tamir,5.0,12,3.0,0.56,6.6,0.9,1.0,2.0,5.0,2.0,4.0,0.083,0.5,8.1,False
PN-101647,56,WINDOWS,BOEING,737-800,KRİTİK DEĞİL,VAR,Yurtiçi tamir,6.0,7,1.75,0.56,3.8,0.9,1.0,2.0,4.0,2.0,3.0,0.0,0.0,8.1,False
PN-103725,80,STARTING,AIRBUS,A320-200,KRİTİK DEĞİL,VAR,Yurtiçi tamir,6.0,5,1.36,0.64,3.5,0.9,1.0,2.0,4.0,2.0,3.0,0.0,0.0,8.1,False
PN-102097,76,ENGINE CONTROLS,AIRBUS,A320-200,KRİTİK DEĞİL,VAR,Yurtiçi tamir,5.0,10,2.5,0.64,6.3,0.9,1.0,2.0,5.0,2.0,4.0,0.1,0.6,8.1,False
PN-100347,79,OIL,AIRBUS,A320-200,KRİTİK DEĞİL,VAR,Yurtiçi tamir,6.0,4,0.85,0.64,2.1,0.9,1.0,2.0,3.0,2.0,3.0,0.0,0.0,8.0,False
PN-103253,30,ICE & RAIN PROTECTION,BOEING,737-800,KRİTİK DEĞİL,VAR,Yurtiçi tamir,6.0,3,0.9,0.56,2.0,0.9,1.0,2.0,3.0,2.0,3.0,0.0,0.0,8.0,False
PN-104345,35,OXYGEN,AIRBUS,A320-200,KRİTİK DEĞİL,VAR,Yurtiçi tamir,6.0,3,1.11,0.64,2.7,0.9,1.0,2.0,4.0,2.0,3.0,0.0,0.0,8.0,False
PN-100267,30,ICE & RAIN PROTECTION,BOEING,737-800,KRİTİK DEĞİL,VAR,Yurtiçi tamir,5.0,10,2.5,0.56,5.4,0.9,1.0,2.0,5.0,2.0,4.0,0.1,0.5,8.0,False
PN-102957,34,NAVIGATION,BOEING,737-800,KRİTİK DEĞİL,VAR,Yurtiçi tamir,5.0,9,2.25,0.56,4.9,0.9,1.0,2.0,5.0,2.0,4.0,0.0,0.0,8.0,False
PN-102853,23,COMMUNICATIONS,BOEING,737-800,KRİTİK DEĞİL,VAR,Yurtiçi tamir,5.0,10,2.5,0.56,5.4,0.9,1.0,2.0,5.0,2.0,4.0,0.4,2.1,8.0,False
PN-103762,36,PNEUMATIC,AIRBUS,A319-100,KRİTİK DEĞİL,VAR,Yurtiçi tamir,5.0,10,2.5,0.56,5.4,0.9,1.0,2.0,5.0,2.0,4.0,0.3,1.6,8.0,False
PN-103464,30,ICE & RAIN PROTECTION,BOEING,737-800,KRİTİK DEĞİL,VAR,Yurtiçi tamir,5.0,9,2.25,0.56,4.9,0.9,1.0,2.0,5.0,2.0,4.0,0.222,1.1,8.0,False
PN-104011,77,ENGINE INDICATING,AIRBUS,A320-200,KRİTİK DEĞİL,VAR,Yurtiçi tamir,6.0,4,0.85,0.64,2.1,0.9,1.0,2.0,3.0,2.0,3.0,0.25,0.5,8.0,False
PN-100437,79,OIL,AIRBUS,A320-200,KRİTİK DEĞİL,VAR,Yurtiçi tamir,7.0,0,0.0,0.64,0.0,0.9,0.0,0.0,0.0,0.0,0.0,0.0,0.0,8.0,False
PN-103294,25,EQUIPMENT / FURNISHINGS,BOEING,737-900ER,KRİTİK DEĞİL,VAR,Yurtiçi tamir,6.0,4,0.69,1.0,2.7,0.9,1.0,2.0,3.0,2.0,3.0,0.0,0.0,8.0,False
PN-100890,23,COMMUNICATIONS,AIRBUS,A320-200,KRİTİK DEĞİL,VAR,Yurtiçi tamir,6.0,4,0.85,0.64,2.2,0.9,1.0,2.0,3.0,2.0,3.0,0.0,0.0,8.0,False
PN-101778,29,HYDRAULIC POWER,AIRBUS,A321-200,KRİTİK DEĞİL,VAR,Yurtiçi tamir,4.0,7,2.68,0.69,7.3,0.9,1.0,2.0,5.0,2.0,4.0,0.143,1.0,7.9,False
PN-100613,31,INDICATING / RECORDING SYSTEMS,BOEING,737-800,KRİTİK DEĞİL,VAR,Yurtiçi tamir,6.0,2,0.5,0.56,1.1,0.9,1.0,2.0,3.0,2.0,3.0,0.0,0.0,7.9,False
PN-100628,35,OXYGEN,BOEING,737-800,KRİTİK DEĞİL,VAR,Yurtiçi tamir,6.0,3,0.57,0.56,1.2,0.9,1.0,2.0,3.0,2.0,3.0,0.0,0.0,7.9,False
PN-102737,25,EQUIPMENT / FURNISHINGS,AIRBUS,A320-200,KRİTİK DEĞİL,VAR,Yurtiçi tamir,6.0,3,0.72,0.64,1.9,0.9,1.0,2.0,3.0,2.0,3.0,0.0,0.0,7.9,False
PN-103926,35,OXYGEN,AIRBUS,A320-200,KRİTİK DEĞİL,VAR,Yurtiçi tamir,6.0,3,0.7,0.64,1.7,0.9,1.0,2.0,3.0,2.0,3.0,0.0,0.0,7.9,False
PN-102919,30,ICE & RAIN PROTECTION,AIRBUS,A321-200,KRİTİK DEĞİL,VAR,Yurtiçi tamir,4.0,10,2.5,0.69,6.8,0.9,1.0,2.0,5.0,2.0,4.0,0.3,2.0,7.9,False
PN-100551,31,INDICATING / RECORDING SYSTEMS,AIRBUS,A320-200,KRİTİK DEĞİL,VAR,Yurtiçi tamir,5.0,7,1.75,0.64,4.3,0.9,1.0,2.0,4.0,2.0,4.0,0.0,0.0,7.9,False
PN-102804,25,EQUIPMENT / FURNISHINGS,AIRBUS,A319-100,KRİTİK DEĞİL,VAR,Yurtiçi tamir,5.0,9,1.75,0.56,3.9,0.9,1.0,2.0,4.0,2.0,3.0,0.111,0.4,7.9,False
PN-103245,74,IGNITION,AIRBUS,A320-200,KRİTİK DEĞİL,VAR,Yurtiçi tamir,5.0,8,1.81,0.64,4.6,0.9,1.0,2.0,4.0,2.0,4.0,0.0,0.0,7.9,False
PN-104638,52,DOORS,BOEING,737-800,KRİTİK DEĞİL,VAR,Yurtiçi tamir,5.0,8,2.0,0.56,4.4,0.9,1.0,2.0,4.0,2.0,4.0,0.375,1.7,7.9,False
PN-103109,27,FLIGHT CONTROLS,BOEING,737-800,KRİTİK DEĞİL,VAR,Yurtiçi tamir,6.0,2,0.5,0.56,1.1,0.9,1.0,2.0,3.0,2.0,3.0,0.0,0.0,7.9,False
PN-102816,56,WINDOWS,AIRBUS,A319-100,KRİTİK DEĞİL,VAR,Yurtiçi tamir,5.0,6,1.4,0.56,3.0,0.9,1.0,2.0,4.0,2.0,3.0,0.167,0.5,7.8,False
PN-104536,23,COMMUNICATIONS,AIRBUS,A320-200,KRİTİK DEĞİL,VAR,Yurtiçi tamir,4.0,9,2.25,0.64,5.7,0.9,1.0,2.0,5.0,2.0,4.0,0.222,1.3,7.8,False
PN-104518,71,POWER PLANT,AIRBUS,A319-100,KRİTİK DEĞİL,VAR,Yurtiçi tamir,4.0,11,2.75,0.56,6.2,0.9,1.0,2.0,5.0,2.0,4.0,0.0,0.0,7.8,False
PN-104905,52,DOORS,AIRBUS,A319-100,KRİTİK DEĞİL,VAR,Yurtiçi tamir,5.0,6,1.31,0.56,2.8,0.9,1.0,2.0,4.0,2.0,3.0,0.0,0.0,7.8,False
PN-102567,52,DOORS,AIRBUS,A321-200,KRİTİK DEĞİL,VAR,Yurtiçi tamir,5.0,5,0.96,0.69,2.7,0.9,1.0,2.0,3.0,2.0,3.0,0.2,0.5,7.8,False
PN-102719,25,EQUIPMENT / FURNISHINGS,AIRBUS,A320-200,KRİTİK DEĞİL,VAR,Yurtiçi tamir,5.0,5,1.25,0.64,3.2,0.9,1.0,2.0,4.0,2.0,3.0,0.0,0.0,7.8,False
PN-104458,24,ELECTRICAL POWER,AIRBUS,A321-200,KRİTİK DEĞİL,VAR,Yurtiçi tamir,5.0,5,0.93,0.69,2.6,0.9,1.0,2.0,3.0,2.0,3.0,0.2,0.5,7.8,False
PN-100790,23,COMMUNICATIONS,AIRBUS,A321-200,KRİTİK DEĞİL,VAR,Yurtiçi tamir,6.0,0,0.0,0.69,0.0,0.9,0.0,0.0,0.0,0.0,0.0,0.0,0.0,7.8,False
PN-100191,52,DOORS,AIRBUS,A321-200,KRİTİK DEĞİL,VAR,Yurtiçi tamir,6.0,0,0.0,0.69,0.0,0.9,0.0,0.0,0.0,0.0,0.0,0.0,0.0,7.8,False
PN-104303,21,AIR CONDITIONING,AIRBUS,A321-200,KRİTİK DEĞİL,VAR,Yurtiçi tamir,5.0,4,1.1,0.69,3.0,0.9,1.0,2.0,4.0,2.0,3.0,0.0,0.0,7.8,False
PN-104223,35,OXYGEN,AIRBUS,A320-200,KRİTİK DEĞİL,VAR,Yurtiçi tamir,5.0,3,0.7,0.64,1.8,0.9,1.0,2.0,3.0,2.0,3.0,1.0,1.8,7.7,False
PN-100358,23,COMMUNICATIONS,BOEING,737-800,KRİTİK DEĞİL,VAR,Yurtiçi tamir,5.0,5,1.06,0.56,2.3,0.9,1.0,2.0,4.0,2.0,3.0,0.0,0.0,7.7,False
PN-100657,52,DOORS,AIRBUS,A319-100,KRİTİK DEĞİL,VAR,Yurtiçi tamir,5.0,4,1.06,0.56,2.3,0.9,1.0,2.0,4.0,2.0,3.0,0.0,0.0,7.7,False
PN-102815,23,COMMUNICATIONS,AIRBUS,A321-200,KRİTİK DEĞİL,VAR,Yurtiçi tamir,4.0,7,1.53,0.69,4.2,0.9,1.0,2.0,4.0,2.0,4.0,0.0,0.0,7.7,False
PN-100457,52,DOORS,AIRBUS,A319-100,KRİTİK DEĞİL,VAR,Yurtiçi tamir,4.0,7,1.75,0.56,3.8,0.9,1.0,2.0,4.0,2.0,3.0,0.143,0.5,7.6,False
PN-103408,56,WINDOWS,AIRBUS,A321-200,KRİTİK DEĞİL,VAR,Yurtiçi tamir,5.0,2,0.5,0.69,1.3,0.9,1.0,2.0,3.0,2.0,3.0,0.0,0.0,7.6,False
PN-102882,36,PNEUMATIC,BOEING,737-900ER,KRİTİK DEĞİL,VAR,Yurtiçi tamir,5.0,1,0.28,1.0,1.1,0.9,1.0,2.0,3.0,2.0,3.0,0.0,0.0,7.6,False
PN-100520,30,ICE & RAIN PROTECTION,AIRBUS,A321-200,KRİTİK DEĞİL,VAR,Yurtiçi tamir,5.0,2,0.53,0.69,1.4,0.9,1.0,2.0,3.0,2.0,3.0,0.5,0.7,7.6,False
PN-102799,31,INDICATING / RECORDING SYSTEMS,AIRBUS,A320-200,KRİTİK DEĞİL,VAR,Yurtiçi tamir,4.0,5,1.43,0.64,3.7,0.9,1.0,2.0,4.0,2.0,3.0,0.2,0.7,7.6,False
PN-102085,56,WINDOWS,BOEING,737-900ER,KRİTİK DEĞİL,VAR,Yurtiçi tamir,4.0,5,0.95,1.0,3.8,0.9,1.0,2.0,3.0,2.0,3.0,0.2,0.8,7.6,False
PN-104689,71,POWER PLANT,BOEING,737-800,KRİTİK DEĞİL,VAR,Yurtiçi tamir,4.0,10,1.67,0.56,3.6,0.9,1.0,2.0,4.0,2.0,3.0,0.2,0.7,7.6,False
PN-100913,80,STARTING,AIRBUS,A319-100,KRİTİK DEĞİL,VAR,Yurtiçi tamir,4.0,4,1.27,0.56,2.8,0.9,1.0,2.0,4.0,2.0,3.0,0.25,0.7,7.5,False
PN-100766,49,AIRBORNE AUXILIARY POWER (APU),AIRBUS,A320-200,KRİTİK DEĞİL,VAR,Yurtiçi tamir,4.0,2,0.85,0.64,2.1,0.9,1.0,2.0,3.0,2.0,3.0,0.5,1.0,7.5,False
PN-101244,76,ENGINE CONTROLS,AIRBUS,A320-200,KRİTİK DEĞİL,VAR,Yurtiçi tamir,3.0,9,2.25,0.64,5.7,0.9,1.0,2.0,5.0,2.0,4.0,0.111,0.6,7.5,False
PN-100538,36,PNEUMATIC,AIRBUS,A320-200,KRİTİK DEĞİL,VAR,Yurtiçi tamir,4.0,3,1.1,0.64,2.8,0.9,1.0,2.0,4.0,2.0,3.0,0.333,0.9,7.5,False
PN-104883,25,EQUIPMENT / FURNISHINGS,AIRBUS,A320-200,KRİTİK DEĞİL,VAR,Yurtiçi tamir,4.0,7,1.15,0.64,2.9,0.9,1.0,2.0,4.0,2.0,3.0,0.429,1.2,7.5,False
PN-103066,74,IGNITION,BOEING,737-800,KRİTİK DEĞİL,VAR,Yurtiçi tamir,4.0,4,0.91,0.56,1.9,0.9,1.0,2.0,3.0,2.0,3.0,0.5,1.0,7.4,False
PN-100817,23,COMMUNICATIONS,AIRBUS,A320-200,KRİTİK DEĞİL,VAR,Yurtiçi tamir,4.0,2,0.57,0.64,1.4,0.9,1.0,2.0,3.0,2.0,3.0,0.0,0.0,7.4,False
PN-100757,30,ICE & RAIN PROTECTION,AIRBUS,A321-200,KRİTİK DEĞİL,VAR,Yurtiçi tamir,4.0,2,0.42,0.69,1.2,0.9,1.0,2.0,3.0,2.0,3.0,0.0,0.0,7.4,False
PN-103887,25,EQUIPMENT / FURNISHINGS,AIRBUS,A320-200,KRİTİK DEĞİL,VAR,Yurtiçi tamir,4.0,2,0.42,0.64,1.0,0.9,1.0,2.0,3.0,2.0,3.0,0.0,0.0,7.4,False
PN-103983,56,WINDOWS,BOEING,737-800,KRİTİK DEĞİL,VAR,Yurtiçi tamir,4.0,3,0.46,0.56,1.0,0.9,1.0,2.0,3.0,2.0,3.0,0.0,0.0,7.3,False
PN-102432,25,EQUIPMENT / FURNISHINGS,BOEING,737-900ER,KRİTİK DEĞİL,VAR,Yurtiçi tamir,4.0,1,0.21,1.0,0.9,0.9,1.0,2.0,3.0,2.0,3.0,0.0,0.0,7.3,False
